:0200000460009A
:100000004643464200000156000000000103030081
:1000100000000000000000000000000000000000E0
:1000200000000000000000000000000000000000D0
:1000300000000000000000000000000000000000C0
:1000400000000000010408000000000000000000A3
:100050000000800000000000000000000000000020
:100060000000000000000000000000000000000090
:100070000000000000000000000000000000000080
:10008000EB04180A063204260000000000000000FD
:10009000050404240000000000000000000000002F
:1000A0000000000000000000000000000000000050
:1000B0000604000000000000000000000000000036
:1000C0000000000000000000000000000000000030
:1000D00020041808000000000000000000000000DC
:1000E0000000000000000000000000000000000010
:1000F0000000000000000000000000000000000000
:10010000D8041808000000000000000000000000F3
:100110000204180804200000000000000000000095
:1001200000000000000000000000000000000000CF
:10013000600400000000000000000000000000005B
:1001400000000000000000000000000000000000AF
:10015000000000000000000000000000000000009F
:10016000000000000000000000000000000000008F
:10017000000000000000000000000000000000007F
:10018000000000000000000000000000000000006F
:10019000000000000000000000000000000000005F
:1001A000000000000000000000000000000000004F
:1001B000000000000000000000000000000000003F
:1001C000000100000010000001000000000000001D
:1001D000000001000000000000000000000000001E
:1001E000000000000000000000000000000000000F
:1001F00000000000000000000000000000000000FF
:10020000FFFFFFFFFFFFFFFFFFFFFFFFFFFFFFFFFE
:10021000FFFFFFFFFFFFFFFFFFFFFFFFFFFFFFFFEE
:10022000FFFFFFFFFFFFFFFFFFFFFFFFFFFFFFFFDE
:10023000FFFFFFFFFFFFFFFFFFFFFFFFFFFFFFFFCE
:10024000FFFFFFFFFFFFFFFFFFFFFFFFFFFFFFFFBE
:10025000FFFFFFFFFFFFFFFFFFFFFFFFFFFFFFFFAE
:10026000FFFFFFFFFFFFFFFFFFFFFFFFFFFFFFFF9E
:10027000FFFFFFFFFFFFFFFFFFFFFFFFFFFFFFFF8E
:10028000FFFFFFFFFFFFFFFFFFFFFFFFFFFFFFFF7E
:10029000FFFFFFFFFFFFFFFFFFFFFFFFFFFFFFFF6E
:1002A000FFFFFFFFFFFFFFFFFFFFFFFFFFFFFFFF5E
:1002B000FFFFFFFFFFFFFFFFFFFFFFFFFFFFFFFF4E
:1002C000FFFFFFFFFFFFFFFFFFFFFFFFFFFFFFFF3E
:1002D000FFFFFFFFFFFFFFFFFFFFFFFFFFFFFFFF2E
:1002E000FFFFFFFFFFFFFFFFFFFFFFFFFFFFFFFF1E
:1002F000FFFFFFFFFFFFFFFFFFFFFFFFFFFFFFFF0E
:10030000FFFFFFFFFFFFFFFFFFFFFFFFFFFFFFFFFD
:10031000FFFFFFFFFFFFFFFFFFFFFFFFFFFFFFFFED
:10032000FFFFFFFFFFFFFFFFFFFFFFFFFFFFFFFFDD
:10033000FFFFFFFFFFFFFFFFFFFFFFFFFFFFFFFFCD
:10034000FFFFFFFFFFFFFFFFFFFFFFFFFFFFFFFFBD
:10035000FFFFFFFFFFFFFFFFFFFFFFFFFFFFFFFFAD
:10036000FFFFFFFFFFFFFFFFFFFFFFFFFFFFFFFF9D
:10037000FFFFFFFFFFFFFFFFFFFFFFFFFFFFFFFF8D
:10038000FFFFFFFFFFFFFFFFFFFFFFFFFFFFFFFF7D
:10039000FFFFFFFFFFFFFFFFFFFFFFFFFFFFFFFF6D
:1003A000FFFFFFFFFFFFFFFFFFFFFFFFFFFFFFFF5D
:1003B000FFFFFFFFFFFFFFFFFFFFFFFFFFFFFFFF4D
:1003C000FFFFFFFFFFFFFFFFFFFFFFFFFFFFFFFF3D
:1003D000FFFFFFFFFFFFFFFFFFFFFFFFFFFFFFFF2D
:1003E000FFFFFFFFFFFFFFFFFFFFFFFFFFFFFFFF1D
:1003F000FFFFFFFFFFFFFFFFFFFFFFFFFFFFFFFF0D
:10040000FFFFFFFFFFFFFFFFFFFFFFFFFFFFFFFFFC
:10041000FFFFFFFFFFFFFFFFFFFFFFFFFFFFFFFFEC
:10042000FFFFFFFFFFFFFFFFFFFFFFFFFFFFFFFFDC
:10043000FFFFFFFFFFFFFFFFFFFFFFFFFFFFFFFFCC
:10044000FFFFFFFFFFFFFFFFFFFFFFFFFFFFFFFFBC
:10045000FFFFFFFFFFFFFFFFFFFFFFFFFFFFFFFFAC
:10046000FFFFFFFFFFFFFFFFFFFFFFFFFFFFFFFF9C
:10047000FFFFFFFFFFFFFFFFFFFFFFFFFFFFFFFF8C
:10048000FFFFFFFFFFFFFFFFFFFFFFFFFFFFFFFF7C
:10049000FFFFFFFFFFFFFFFFFFFFFFFFFFFFFFFF6C
:1004A000FFFFFFFFFFFFFFFFFFFFFFFFFFFFFFFF5C
:1004B000FFFFFFFFFFFFFFFFFFFFFFFFFFFFFFFF4C
:1004C000FFFFFFFFFFFFFFFFFFFFFFFFFFFFFFFF3C
:1004D000FFFFFFFFFFFFFFFFFFFFFFFFFFFFFFFF2C
:1004E000FFFFFFFFFFFFFFFFFFFFFFFFFFFFFFFF1C
:1004F000FFFFFFFFFFFFFFFFFFFFFFFFFFFFFFFF0C
:10050000FFFFFFFFFFFFFFFFFFFFFFFFFFFFFFFFFB
:10051000FFFFFFFFFFFFFFFFFFFFFFFFFFFFFFFFEB
:10052000FFFFFFFFFFFFFFFFFFFFFFFFFFFFFFFFDB
:10053000FFFFFFFFFFFFFFFFFFFFFFFFFFFFFFFFCB
:10054000FFFFFFFFFFFFFFFFFFFFFFFFFFFFFFFFBB
:10055000FFFFFFFFFFFFFFFFFFFFFFFFFFFFFFFFAB
:10056000FFFFFFFFFFFFFFFFFFFFFFFFFFFFFFFF9B
:10057000FFFFFFFFFFFFFFFFFFFFFFFFFFFFFFFF8B
:10058000FFFFFFFFFFFFFFFFFFFFFFFFFFFFFFFF7B
:10059000FFFFFFFFFFFFFFFFFFFFFFFFFFFFFFFF6B
:1005A000FFFFFFFFFFFFFFFFFFFFFFFFFFFFFFFF5B
:1005B000FFFFFFFFFFFFFFFFFFFFFFFFFFFFFFFF4B
:1005C000FFFFFFFFFFFFFFFFFFFFFFFFFFFFFFFF3B
:1005D000FFFFFFFFFFFFFFFFFFFFFFFFFFFFFFFF2B
:1005E000FFFFFFFFFFFFFFFFFFFFFFFFFFFFFFFF1B
:1005F000FFFFFFFFFFFFFFFFFFFFFFFFFFFFFFFF0B
:10060000FFFFFFFFFFFFFFFFFFFFFFFFFFFFFFFFFA
:10061000FFFFFFFFFFFFFFFFFFFFFFFFFFFFFFFFEA
:10062000FFFFFFFFFFFFFFFFFFFFFFFFFFFFFFFFDA
:10063000FFFFFFFFFFFFFFFFFFFFFFFFFFFFFFFFCA
:10064000FFFFFFFFFFFFFFFFFFFFFFFFFFFFFFFFBA
:10065000FFFFFFFFFFFFFFFFFFFFFFFFFFFFFFFFAA
:10066000FFFFFFFFFFFFFFFFFFFFFFFFFFFFFFFF9A
:10067000FFFFFFFFFFFFFFFFFFFFFFFFFFFFFFFF8A
:10068000FFFFFFFFFFFFFFFFFFFFFFFFFFFFFFFF7A
:10069000FFFFFFFFFFFFFFFFFFFFFFFFFFFFFFFF6A
:1006A000FFFFFFFFFFFFFFFFFFFFFFFFFFFFFFFF5A
:1006B000FFFFFFFFFFFFFFFFFFFFFFFFFFFFFFFF4A
:1006C000FFFFFFFFFFFFFFFFFFFFFFFFFFFFFFFF3A
:1006D000FFFFFFFFFFFFFFFFFFFFFFFFFFFFFFFF2A
:1006E000FFFFFFFFFFFFFFFFFFFFFFFFFFFFFFFF1A
:1006F000FFFFFFFFFFFFFFFFFFFFFFFFFFFFFFFF0A
:10070000FFFFFFFFFFFFFFFFFFFFFFFFFFFFFFFFF9
:10071000FFFFFFFFFFFFFFFFFFFFFFFFFFFFFFFFE9
:10072000FFFFFFFFFFFFFFFFFFFFFFFFFFFFFFFFD9
:10073000FFFFFFFFFFFFFFFFFFFFFFFFFFFFFFFFC9
:10074000FFFFFFFFFFFFFFFFFFFFFFFFFFFFFFFFB9
:10075000FFFFFFFFFFFFFFFFFFFFFFFFFFFFFFFFA9
:10076000FFFFFFFFFFFFFFFFFFFFFFFFFFFFFFFF99
:10077000FFFFFFFFFFFFFFFFFFFFFFFFFFFFFFFF89
:10078000FFFFFFFFFFFFFFFFFFFFFFFFFFFFFFFF79
:10079000FFFFFFFFFFFFFFFFFFFFFFFFFFFFFFFF69
:1007A000FFFFFFFFFFFFFFFFFFFFFFFFFFFFFFFF59
:1007B000FFFFFFFFFFFFFFFFFFFFFFFFFFFFFFFF49
:1007C000FFFFFFFFFFFFFFFFFFFFFFFFFFFFFFFF39
:1007D000FFFFFFFFFFFFFFFFFFFFFFFFFFFFFFFF29
:1007E000FFFFFFFFFFFFFFFFFFFFFFFFFFFFFFFF19
:1007F000FFFFFFFFFFFFFFFFFFFFFFFFFFFFFFFF09
:10080000FFFFFFFFFFFFFFFFFFFFFFFFFFFFFFFFF8
:10081000FFFFFFFFFFFFFFFFFFFFFFFFFFFFFFFFE8
:10082000FFFFFFFFFFFFFFFFFFFFFFFFFFFFFFFFD8
:10083000FFFFFFFFFFFFFFFFFFFFFFFFFFFFFFFFC8
:10084000FFFFFFFFFFFFFFFFFFFFFFFFFFFFFFFFB8
:10085000FFFFFFFFFFFFFFFFFFFFFFFFFFFFFFFFA8
:10086000FFFFFFFFFFFFFFFFFFFFFFFFFFFFFFFF98
:10087000FFFFFFFFFFFFFFFFFFFFFFFFFFFFFFFF88
:10088000FFFFFFFFFFFFFFFFFFFFFFFFFFFFFFFF78
:10089000FFFFFFFFFFFFFFFFFFFFFFFFFFFFFFFF68
:1008A000FFFFFFFFFFFFFFFFFFFFFFFFFFFFFFFF58
:1008B000FFFFFFFFFFFFFFFFFFFFFFFFFFFFFFFF48
:1008C000FFFFFFFFFFFFFFFFFFFFFFFFFFFFFFFF38
:1008D000FFFFFFFFFFFFFFFFFFFFFFFFFFFFFFFF28
:1008E000FFFFFFFFFFFFFFFFFFFFFFFFFFFFFFFF18
:1008F000FFFFFFFFFFFFFFFFFFFFFFFFFFFFFFFF08
:10090000FFFFFFFFFFFFFFFFFFFFFFFFFFFFFFFFF7
:10091000FFFFFFFFFFFFFFFFFFFFFFFFFFFFFFFFE7
:10092000FFFFFFFFFFFFFFFFFFFFFFFFFFFFFFFFD7
:10093000FFFFFFFFFFFFFFFFFFFFFFFFFFFFFFFFC7
:10094000FFFFFFFFFFFFFFFFFFFFFFFFFFFFFFFFB7
:10095000FFFFFFFFFFFFFFFFFFFFFFFFFFFFFFFFA7
:10096000FFFFFFFFFFFFFFFFFFFFFFFFFFFFFFFF97
:10097000FFFFFFFFFFFFFFFFFFFFFFFFFFFFFFFF87
:10098000FFFFFFFFFFFFFFFFFFFFFFFFFFFFFFFF77
:10099000FFFFFFFFFFFFFFFFFFFFFFFFFFFFFFFF67
:1009A000FFFFFFFFFFFFFFFFFFFFFFFFFFFFFFFF57
:1009B000FFFFFFFFFFFFFFFFFFFFFFFFFFFFFFFF47
:1009C000FFFFFFFFFFFFFFFFFFFFFFFFFFFFFFFF37
:1009D000FFFFFFFFFFFFFFFFFFFFFFFFFFFFFFFF27
:1009E000FFFFFFFFFFFFFFFFFFFFFFFFFFFFFFFF17
:1009F000FFFFFFFFFFFFFFFFFFFFFFFFFFFFFFFF07
:100A0000FFFFFFFFFFFFFFFFFFFFFFFFFFFFFFFFF6
:100A1000FFFFFFFFFFFFFFFFFFFFFFFFFFFFFFFFE6
:100A2000FFFFFFFFFFFFFFFFFFFFFFFFFFFFFFFFD6
:100A3000FFFFFFFFFFFFFFFFFFFFFFFFFFFFFFFFC6
:100A4000FFFFFFFFFFFFFFFFFFFFFFFFFFFFFFFFB6
:100A5000FFFFFFFFFFFFFFFFFFFFFFFFFFFFFFFFA6
:100A6000FFFFFFFFFFFFFFFFFFFFFFFFFFFFFFFF96
:100A7000FFFFFFFFFFFFFFFFFFFFFFFFFFFFFFFF86
:100A8000FFFFFFFFFFFFFFFFFFFFFFFFFFFFFFFF76
:100A9000FFFFFFFFFFFFFFFFFFFFFFFFFFFFFFFF66
:100AA000FFFFFFFFFFFFFFFFFFFFFFFFFFFFFFFF56
:100AB000FFFFFFFFFFFFFFFFFFFFFFFFFFFFFFFF46
:100AC000FFFFFFFFFFFFFFFFFFFFFFFFFFFFFFFF36
:100AD000FFFFFFFFFFFFFFFFFFFFFFFFFFFFFFFF26
:100AE000FFFFFFFFFFFFFFFFFFFFFFFFFFFFFFFF16
:100AF000FFFFFFFFFFFFFFFFFFFFFFFFFFFFFFFF06
:100B0000FFFFFFFFFFFFFFFFFFFFFFFFFFFFFFFFF5
:100B1000FFFFFFFFFFFFFFFFFFFFFFFFFFFFFFFFE5
:100B2000FFFFFFFFFFFFFFFFFFFFFFFFFFFFFFFFD5
:100B3000FFFFFFFFFFFFFFFFFFFFFFFFFFFFFFFFC5
:100B4000FFFFFFFFFFFFFFFFFFFFFFFFFFFFFFFFB5
:100B5000FFFFFFFFFFFFFFFFFFFFFFFFFFFFFFFFA5
:100B6000FFFFFFFFFFFFFFFFFFFFFFFFFFFFFFFF95
:100B7000FFFFFFFFFFFFFFFFFFFFFFFFFFFFFFFF85
:100B8000FFFFFFFFFFFFFFFFFFFFFFFFFFFFFFFF75
:100B9000FFFFFFFFFFFFFFFFFFFFFFFFFFFFFFFF65
:100BA000FFFFFFFFFFFFFFFFFFFFFFFFFFFFFFFF55
:100BB000FFFFFFFFFFFFFFFFFFFFFFFFFFFFFFFF45
:100BC000FFFFFFFFFFFFFFFFFFFFFFFFFFFFFFFF35
:100BD000FFFFFFFFFFFFFFFFFFFFFFFFFFFFFFFF25
:100BE000FFFFFFFFFFFFFFFFFFFFFFFFFFFFFFFF15
:100BF000FFFFFFFFFFFFFFFFFFFFFFFFFFFFFFFF05
:100C0000FFFFFFFFFFFFFFFFFFFFFFFFFFFFFFFFF4
:100C1000FFFFFFFFFFFFFFFFFFFFFFFFFFFFFFFFE4
:100C2000FFFFFFFFFFFFFFFFFFFFFFFFFFFFFFFFD4
:100C3000FFFFFFFFFFFFFFFFFFFFFFFFFFFFFFFFC4
:100C4000FFFFFFFFFFFFFFFFFFFFFFFFFFFFFFFFB4
:100C5000FFFFFFFFFFFFFFFFFFFFFFFFFFFFFFFFA4
:100C6000FFFFFFFFFFFFFFFFFFFFFFFFFFFFFFFF94
:100C7000FFFFFFFFFFFFFFFFFFFFFFFFFFFFFFFF84
:100C8000FFFFFFFFFFFFFFFFFFFFFFFFFFFFFFFF74
:100C9000FFFFFFFFFFFFFFFFFFFFFFFFFFFFFFFF64
:100CA000FFFFFFFFFFFFFFFFFFFFFFFFFFFFFFFF54
:100CB000FFFFFFFFFFFFFFFFFFFFFFFFFFFFFFFF44
:100CC000FFFFFFFFFFFFFFFFFFFFFFFFFFFFFFFF34
:100CD000FFFFFFFFFFFFFFFFFFFFFFFFFFFFFFFF24
:100CE000FFFFFFFFFFFFFFFFFFFFFFFFFFFFFFFF14
:100CF000FFFFFFFFFFFFFFFFFFFFFFFFFFFFFFFF04
:100D0000FFFFFFFFFFFFFFFFFFFFFFFFFFFFFFFFF3
:100D1000FFFFFFFFFFFFFFFFFFFFFFFFFFFFFFFFE3
:100D2000FFFFFFFFFFFFFFFFFFFFFFFFFFFFFFFFD3
:100D3000FFFFFFFFFFFFFFFFFFFFFFFFFFFFFFFFC3
:100D4000FFFFFFFFFFFFFFFFFFFFFFFFFFFFFFFFB3
:100D5000FFFFFFFFFFFFFFFFFFFFFFFFFFFFFFFFA3
:100D6000FFFFFFFFFFFFFFFFFFFFFFFFFFFFFFFF93
:100D7000FFFFFFFFFFFFFFFFFFFFFFFFFFFFFFFF83
:100D8000FFFFFFFFFFFFFFFFFFFFFFFFFFFFFFFF73
:100D9000FFFFFFFFFFFFFFFFFFFFFFFFFFFFFFFF63
:100DA000FFFFFFFFFFFFFFFFFFFFFFFFFFFFFFFF53
:100DB000FFFFFFFFFFFFFFFFFFFFFFFFFFFFFFFF43
:100DC000FFFFFFFFFFFFFFFFFFFFFFFFFFFFFFFF33
:100DD000FFFFFFFFFFFFFFFFFFFFFFFFFFFFFFFF23
:100DE000FFFFFFFFFFFFFFFFFFFFFFFFFFFFFFFF13
:100DF000FFFFFFFFFFFFFFFFFFFFFFFFFFFFFFFF03
:100E0000FFFFFFFFFFFFFFFFFFFFFFFFFFFFFFFFF2
:100E1000FFFFFFFFFFFFFFFFFFFFFFFFFFFFFFFFE2
:100E2000FFFFFFFFFFFFFFFFFFFFFFFFFFFFFFFFD2
:100E3000FFFFFFFFFFFFFFFFFFFFFFFFFFFFFFFFC2
:100E4000FFFFFFFFFFFFFFFFFFFFFFFFFFFFFFFFB2
:100E5000FFFFFFFFFFFFFFFFFFFFFFFFFFFFFFFFA2
:100E6000FFFFFFFFFFFFFFFFFFFFFFFFFFFFFFFF92
:100E7000FFFFFFFFFFFFFFFFFFFFFFFFFFFFFFFF82
:100E8000FFFFFFFFFFFFFFFFFFFFFFFFFFFFFFFF72
:100E9000FFFFFFFFFFFFFFFFFFFFFFFFFFFFFFFF62
:100EA000FFFFFFFFFFFFFFFFFFFFFFFFFFFFFFFF52
:100EB000FFFFFFFFFFFFFFFFFFFFFFFFFFFFFFFF42
:100EC000FFFFFFFFFFFFFFFFFFFFFFFFFFFFFFFF32
:100ED000FFFFFFFFFFFFFFFFFFFFFFFFFFFFFFFF22
:100EE000FFFFFFFFFFFFFFFFFFFFFFFFFFFFFFFF12
:100EF000FFFFFFFFFFFFFFFFFFFFFFFFFFFFFFFF02
:100F0000FFFFFFFFFFFFFFFFFFFFFFFFFFFFFFFFF1
:100F1000FFFFFFFFFFFFFFFFFFFFFFFFFFFFFFFFE1
:100F2000FFFFFFFFFFFFFFFFFFFFFFFFFFFFFFFFD1
:100F3000FFFFFFFFFFFFFFFFFFFFFFFFFFFFFFFFC1
:100F4000FFFFFFFFFFFFFFFFFFFFFFFFFFFFFFFFB1
:100F5000FFFFFFFFFFFFFFFFFFFFFFFFFFFFFFFFA1
:100F6000FFFFFFFFFFFFFFFFFFFFFFFFFFFFFFFF91
:100F7000FFFFFFFFFFFFFFFFFFFFFFFFFFFFFFFF81
:100F8000FFFFFFFFFFFFFFFFFFFFFFFFFFFFFFFF71
:100F9000FFFFFFFFFFFFFFFFFFFFFFFFFFFFFFFF61
:100FA000FFFFFFFFFFFFFFFFFFFFFFFFFFFFFFFF51
:100FB000FFFFFFFFFFFFFFFFFFFFFFFFFFFFFFFF41
:100FC000FFFFFFFFFFFFFFFFFFFFFFFFFFFFFFFF31
:100FD000FFFFFFFFFFFFFFFFFFFFFFFFFFFFFFFF21
:100FE000FFFFFFFFFFFFFFFFFFFFFFFFFFFFFFFF11
:100FF000FFFFFFFFFFFFFFFFFFFFFFFFFFFFFFFF01
:10100000D1002043C51C006000000000000000006B
:101010002010006000100060001403600000000059
:10102000000000600020030000000000FFFFFFFF41
:10103000FFFFFFFFFFFFFFFFFFFFFFFFFFFFFFFFC0
:10104000FFFFFFFFFFFFFFFFFFFFFFFFFFFFFFFFB0
:10105000FFFFFFFFFFFFFFFFFFFFFFFFFFFFFFFFA0
:10106000FFFFFFFFFFFFFFFFFFFFFFFFFFFFFFFF90
:10107000FFFFFFFFFFFFFFFFFFFFFFFFFFFFFFFF80
:10108000FFFFFFFFFFFFFFFFFFFFFFFFFFFFFFFF70
:10109000FFFFFFFFFFFFFFFFFFFFFFFFFFFFFFFF60
:1010A000FFFFFFFFFFFFFFFFFFFFFFFFFFFFFFFF50
:1010B000FFFFFFFFFFFFFFFFFFFFFFFFFFFFFFFF40
:1010C000FFFFFFFFFFFFFFFFFFFFFFFFFFFFFFFF30
:1010D000FFFFFFFFFFFFFFFFFFFFFFFFFFFFFFFF20
:1010E000FFFFFFFFFFFFFFFFFFFFFFFFFFFFFFFF10
:1010F000FFFFFFFFFFFFFFFFFFFFFFFFFFFFFFFF00
:10110000FFFFFFFFFFFFFFFFFFFFFFFFFFFFFFFFEF
:10111000FFFFFFFFFFFFFFFFFFFFFFFFFFFFFFFFDF
:10112000FFFFFFFFFFFFFFFFFFFFFFFFFFFFFFFFCF
:10113000FFFFFFFFFFFFFFFFFFFFFFFFFFFFFFFFBF
:10114000FFFFFFFFFFFFFFFFFFFFFFFFFFFFFFFFAF
:10115000FFFFFFFFFFFFFFFFFFFFFFFFFFFFFFFF9F
:10116000FFFFFFFFFFFFFFFFFFFFFFFFFFFFFFFF8F
:10117000FFFFFFFFFFFFFFFFFFFFFFFFFFFFFFFF7F
:10118000FFFFFFFFFFFFFFFFFFFFFFFFFFFFFFFF6F
:10119000FFFFFFFFFFFFFFFFFFFFFFFFFFFFFFFF5F
:1011A000FFFFFFFFFFFFFFFFFFFFFFFFFFFFFFFF4F
:1011B000FFFFFFFFFFFFFFFFFFFFFFFFFFFFFFFF3F
:1011C000FFFFFFFFFFFFFFFFFFFFFFFFFFFFFFFF2F
:1011D000FFFFFFFFFFFFFFFFFFFFFFFFFFFFFFFF1F
:1011E000FFFFFFFFFFFFFFFFFFFFFFFFFFFFFFFF0F
:1011F000FFFFFFFFFFFFFFFFFFFFFFFFFFFFFFFFFF
:10120000FFFFFFFFFFFFFFFFFFFFFFFFFFFFFFFFEE
:10121000FFFFFFFFFFFFFFFFFFFFFFFFFFFFFFFFDE
:10122000FFFFFFFFFFFFFFFFFFFFFFFFFFFFFFFFCE
:10123000FFFFFFFFFFFFFFFFFFFFFFFFFFFFFFFFBE
:10124000FFFFFFFFFFFFFFFFFFFFFFFFFFFFFFFFAE
:10125000FFFFFFFFFFFFFFFFFFFFFFFFFFFFFFFF9E
:10126000FFFFFFFFFFFFFFFFFFFFFFFFFFFFFFFF8E
:10127000FFFFFFFFFFFFFFFFFFFFFFFFFFFFFFFF7E
:10128000FFFFFFFFFFFFFFFFFFFFFFFFFFFFFFFF6E
:10129000FFFFFFFFFFFFFFFFFFFFFFFFFFFFFFFF5E
:1012A000FFFFFFFFFFFFFFFFFFFFFFFFFFFFFFFF4E
:1012B000FFFFFFFFFFFFFFFFFFFFFFFFFFFFFFFF3E
:1012C000FFFFFFFFFFFFFFFFFFFFFFFFFFFFFFFF2E
:1012D000FFFFFFFFFFFFFFFFFFFFFFFFFFFFFFFF1E
:1012E000FFFFFFFFFFFFFFFFFFFFFFFFFFFFFFFF0E
:1012F000FFFFFFFFFFFFFFFFFFFFFFFFFFFFFFFFFE
:10130000FFFFFFFFFFFFFFFFFFFFFFFFFFFFFFFFED
:10131000FFFFFFFFFFFFFFFFFFFFFFFFFFFFFFFFDD
:10132000FFFFFFFFFFFFFFFFFFFFFFFFFFFFFFFFCD
:10133000FFFFFFFFFFFFFFFFFFFFFFFFFFFFFFFFBD
:10134000FFFFFFFFFFFFFFFFFFFFFFFFFFFFFFFFAD
:10135000FFFFFFFFFFFFFFFFFFFFFFFFFFFFFFFF9D
:10136000FFFFFFFFFFFFFFFFFFFFFFFFFFFFFFFF8D
:10137000FFFFFFFFFFFFFFFFFFFFFFFFFFFFFFFF7D
:10138000FFFFFFFFFFFFFFFFFFFFFFFFFFFFFFFF6D
:10139000FFFFFFFFFFFFFFFFFFFFFFFFFFFFFFFF5D
:1013A000FFFFFFFFFFFFFFFFFFFFFFFFFFFFFFFF4D
:1013B000FFFFFFFFFFFFFFFFFFFFFFFFFFFFFFFF3D
:1013C000FFFFFFFFFFFFFFFFFFFFFFFFFFFFFFFF2D
:1013D000FFFFFFFFFFFFFFFFFFFFFFFFFFFFFFFF1D
:1013E000FFFFFFFFFFFFFFFFFFFFFFFFFFFFFFFF0D
:1013F000FFFFFFFFFFFFFFFFFFFFFFFFFFFFFFFFFD
:10140000824205D051F8043B40F8043B8242F9D8AF
:101410007047044A04494FF0000342F8043B9142EC
:10142000FBD87047C06E002020120520BFB5BFF367
:101430004F8F774B08227749C3F85421764A774873
:10144000C3F80021764A774EC3F8F020764AFFF7BA
:10145000D7FF764A76497748FFF7D2FFFFF7D9FFE3
:101460004FF0E0234FF47002C3F8882D0023724A36
:1014700046F823200133B02BFAD1704B8021704AFB
:1014800003F8011B9342FBD14FF0E0236D49C3F8F1
:10149000086DD3F8242D42F4E022C3F8242DCA6944
:1014A00022F07F0242F04002CA614A6A22F07F02C3
:1014B00042F040024A624FF0FF31634A9166D166C2
:1014C0001167516700221021C3F8942DC3F89C1DA9
:1014D0005E49C3F8A01D1121C3F89C1D5C49C3F8E7
:1014E000A01D1221C3F89C1D5A49C3F8A01D5A49DA
:1014F000C3F89C1D5949C3F8A01D5949C3F89C1D48
:101500005849C3F8A01D584941F01501C3F89C1D66
:101510005649C3F8A01D01F181510D31C3F89C1D3E
:101520005349C3F8A01D5349C3F89C1D5249C3F841
:10153000A01D5249C3F89C1D5149C3F8A01D514933
:10154000C3F89C1D5049C3F8A01D5049C3F89C1D09
:101550004F49C3F8A01D00BF00BF00BF00BF00BFC0
:101560000121C3F8941DBFF34F8FBFF36F8FC3F8F2
:10157000502FBFF34F8FBFF36F8FD3F8141D402050
:10158000444C4FF4805741F440314FF4005C4FF429
:10159000404E43F24208C3F8141D3F49B1633F492E
:1015A000F163632159614FF480319A6103221A611A
:1015B0003B4AC3F8202DD3F8FC2D42F08072C3F8CB
:1015C000FC2DA3F550431A6842F001021A605B68D3
:1015D00063600F4B1A69950705D5C3F818E0596188
:1015E000C3F81880F6E7950402D4C3F814C0F1E7F5
:1015F000D50401D45F61EDE7002AEBDA12F48035FF
:1016000001D09961E6E752064CD45861E2E700BF89
:1016100000800D40582800601B10182000000000BA
:101620000C0D1113006C0020387B0200C06E0020EE
:1016300094A30260000000201DEC010000E400E023
:10164000A0E400E000C00F4000C00A403F000010CE
:1016500025000807090010001300200021000207E0
:101660001400002025000813201205200900001096
:1016700027000B1317000040330010131800006000
:101680002F000B071900007031000B131A000080A7
:101690003B000B136088002029CC010059CC0100CD
:1016A00000002020934800F0FBFE934AD36E43F4E1
:1016B0004053D366914B1D60C3F80851C3F81851CD
:1016C000C3F82851C3F8385103F5A0239A6BD20709
:1016D00008D48B4A5A6542F615621A659A6B42F035
:1016E00001029A639A68874942F00112864D9A6016
:1016F000864B874AC3F85C22C3F86012C3F86422A1
:10170000A2F53042C3F8682202F5E042C3F86C2229
:10171000C3F87022C3F87422C3F878221822DA665C
:101720001A675A679A67DA67C3F88020C3F884207B
:10173000C3F888200122C3F82C27C3F83027C3F848
:101740003427C3F83827C3F83C27C3F850276A4A20
:10175000936923F0604323F4407343F0004343F460
:1017600040739361D2F8843043F00C03C2F88430A4
:10177000684B1A6842F002021A601968664A21F43E
:10178000F14121F073010904090C0A4363491A600D
:101790004FF0FF325A6002F57702886802F5605216
:1017A00002405F4842F000529A60DA6822F0780204
:1017B000DA601A6A2A4002431A621A6A2A4002430D
:1017C00021205A62574A9A62DA62D1F8B82022F090
:1017D0003F0242F00102C3F8B820D1F8BC2000213A
:1017E00022F03F0242F00102C3F8BC2040F2056241
:1017F00019611867C3F880205867C3F884201A68F5
:10180000494822F002021A60484A9A610222DA61CB
:10181000474A42F8041B8242FBD11A683D4D42F010
:1018200001021A60296811F00101FBD13F4B084603
:10183000AB610223EB6140F2F563C5F8003240F280
:101840006643C5F8103240F29943C5F82032394B4F
:10185000C5F8303242F20143C5F8343240F2354324
:10186000C5F84032344BC5F85032344BC5F85432C9
:10187000334BC5F8603242F20123C5F8643201915E
:1018800000F04AFA0746002800F0648183020199BB
:1018900004202B6600F02EFA39050846019100F06D
:1018A0003BFA07440199FFB284F8C87220B1800264
:1018B0006866042000F01EFA224A234B9B1A13EBA1
:1018C000075340F02981D4F8CC02002840D0D4F846
:1018D000D022002A3CD00C23B2FBF3F103FB1121F0
:1018E000B1BBD4F8D4320BB100F0F2FD10220021CC
:1018F00016482CE10054EA2A00C00F40004008407E
:101900000000C056F910010000FFF07C00801F406D
:10191000F9B0010000402A401200FFFF00802A4079
:1019200040000080FF000F8300432A40F05AF05A25
:1019300000422A409F041830EB06180A063201269E
:101940003806180A00000070000000702C8B002080
:1019500000F0CAFD16230360C54BDA6E42F4403234
:10196000DA66DA6E42F44072DA66A3F5603340F26A
:1019700037625A64A0229A649A6C1706FCD4BD4B55
:1019800040F237625A64A0229A649D6C15F080057B
:10199000FBD1B74AB3EE096AB748936FB74F43F428
:1019A0007F039FEDB75A9367D2F8803043F07C43B2
:1019B00043F44033C2F8803000F062FD00F580400F
:1019C00000F05EFD00F5804000F05AFD00F580401B
:1019D00000F056FDA0F5031000F042FD00F5804038
:1019E00000F03EFD00F5804000F03AFDA54AD2F837
:1019F000803023F00103C2F880300323C2F8903016
:101A0000D7F8E030D9B2C3F30B201B0D07EE901AC4
:101A1000C4F86411C4F86801B8EEE77A07EE900ADA
:101A2000F8EEE76A07EE903A37EE455AD2F8803082
:101A3000F8EEE77A37EE466A77EEE67A84ED5B6A8F
:101A400025EE275AC4ED5C7AC5EE065A75EEA65A05
:101A5000FCEEE55A15EE901ADFED8B5A37EE657AFB
:101A600043EA0153C2F8803027EE277A874B66EEAF
:101A7000277AD2F89011C7EE065A35EEA67ABCEE58
:101A8000C77A17EE100A87EE867A03EA00430B4303
:101A9000C2F89031D2F8901177EE267AFCEEE77A10
:101AA00017EE903AC3F30B030B43C2F89031D2F810
:101AB000803043F00203C2F88030754B83F8405009
:101AC000744BC6F840314FF0E0230122724CC3F84A
:101AD00008212368132BFCD9704B40F6617200215A
:101AE0004FF00A0EC3F82021D7F820326C4A23F0B9
:101AF0007F4393423CBF0A22534303AA9446092BD7
:101B0000B3FBFEF70EFB173000F130000CF8010BB1
:101B100025D901313B46F2E70C21C4E9B323002269
:101B2000C4F8D822B3FBF1F201FB123242B19B1A86
:101B3000F02BC4F8D03203D800F0D6FC1C230AE7FF
:101B40000123D4F8D02200215648C4F8D43200F042
:101B5000BFFC01E71022014684F8C802C8E601F183
:101B6000180000235718684400F80B3C1046A1EBFE
:101B7000030C9C4571DC4C4912F8010B2B460135D6
:101B800020B10A2D21F8020FF6D12B460133474A26
:101B900047495B0082F80C32354AD2F8803043F076
:101BA0000303C2F8803040F20442424BC3F8602184
:101BB000414A1068084203D1D3F8A8118D071AD002
:101BC0004FF000415163D3F8402142F00202C3F8C4
:101BD0004021384AD2F840319807FBD44FF0E02337
:101BE0004FF400321920C3F88C224FF00042324BE0
:101BF0009A6300F04DFC304B00214FF080422D4D98
:101C00009A634FF4207219600A23C5F8A8312B4B50
:101C1000184600F05DFC4FF4810240F2431302606D
:101C20004FF480020264C5F85801C5F84831244BCE
:101C3000C6F804324FF0E0234FF40032C3F80C2111
:101C40000123C5F840312368B3F5967FFBD300F03C
:101C50004FF800F041FC00F01FFC90F800C0013389
:101C600097F800E000F801EB07F801C97FE700BF33
:101C700000C00F4000800C4000C03D4000441F40A9
:101C80000000AA4200810D400000B4420000FF0F96
:101C900000E400E09DED01003872002000800D405E
:101CA0008096980000000070986800208C660020E4
:101CB000001C1E0000002E4000900D40000000207F
:101CC0006DE60100054B064A5A64064A1A644FF451
:101CD0002A029A63044B9D46FFF7A8FB00C00A4006
:101CE000FFABAAAA0700200000800520000000002A
:101CF00000BF7047074B00040122C3F8A010C3F8CF
:101D0000A400C3F8B0205A69D207FCD501225A6159
:101D1000704700BF00402A400146002008B5FFF789
:101D2000E9FF0120FFF7E6FF0220FFF7E3FF134B77
:101D3000134AC3F8A010C3F8A4200122C3F8B020AE
:101D40005A69D207FCD5D3F8000121225A6183B227
:101D500045F60D5293420ED045F69D52934208D15E
:101D6000C0F34250032806D0031F584258410001D7
:101D700008BD0020FCE70820FAE700BF00402A4029
:101D80000400030070B5104CD4F880300B2B18D130
:101D90004FF0FF330D4A0E4E0E4D116804324B408A
:101DA000202103F00100013906FB00F080EA530313
:101DB000F7D1AA42F1D1D4F8A800C31A5842584129
:101DC00070BD0020FCE700BF00FF272080FF272018
:101DD0002083B8EDA8FF272008B50F4B1B6E9B078B
:101DE00000D4FBBE72B60D4B0022C3F84021A3F510
:101DF0000D130B4A1A64A3F1FF53A3F52B239D4641
:101E0000BFF34F8F0748084B03604FF40013DB69A3
:101E10009B689847E6E700BF00441F4000002E4043
:101E20000300200000802020000012EB2DE9F04F7D
:101E30002DED028B87B00C46FFF7A4FF002800F0C1
:101E40002882AB4E2046AB494FF03C0800F038FBEF
:101E5000D6F8A470A8492046B7FBF8F9B9FBF8F505
:101E6000C6F8A45000F03CFB18232046B5FBF3F164
:101E700003FB1151C9B200F007FBA049204600F056
:101E80002FFB08FB15912046C9B200F0FDFA9B49D3
:101E9000204600F025FB08FB19712046C9B200F06E
:101EA0000BFB9749204600F01BFBD6F89810204604
:101EB00000F00AFBD6F88850002D51D091492046F9
:101EC00000F00EFBD6F88810204600F0FDFAEA0775
:101ED00040F1D1808C49204600F0F2FA2A0626D53E
:101EE0008A49204600F0FCFAD6F89010204600F00F
:101EF000BFFAD6F890201F2A00F2CE8084492046EF
:101F000000F0EEFAD6F89810204600F0B1FA8149B8
:101F1000204600F0E5FAD6F89810204600F0A8FA1E
:101F20007D49204600F0DCFA204600F09DFAEB05E2
:101F300040F1BC807949204600F0C2FA2F0408D550
:101F40007749204600F0CCFAD6F89410204600F0ED
:101F5000BBFAE80340F1BF807249204600F0B0FAB6
:101F6000D6F88C507DB17049204600F0B9FAD6F809
:101F70008C10204600F0A8FAA80740F12A816B498E
:101F8000204600F09DFA6A49204600F0A9FAD6EDF5
:101F9000286AB7EEE67AB4EE477BF1EE10FAC0F1AC
:101FA0001D816449204600F07FFA6349204600F015
:101FB00087FA6249204600F093FA614B204619687F
:101FC000604BB1FBF3F100F057FA5F49204600F097
:101FD00077FA5E4B9E68B20708D51A6B20465C4BB9
:101FE0009A420CBF5B495C4900F06AFA770703D557
:101FF0005A49204600F064FA350703D5584920466F
:1020000000F05EFAF00603D55649204600F058FA73
:10201000B10603D55449204600F052FA720603D5A2
:102020005249204600F04CFA330603D55049204669
:1020300000F046FA16F4807600F041814D492046C2
:1020400000F03EFA414A4C492046936823F48073DD
:10205000936000F035FA4949204600F031FA484BC8
:1020600007221A64474A936B43F040039363BFF31C
:102070004F8F30BFFDE7AB0701D543492BE72F0753
:1020800001D5424927E7E80601D5414923E7A906DA
:102090007FF524AF3F491EE73F4B9A42FFF444AF20
:1020A00020339A42BFF440AF3C493AE7AF0501D52F
:1020B0003B4940E7680501D53A493CE7290501D588
:1020C000394938E7EA0401D5384934E7AB047FF5EC
:1020D00035AF37492FE7A90301D536493DE76A03F4
:1020E00001D5354939E72B036AD5344935E700BFB7
:1020F00000FF2720CD580020DA580020B5550020D9
:1021000001590020265900202F590020F5590020A0
:10211000175A0020375A0020775A0020D85A00203A
:10212000125C0020345C00200F5D0020185D002050
:102130005B5D00207E5D00208A5D00208F5D0020B9
:102140008C65002040420F00AD5D002000800F40F4
:10215000F100AD0B095F0020525F0020935F00206B
:10216000BB5F0020E65F00200D600020376000208C
:10217000596000207B600020A5600020C76000201F
:1021800000C00A4000400D40585900207A590020F4
:10219000A4590020CA59002020120520955A002079
:1021A000F95A0020275B00206C5B0020AC5B00200C
:1021B000E05B0020585C00208A5C0020B35C0020BB
:1021C000EF0101D58C49C8E6AD017FF5C9AE8B4959
:1021D000C3E669007FF5D7AE8949D1E6B0EEC75BAB
:1021E0009FED814BB4EE445BF1EE10FA01DD8549C1
:1021F000D8E69FED856AF4EEC66AF1EE10FA01DDCD
:102200008249CFE69FED826AF4EEC66AF1EE10FADB
:10221000F6D4F5EEC06A0A222046F1EE10FA9FEDE0
:10222000746B46BFB1EE477B0123002337EE067B7C
:10223000FCEEC76BB8EE668B16EE901A37EE488B45
:1022400000F056F9B2EE045B2E2302A920468DF869
:10225000083028EE057BFCEEC76BCDED016A9DF8DA
:10226000043006EE903A03F13002B8EEE66B8DF8DA
:102270000920032237EE467B27EE057BBCEEC77BA9
:1022800017EE103A30338DF80A3023685B689847B0
:102290008BE66049204600F013F95F49204600F0C4
:1022A0000FF95E49204600F00BF95D49204600F029
:1022B00007F95C49204600F003F95B4986E65B4D6F
:1022C0005B4FD5F8C030DFF88081002B3ED1002372
:1022D000C5E92033C5E92233C5E92433C5E92633EE
:1022E000C5F8A830BFF34F8F4FF0E0225149C2F834
:1022F000701F2031C2F8701FBFF34F8FBFF36F8F75
:102300004D4A916891604D491363C1F8C03F012364
:10231000474A104602320088424513FA80F31E44B1
:10232000F7D19BB243EA0643C1F8DC3FBFF34F8FBE
:102330004FF0E023C3F8687FBFF34F8FBFF36F8F79
:10234000012007B0BDEC028BBDE8F08FD5F8DC00B2
:10235000314601233A4694460232BCF800C0424559
:1023600013FA8CF31944F6D19BB243EA0143984225
:10237000ADD14FF00009324ADFF8D0A0DFF8D0B07D
:102380000121D5F8C0004B4601FA09F109F1010914
:10239000014222D011462046019300F0A1F849469F
:1023A000204600F085F85146204600F099F8019B40
:1023B000204607EB83035968019300F05DF8594606
:1023C000204600F08DF8019B2046596800F050F837
:1023D0001C49204600F074F8194AB9F1060FCFD114
:1023E00075E700BFAFF30080FFFFFFFFFFFFEF7F48
:1023F0007C14AE47E17A743FCA5C0020F35C002095
:102400003F5D0020825D0020FFFF7F4F865D002042
:10241000FFFF7FCFB15D0020C95D0020125E00206C
:102420005C5E0020815E0020C95E002000FF272046
:10243000C0FF272080FF272000800F4000F02720CA
:102440000A610020AC570020DCFF2720785D0020C7
:1024500019610020F8B500BFF8BC08BC9E46704763
:102460005FF800F0C9D401005FF800F079E20100E4
:102470005FF800F04FE301005FF800F06D9B000093
:102480005FF800F057D401005FF800F0659B000092
:102490005FF800F0F9F001005FF800F0BD2D0200D8
:1024A0005FF800F0C5D101005FF800F02B9B000041
:1024B0005FF800F03FE301005FF800F0759B00005B
:1024C0005FF800F0519B00005FF800F055E3010059
:1024D0005FF800F0AD4302005FF800F045450200F0
:1024E0005FF800F04F9B00005FF800F0B94A02006F
:1024F0005FF800F0DBE20100317A00006D3D020080
:102500009A460020A7460020C1460020D946002058
:10251000033C0020FF3E0020883E002011420020A6
:10252000E84100204D3C002021420020594200207B
:102530001F440020F6410020FF430020BE3D002044
:1025400091440020943E0020D0420020313C0020E5
:102550007C410020223C0020283E0020AD3E00208F
:102560008941002080410020423C0020F53E0020AF
:10257000063F0020683F0020C33E0020D03E0020E0
:10258000DD3E0020E63E0020C33900205B3C0020F9
:10259000AF420020EC430020314300204F43002095
:1025A0007D3F0020204100204E4100206443002058
:1025B000D243002099430020843C00204F3D00205E
:1025C0007B3D00209B3B0020653F0020F93F002021
:1025D00009400020253F0020563F00201A400020DF
:1025E0002F40002045400020584000206C40002033
:1025F000A4400020B9400020E9400020FB4000201A
:102600000D410020843B0020943B00208F3B0020A4
:102610008A3B002006410020ED460020A642002013
:1026200008430020174300201C43002021430020C2
:1026300029430020884400200C42002099420020B9
:10264000384200209F3B0020134400209B3F002085
:10265000A73F0020B43F0020C53F0020D43F00200A
:10266000E43F0020F13F002040420020494200208A
:102670005342002080400020CA400020F546002040
:10268000F9460020FD4600200147002005470020B4
:10269000094700200D470020114700201547002062
:1026A000194700201D470020214700202547002012
:1026B000294700202D4700203147002035470020C2
:1026C000394700203D470020374400203D4400208A
:1026D000454400204A440020824400205044002009
:1026E000564400205D440020664400206B440020D6
:1026F0007544002080440020EF3B0020FB42002076
:10270000AC370020414700204A47002056470020B0
:102710006B4700207C4700208C4700209B4700200F
:10272000A8470020B6470020AB440020C84700203F
:10273000FB3B0020033F0020D7470020DA3E00206B
:102740000E490020B9480020184900202D490020DA
:1027500023490020FE48002009026200030100C056
:1027600032080B000202020100090400000102020B
:1027700001000524001001052401010104240206C2
:10278000052406000107058203100010090401005A
:10279000020A00000007050302400000070584024A
:1027A0004000000904020002FF6AFF0007058102E1
:1027B0004000010705010240000109026200030117
:1027C00000C032080B0002020201000904000001EF
:1027D0000202010005240010010524010101042466
:1027E00002060524060001070582031000050904FE
:1027F0000100020A000000070503020002000705AD
:1028000084020002000904020002FF6AC7000705F3
:1028100081020002010705010200020116035500B2
:1028200053004200200053006500720069006100FF
:102830006C0018035400650065006E007300790099
:102840006400750069006E006F00040309040A0645
:082850000002EF02014001004B
:102858000000000000000000000000000000000070
:102868000000000000000000000000000000000060
:10287800814B18422DE9F04F83B040F0CD807F4B5B
:102888001B689F0660D47E4B000C7E4C1B68DA09DF
:10289800990A03F0070302F0380201F0C0010A4365
:1028A80042EA030194F840380A46002B4FD0764B91
:1028B8001B68DE044BD494F841388BBB94F843383A
:1028C80003F0FF0563BB94F84438032B28D0022893
:1028D80001F0B280032801F09380012801F05B80A9
:1028E80094F84738DBB210B9272B01F26B8394F8C0
:1028F800455805F0FF03002D01F03C83013B022BF6
:102908000ED8B4F848389BB2FF2B05D8B4F848382D
:1029180001339BB2A4F848385C4B5B68C4F84C3868
:1029280094F85638053B072B0ED8DFE813F07001F2
:102938005B010D000D00250125010800510143F63A
:10294800FF73984200F0128203B0BDE8F08F94F84C
:102958004238002BE4D094F85038002BE0D194F89A
:102968005138002BDCD194F85238002B40F0E08528
:10297800454B1D68B5F5806FD2D24FF6C07505403E
:10298800B5F57F5FCCD194F85358002D01F08681BE
:102998004500C0F3C00605F00E0584F8546884F8B5
:1029A8005558C7061D6854BF45F4007525F40075D1
:1029B8001D60C0F3401584F850581D683F2D1D68F0
:1029C80041F25C81B5F5007F1D68C1F0DF82B5F585
:1029D800006FC1F0D4831D68B5F5805FC1F09184A4
:1029E8004FF480759D800C2584F85658B4F85868C3
:1029F8009D88ADB2354001F0358194F85658063DB2
:102A0800062D01F2C185DFE815F023042104AD038A
:102A1800AD0330041B04190410F4005294D184034C
:102A2800C0F3074336D5E22B00F225817B2B00F05B
:102A3800AE8540F2F4807F2B00F02286BF2B83D135
:102A4800114B1B6813F4805300F0E8820C4B1A6892
:102A5800D309910A02F0070203F0380301F0C0011C
:102A68000B431343032B01F28B80094A054902EB00
:102A78004333C1F80C3967E7001000C000C00042BA
:102A88000040004290E10020C0640020001000E0F7
:102A9800700920200028C0F22F81B04B00F080453B
:102AA800AF4C1B68DA09990A03F0070302F03802F1
:102AB80001F0C0010A4342EA030C94F81039624657
:102AC800002B00F0318194F81239DBB215B9012BD3
:102AD80000F0F583A34B1968CF0401D484F81129B9
:102AE8001CF0200F02D0002184F81019CCF300113B
:102AF80084F81319196821F00F01196094F8141952
:102B0800002900F03E8594F813190029196814BFAC
:102B1800082604263143196019683F29196840F2CC
:102B28002085B1F5007F1968C0F01D86B1F5006FEA
:102B3800C0F008871968B1F5805FC1F0E4804FF4F0
:102B4800807199800C2184F85618B4F858E899884F
:102B580089B211EA0E0100F0F98494F85618063982
:102B6800062901F23485DFE811F0CF02BC025D02CC
:102B78005D02C402BE02CD0294F85438002B3FF423
:102B8800E3AE94F841381FFA80FE94F844C8DBB2EB
:102B9800BCF1020F5FFA8CF500F02386032D00F0DC
:102BA8000286012D94F8551800F0EA85022901F0F3
:102BB8000A80002B3FF4C8AE41F255539E4541F0C0
:102BC8000C80AA2A41F00980012384F84438BBE626
:102BD800B0F5005FFFF4B8AEC0F30C00D4F80C39C0
:102BE8001A54B1E6B0F5005FFFF4AEAE94F85A3867
:102BF8003BB194F85B3823B994F86038002B7FF424
:102C0800A3AEC0F30C00D4F864381A549CE6B0F5AF
:102C1800005FFFF499AE534B9B681A5494E63B2B24
:102C280000F0F2843F2B7FF48FAE4F4981F83826AD
:102C380091F83936002B3FF487AE81F8392691F8A0
:102C48003A36474CDBB284F85F3894F85F2802F0D4
:102C5800FF0312B191F83B36DBB281F83C3694F8A9
:102C68005E2802F0FF031AB194F85F3883F001037D
:102C780081F83D3668E6E33B1C2B3FF665AE01A2C2
:102C880052F823F09B060000F9000000F90000004C
:102C9800F900000025060000F9000000F900000016
:102CA800F900000083070000F9000000F9000000A7
:102CB800F9000000F9000000F9000000F900000028
:102CC800F9000000F9000000F9000000F900000018
:102CD800F9000000F9000000F9000000F900000008
:102CE800F9000000C3050000F9000000F900000029
:102CF8000B060000EF05000041007FF525AE194BDB
:102D08001B68DA043FF520AE144B15481A68D3093E
:102D1800910A02F0070203F0380301F0C0010B43E7
:102D2800134380F85C3A0FE60E4B1968C90401D4C6
:102D380084F811C9002D00F0C28294F85F28002A97
:102D48003FF402AE1B685A067FF5FEAD1CF0100F6B
:102D58007FF4FAAD012384F81539F5E50040004207
:102D680090E10020C064002088F2002094F85C38CC
:102D780003F0FF00002B00F0C08494F855380233AC
:102D8800DBB284F8553894F8552894F85C389A42A0
:102D9800C0F0E684002384F8553884F85C3894F849
:102DA8000939002B00F0DC840122B34B84F80A298E
:102DB8001A683F2A1A6840F29084B2F5007F1A68B0
:102DC800C0F09885B2F5006FC0F01A871A68B2F59E
:102DD800805F27BF4FF480710C224FF400710B22E3
:102DE800998084F85628B4F858189A8892B20A40FC
:102DF80000F0A28494F85628063A062A01F2CB83FA
:102E0800DFE812F0A30191014601460199019301FF
:102E18008F019A4B93F83E36002B3FF495AD984BB3
:102E280098481A68D309910A02F0070203F0380398
:102E380001F0C0010B43134380F8CE3984E58F4B72
:102E480093F83F36002B3FF47FAD8B4B9A7B002ADB
:102E580000F0038600229A7376E5874B1B68DA0434
:102E68003FF572AD864B854A1B6803F0070382F86D
:102E7800813669E5834B93F85F38002B3FF464ADE6
:102E88007D4B9B8803F03003002B7FF45DAD7C4CB9
:102E980001257A4A2168CB09880A01F0070103F065
:102EA800380300F0C0000343D2F85C0610440B431B
:102EB80080F84C56D2F85C06284400F00F00C2F89F
:102EC8005C06D2F87406104480F86436D2F874367A
:102ED8002B44CD0703F00F03C2F874364FF00803F4
:102EE80040F1BC87C4F884302EE5664C94F85F380E
:102EF800002B3FF429AD604B9A8802F03002002A7B
:102F08007FF422AD5E4A1268D109900A02F00702E6
:102F180001F0380100F0C0000143C8094F0642EA39
:102F2800010284F85B0802D5012184F85A1894F844
:102F38005B18002900F0B3875049186840F040003A
:102F4800186091F84906002800F0788612F0300FD2
:102F580000F0748602F03F024B48A2F1100581F898
:102F68004A26002200EB4530C4F8640884F860283B
:102F78001A683F2A1A6840F2A987B2F5007F1A68D2
:102F8800C1F04580B2F5006FC1F0AB811A68B2F5A7
:102F9800805F27BF4FF480710C224FF400710B2221
:102FA800998084F85628B4F858189A8892B20A403A
:102FB80000F0808794F85628063A062A01F2008322
:102FC800DFE812F070015C011201120164015E0178
:102FD8006E01294B1A68D40440F15A84284B1A68A8
:102FE800D309910A02F0070203F0380301F0C00187
:102FF8000B43224943EA020491F87C06234610B1A8
:10300800200600F1A38791F87D26002A7FF49CAC66
:10301800012281F87D2681F8803695E4174A82F8E6
:10302800383691E494F85568174901EB46319960B0
:1030380094F85D1839B912494FF40026C1F8846034
:10304800012184F85D1894F85E18002900F05C816D
:1030580094F85F1829B1998801F03001002900F02F
:1030680053811968C90400F14F8108494FF48076EB
:10307800C1F888605EE600BFC064002088F20020C6
:103088000040004290E100207089202000C00042EA
:1030980094F855189F4A02EB413294F85D189A60EB
:1030A80039B99D494FF400200122C1F8840084F801
:1030B8005D2894F85E28002A00F0418294F85F2881
:1030C8002AB19A8802F03002002A00F038821B6880
:1030D800DD0400F13482914B4FF48072C3F88820EC
:1030E80032E48F49A3E794F85C1800299AD18D49F6
:1030F8009DE794F8551894F855680F2940F24387CE
:10310800103E91E7884992E794F85A18002900F090
:103118004A8794F85B788549854E002F08BF314669
:1031280085E7814AB9E77E4AB7E794F85C28002A20
:10313800AED17C4AB1E794F8552894F855180F2A6F
:1031480040F28F87734A1039A5E794F85A28002A65
:1031580000F08F8794F85B08744A7549002808BF07
:103168000A469AE794F855686A4D05EB46359D601E
:1031780094F85D583DB9684D4FF40026C5F8846051
:10318800012584F85D5894F85E58002D00F05984A4
:1031980094F85F582DB19D8805F03005002D00F09A
:1031A80050841D68EE0400F14C845C4D4FF4807629
:1031B800C5F8886094F85658053D072D3FF6C4AB0E
:1031C80001A656F825F000BFC90300009D030000C2
:1031D800F9000000F900000029030000290300009D
:1031E800EF0000008903000094F85518494A02EBE3
:1031F800413294F85D189A6039B947494FF4002074
:103208000122C1F8840084F85D2894F85E28002A19
:1032180000F0018594F85F282AB19A8802F03002FC
:10322800002A00F0F8841B68DE0400F1F4843B4BAC
:103238004FF48072C3F88820FFF786BB3A4D96E7B3
:1032480094F85C58002D8DD1364D90E7344D8EE7BB
:1032580094F85A58002D01F02E8194F85B78334D7C
:10326800334E002F08BF354681E794F8555894F837
:1032780055680F2D41F22F81103E75E7284AB8E7AF
:1032880094F85C28002AAFD1264AB2E794F855286A
:1032980094F855180F2A41F24E811E4A1039A6E7B4
:1032A800214AA6E794F85A28002A01F01E8194F8CA
:1032B8005B081E4A1E49002808BF0A4699E7830092
:1032C80038D594F81639002B3FF43EABC7007FF58C
:1032D8003BABD4F860390021234483F84029D4F863
:1032E8006039013303F01F03C4F86039D4F8383962
:1032F800234483F81819D4F83839013303F01F032D
:10330800C4F83839FFF720BB04494FF48076C1F878
:1033180084600FE5708920200040004200C0004210
:10332800D0E100207049202050BC0220509C02208F
:10333800503C0320C60040F10A82A84B1968CD040E
:103348000DD484F8CC2994F8102912B194F81229D4
:103358002AB994F8CC2902F0F80284F8CC2994F818
:103368001029002A6FD094F81229002A6BD0CCF3C8
:10337800800284F814291A6822F00F021A6094F85F
:103388001429002A00F0C08594F813191A68002936
:1033980014BF082104210A431A601A683F2A1A68D0
:1033A80040F2C485B2F5007F1A68C0F07B86B2F59A
:1033B800006FC0F064871A68B2F5805F27BF4FF4CA
:1033C80080710C224FF400710B22998084F85628E2
:1033D800B4F858189A8892B20A4000F09B8594F87D
:1033E8005628063A062A01F2DD80DFE802F0817FDE
:1033F800040497908E0094F85518794A02EB4132EC
:1034080094F85D189A6039B9764A4FF40021C2F8E9
:103418008410012284F85D2894F85E28002A00F0C0
:10342800468494F85F282AB19A8802F03002002A6C
:1034380000F03D841A68D00400F139846A4A4FF4D8
:103448008071C2F8881094F816297AB3CCF3C001B9
:1034580094F8B9290CF00800914227D0D4F86029D3
:103468000028224414BF0F20002082F840090120C0
:10347800D4F86029013202F01F02C4F86029D4F898
:103488003829224482F81809D4F83829024402F06D
:103498001F02C4F8382984F8B91994F8B929002A00
:1034A80040F068844F4A0821C2F8841094F8CD2966
:1034B800002A3FF449AA1CF0100F40F09D835A7B64
:1034C800002A7FF441AA94F8CE190120D4F8102AD2
:1034D800C9B2224482F8D019D4F8102A024402F062
:1034E8003F02C4F8102A5873FFF72EBA3F4A87E7FD
:1034F80094F85A28002A01F02D8094F85B083C4A79
:103508003C49002808BF0A467AE73B4A78E794F81E
:103518005C28002A7FF46FAF384A71E794F8552881
:1035280094F855180F2A41F218802D4A103965E78A
:103538002A4B1D68AD057FF5F3A9FFF71ABA2A4B88
:103548004FF48072C3F88420FFF7FEB994F85D68E1
:10355800002E3FF478AD234E4FF40027C6F888704C
:103568006FE50729196840F268810F2940F2DB816D
:1035780019681F2940F2DD83202199800521FFF772
:10358800E2BA94F813191E680131FFF7C3BA1C4B4D
:1035980093F83E36002B3FF4D7A9124B194A196805
:1035A800CB09880A01F0070103F0380300F0C000D6
:1035B80003430B4382F8CE3992F8CE19D2F8103A69
:1035C800C9B2134483F8D019D2F8103A013303F082
:1035D8003F03C2F8103AFFF7B7B900BFC064002034
:1035E800708920200040004200C00042D0E1002045
:1035F800509C0220503C032050BC022070492020DF
:1036080088F2002090E10020C94C000E94F85F3841
:1036180023B100F0F003702B00F0508394F85D3A6A
:10362800002B3FF491A9132800F0EB8314287FF4B2
:103638008BA9C04B01201A68D4F8181BD309214460
:1036480003F0380381F8D80AD4F8181B0144900A0B
:1036580002F0070201F03F0100F0C000C4F8181B97
:103668000343D4F8D01A1343214481F8903AD4F88C
:10367800D03A013303F03F03C4F8D03AFFF764B9F6
:10368800AD4B93F83F36002B3FF45EA9A949A84BF0
:103698000868C109840A00F0070001F0380104F045
:1036A800C0042143D3F8184B1C44014384F8D82A9A
:1036B800D3F8182B013202F03F02C3F8182BD3F8C5
:1036C800D02A1A4482F8901AD3F8D02A013202F08C
:1036D8003F02C3F8D02AFFF737B9072A1A6840F221
:1036E80016810F2A40F267821A681F2A87BF202195
:1036F800052210210422FFF773BB904B1A6822F4AD
:1037080000621A6094F809298AB1B4F858188C4DE7
:1037180089B2B5F81E2821F40071D5F81A5802F4B8
:1037280000720A43A4F858281D6084F80909002289
:1037380084F80B29FFF73CBB94F85D1800293FF487
:10374800B8AC7C494FF40020C1F88800AFE494F885
:10375800CD39002B3FF4F8A884F8CE29FFF7F4B848
:10376800764BFFF725BB7F2940F2F7801968FF29C0
:1037780040F2E4824FF4007199800821FFF7E3B921
:10378800002900F0EF80002B3FF4DEA842F6AA23C0
:103798009E4540F0F180552A40F0EE80022384F8DF
:1037A8004438FFF7D1B8654900258E68325484F84B
:1037B80044580D73002B3FF4C7A894F84138032BE5
:1037C80000F09483002384F8413884F86838A4F81A
:1037D8006A3884F8443884F86C3884F85438FFF729
:1037E800B3B80022802984F8442800F0C98230D870
:1037F800102900F0F582302940F0DE8294F86C2818
:10380800002A00F03184002B00F06F8494F84128DE
:10381800022A00F06A84002384F8413884F8683862
:10382800A4F86A3884F8443884F86C3884F8543832
:10383800002384F86C38FFF787B8012940F2088123
:103848001968032940F2F581042199800221FFF7C4
:103858007AB9A02940F0B08294F85528022A00F0DD
:103868003A84002B3FF470A841F25553984200F077
:103878005785002384F8413884F86838A4F86A38F2
:1038880084F8443884F86C3884F85438FFF75CB806
:10389800274A92F85F28002A3FF456A89B8813F01D
:1038A80030037FF451A8234A23481168CA098C0AB7
:1038B80001F0070102F0380204F0C0042243D0F8F6
:1038C8005C4604440A4384F84C36D0F85C3601332D
:1038D80003F00F03C0F85C36D0F87436034483F85D
:1038E8006426D0F87436013303F00F03C0F8743639
:1038F800FFF72AB87F2A40F262811A68FF2A87BF39
:103908004FF40071082280210722FFF769BA012AC3
:1039180040F2C9811A68032A87BF042102220221C2
:103928000122FFF75DBA082199800321FFF70BB93F
:1039380090E100200040004288F20020C06400208E
:10394800000020204FF4007199801968B1F5806F4C
:103958002CBF0A210921FFF7F6B8402199800621DA
:10396800FFF7F1B842F6AA218E4502D1552A3FF455
:1039780015AF002B3EF4E8AF002384F8413884F8F3
:103988006838A4F86A3884F8443884F86C3884F8BD
:103998005438FEF7D9BF0023272984F8453800F2A8
:1039A800B881002900F0548294F84638002B40F082
:1039B8004F8294F847388B4200F0C085012384F881
:1039C8004718A4F84838B4F848389BB2994200F030
:1039D800018394F85638053B062B3EF6B5AF01A592
:1039E80055F823F0BF03000095030000F90000001C
:1039F800F90000002903000029030000F900000075
:103A080084F8455884F84B1894F85638063B062B2A
:103A18003EF69AAF01A555F823F000BFF900000063
:103A2800F9000000F9000000290300002903000044
:103A3800EF0000008103000084F8455884F84A1814
:103A4800E2E7C14D4FF48076C5F88460FFF7B2BB5A
:103A5800012199800021FFF776B8BC4A1268D10984
:103A6800900A02F0070201F0380100F0C00001439B
:103A780011F0200F42EA01021968C2F380120CBF4C
:103A880041F4807121F4807119609A731A683F2A91
:103A98001A6840F2F281B2F5007F1A68C0F0C48259
:103AA800B2F5006FC0F002841A68B2F5805F23BFD8
:103AB8004FF48071A64C0C224FF400713CBFA44C0B
:103AC8000B22998084F85628B4F858189A8892B22C
:103AD8000A4000F0C78194F85628063A062A00F2F0
:103AE8006885DFE802F02E2C0404433D3B0094F87F
:103AF8005518984A02EB413294F85D189A6039B922
:103B080092494FF400200122C1F8840084F85D280E
:103B180094F85E28002A00F0858094F85F2822B186
:103B28009A8802F03002002A7CD01B68DB0479D422
:103B3800854B4FF48072C3F88820FEF705BF864A8C
:103B4800DAE794F85A28002A00F0D28494F85B083F
:103B5800824A8349002808BF0A46CDE7814ACBE755
:103B680094F85C28002AC2D17F4AC5E794F8552802
:103B780094F855180F2A40F2B584764A1039B9E7F7
:103B88007A4991F84026072AD3B23EF4DDAE0C2BD1
:103B98003EF4DAAE062B0BBF6D4BD1F84436D3F8A2
:103BA80064286B4A16BF03F50053C3F80C29C2F802
:103BB8000C39FEF7C9BE08210322FFF711B94021CD
:103BC8000622FFF70DB941F255518E4502D1AA2AB6
:103BD8003EF4FAAF002B3EF4B7AE002384F8413828
:103BE80084F86838A4F86A3884F8443884F86C385B
:103BF80084F85438FEF7A8BE00225A73FEF7A4BE14
:103C08004FF400729A801A68B2F5806F2CBF0A22AE
:103C18000922FFF7E6B84C4B4FF48072C3F88420B2
:103C2800FEF792BE484B4FF48072C3F88420FEF72B
:103C38008BBE022199800121FEF785BF02F00F0299
:103C48004B4881F84A2691F84A5691F84A2600EBE3
:103C58004530A2F10302C4F86408B2FA82F25209AC
:103C6800FFF784B994F85D68002E3FF48CAA374EAC
:103C78004FF40027C6F88870FFF783BA072D1D6830
:103C880040F294810F2D40F270821D681F2D40F282
:103C98003E8320259D800525FEF7A6BE450005F03C
:103CA8001E05FEF77CBE01210022FFF799B8264ABF
:103CB8004FF48071C2F88410FFF7C5BB234B00F0A6
:103CC8000F001A680E284FEAD2134FEA922102F029
:103CD800070203F0380301F0C00143EA010343EA95
:103CE800020500F0BD820F2800F0B4820D2800F014
:103CF800608205F00F032044012280F8603A84F8BE
:103D0800702AFEF721BE4FF4007199800B21FEF74F
:103D18001ABF94F846382E29DBB200F0288193F0B8
:103D2800010340F0248184F847380023A4F8483878
:103D38006AE6102199800421FEF705BF8021998049
:103D48000721FEF700BF00BF00C00042004000424C
:103D580090E1002070892020D0E10020509C0220B2
:103D6800503C032050BC02207049202088F20020DB
:103D780050DC0220C04A0821C2F88810FFF796BB21
:103D880094F85528022A00F00582002B3EF4DCAD99
:103D980041F25553984200F0DB82002384F8413801
:103DA80084F86838A4F86A3884F8443884F86C3899
:103DB80084F85438FEF7C8BD002284F86C28002B1C
:103DC8003EF4C2AD84F8412884F86828A4F86A282B
:103DD80084F8442884F86C2884F85428FEF7B4BD85
:103DE800002B40F0048194F85528022A04D141F2AE
:103DF8005552904200F07F83002384F86C38FEF718
:103E0800A3BD9D4B00201A68D4F8181BD309214480
:103E180003F0380381F8D80A900AD4F8181B02F086
:103E2800070200F0C0000131034301F03F011343D2
:103E3800C4F8181BD4F8D01A214481F8903AD4F861
:103E4800D03A013303F03F03C4F8D03AFEF77CBD03
:103E5800002384F84738A4F84838BAE5C4F888300D
:103E6800FEF772BD94F85D1800293FF451AE8249FF
:103E78004FF40020C1F8880048E6072A1A6840F283
:103E8800E2800F2A40F20A821A681F2A83BF202183
:103E98007A4C052210219CBF784C042211E67849FF
:103EA80091F8480600287FF448A8186820F04000D8
:103EB800FFF746B894F85D1800293FF4A6A96E49A3
:103EC8004FF40020C1F88800FFF79DB9072A1A6847
:103ED80040F2DC800F2A40F200821A681F2A87BF4E
:103EE8002021052210210422FFF75AB8B4F86A38B5
:103EF8009BB2012B7FF666ACB4F86A38013B9BB2E3
:103F0800A4F86A38FEF720BD94F81329196801321D
:103F1800FFF741BA94F85D1800293FF47DAA564985
:103F28004FF40020C1F88800FFF774BA072A1A680E
:103F380040F2C5800F2A40F2C8811A681F2A87BF3D
:103F48002021052210210422FFF73FBA91F87C2690
:103F5800002A3EF4F9AC91F87E26002A7EF4F4ACEF
:103F6800012281F87F4681F87E26FEF7EDBC84F8B1
:103F78004728DAE684F847380123A4F8483884F853
:103F88004538FEF7C9BC3F49FFF74FB87F2D40F2CF
:103F9800F1801D68FF2D40F2AF814FF400759D80C0
:103FA8000825FEF721BD3849FFF741B8012D40F239
:103FB800FB801D68032D40F25D8104259D8002254C
:103FC800FEF712BD94F8453823B194F84538042B10
:103FD8007EF48DAC94F847080DF0DAF9002384F8E4
:103FE800453884F84738A4F84838FEF7ADBC84F85B
:103FF8006C2884F8412884F86828A4F86A2884F88A
:10400800442884F86C2884F85428FEF79DBC7F2A3D
:1040180040F257811A68FF2A87BF4FF400710822BF
:1040280080210722FEF7BCBF7F2A40F23B811A6835
:10403800FF2A83BF4FF40071104C082280219CBFD7
:104048000E4C07223DE5012A40F210811A68032A26
:1040580083BF0421094C022202219CBF074C012284
:104068002FE5084AFFF717B8002B3FF4E1ABFFF73D
:10407800D2BB054AFFF711B80040004290E100208A
:1040880088F2002050DC0220509C0220012A40F2D5
:1040980001811A68032A87BF042102220221012212
:1040A800FEF77EBF7F2A40F214811A68FF2A87BF75
:1040B8004FF40071082280210722FFF786B9012AF0
:1040C80040F23C811A68032A87BF04210222022198
:1040D8000122FFF77AB941F25552904200F01F8150
:1040E800002B7FF4C6ABFEF72FBC94F84028002ABB
:1040F80000F0128194F855184FEA1E3242EA410244
:10410800D4F8F018D2B22144FF2A81F87028D4F8E4
:10411800F01801F1010101F07F01C4F8F01800F076
:10412800C18104EBD205012002F0070295F8F818C6
:1041380000FA02F20A43D2B285F8F8280120D549DC
:10414800002284F808090A73002B3FF471AB84F845
:10415800412884F86828A4F86A2884F8442884F850
:104168006C2884F85428FFF763BB08259D80032535
:10417800FEF73ABC40259D800625FEF735BC4FF476
:1041880000759D801D68B5F5806F2CBF0A2509252F
:10419800FEF72ABC41F25552904200F0D380002B22
:1041A8007FF4FBADFEF7D0BB01259D800025FEF70F
:1041B8001BBC94F8703A002B00F0D08094F8613A58
:1041C8000A2694F8602A06FB032294F8633A94F8C6
:1041D800621A06FB031194F8653A94F8640A03F02E
:1041E800030306FB030094F86F3A43B994F8653A61
:1041F8005B0740F173810B2800F3B7810C3094F80A
:10420800676A0A2794F8663A94F869CA07FB06337E
:1042180094F8686A07FB0C66009694F86BCA94F8E1
:104228006A6A07FB0C66019600261CF0C1FBD4F8ED
:104238007C3AC4F8746AC4F8783A1CF06BFB012322
:1042480084F8713A84F8706A05F0010584F86E5AAA
:10425800FEF77ABBC5F3800384F86F3AFEF774BBA8
:1042680005F00F0384F86D3AFEF76EBB01218A4C06
:10427800002226E402259D800125FEF7B5BB4FF4F8
:1042880000729A801A68B2F5806F2CBF0A22092240
:10429800FFF79CB801210022FEF782BE08217E4C60
:1042A80003220EE440217C4C06220AE44FF40072FB
:1042B800794C9A801A68B2F5806F2CBF0A220922BD
:1042C80000E440210622FEF76BBE08210322FFF717
:1042D8007CB840210622FFF778B808210322FEF7B0
:1042E8005FBE4FF400729A801A68B2F5806F2CBFD7
:1042F8000A220922FEF755BE80259D800725FEF774
:1043080073BB4FF400759D800B25FEF76DBB102520
:104318009D800425FEF768BB94F85528F0E643B164
:1043280094F84138012B04D094F84138032B7FF4DA
:10433800A0AA032384F84438FEF706BB0121002213
:10434800FFF743B823B9012384F86C38FEF7FCBAA9
:1043580094F84138022B7FF420ADF4E71CF0DAFA28
:104368001CF03AFA94F8807A1CF0D4FA1CF034FA6B
:1043780094F86F3A94F8816A002B00F09F801CF043
:10438800C9FA1CF029FA94F8823A444AA2FB032895
:104398004FEAD80808EB88025FFA88F8A3EB4203D3
:1043A8005FFA83FB1CF0B6FA1CF016FA94F884AA9C
:1043B8001CF0B0FA1CF010FA94F8859A1CF0AAFACE
:1043C8001CF00AFA354A94F8861A6423A2FB070EF1
:1043D80001F2B271A2FB06024FEADE0E30484FEA44
:1043E800D20CA0FB01200EEB8E025FFA8EFEA7EB2B
:1043F80042024009D2B203FB101184F8602A0CEB88
:104408008C025FFA8CFC84F861EAA6EB4202CEB219
:10441800D2B284F8622A84F863CA84F864BA94F839
:104428006F3A002B00F0A3801C4B84F8658AA3FB2D
:104438000A21A3FB0902C908A3FB0603D20801EB62
:104448008100C9B2AAEB4000DB08C0B284F8660A52
:1044580084F8671A02EB8201D2B2A9EB4101C9B212
:1044680084F8681A84F8692A03EB8302DBB2A6EBA6
:104478004202D2B284F86A2A84F86B3A1CF04AFAEB
:104488001CF0AAF994F8833A013BDBB284F86C3A41
:10449800DAE600BFC064002090E10020CDCCCCCC8F
:1044A8001F85EB514FF0FF324C49C4F8F8284A6099
:1044B8008A60CA6042E64A4DFEF759BE1CF02AFAE5
:1044C8001CF08AF994F8823A002B49D00C2B84BF4F
:1044D8000C3BDBB259E7434DFEF747BE0C28A8BF9B
:1044E80000208CE63F4AFFF705BB3D4AFEF781BE38
:1044F8003B4AFFF701BB94F86C28002A3FF47CACD8
:10450800D4F8F028FF254FF0FF313448224482F8D0
:1045180070580125D4F8F028013202F07F02C4F85F
:10452800F028314AC4F8F81841608160C16084F805
:104538000859137360E42B4AFEF759BEB4F848389B
:104548009BB2FF2B3FF63FAAB4F8483801339BB221
:10455800FFF737BA224AFEF753BF224AFEF74EBF8B
:104568004FF001084FF0020B1CE70C2047E61CF047
:10457800D1F91CF031F994F8823A0B2B94BF00233F
:10458800012348EA83084FE794F85668174D05EB6E
:104598008635FEF7ECBD94F85618144A02EB8132C2
:1045A800FEF77BBD94F85618104A02EB8132FEF7ED
:1045B80027BF94F856180D4A02EB8132FFF79CBAD0
:1045C80094F85618094A02EB8132FEF712BE94F8A5
:1045D8005668064901EB8631FEF729BD88EA0020B6
:1045E800509C022050DC0220C0640020501C012096
:1045F800F8B50C224FF084439A611868430740F1DC
:10460800D680AC4B93F88226002A40F08380AA4DCE
:10461800060740F1BF80A94A936954691C4062D1DA
:10462800A74CA84A5368663BC4F8BC32526895F850
:104638004038002B54D095F84538002B50D0A24C68
:104648002368D80400F1A98095F84338002B40F07E
:10465800A48095F84138002B40F09F8095F84538A4
:10466800042B00F0A08795F84538022B00F09087BE
:1046780095F84538032B00F08B874FF4B441D5F8F3
:104688004C38D31A8B422BD395F845180229CBB254
:1046980001F02881032B01F01C81012B7DD1B5F895
:1046A80048389BB2272B41F2A181B5F848389BB214
:1046B800312B01F29B8195F8463823B1B5F848387B
:1046C8009BB22E2B69D1B5F8483800200221DBB205
:1046D80085F84738A5F8480885F84518C5F84C28DE
:1046E800BFF34F8FF8BD2706946100F15E8114F087
:1046F800100F734C95D094F8B832032B91D16F4BAF
:104708009B68DE068DD4022008F028FD012384F87A
:10471800B93286E76D4A4FF00045684C6C49C4F8D9
:1047280084505668314051604FF48021C2F8881097
:104738000021C4F8885083F8821693F88346002C29
:104748003FF465AF83F8831693F8843603F0FF01CE
:10475800002B00F042814FF40021574D0123C2F88D
:10476800841085F85D3895F85E385BB195F85F3848
:10477800554C002B00F02781A38803F03003002B51
:1047880040F021814D4B4FF480720607C3F8842016
:104798003FF541AFFEF76CF83DE7002385F8453853
:1047A80085F84738A5F84838BFF34F8FF8BD494B0F
:1047B800034040F0918041490A68940600F1FD8069
:1047C8003C4E96F88236002B40F0FB8001233A4D90
:1047D800010C86F8823695F842380846002B00F01E
:1047E800178195F85038002B40F0128195F8513810
:1047F800002B40F00D8195F85238334C1BB12368DB
:104808009B0540F106812368B3F5806F80F0018134
:104818004FF6C0730B40B3F57F5F40F0FA8095F810
:104828005338002B01F07F844B00C1F3C00C03F018
:104838000E0385F854C885F85538CF06236854BF49
:1048480043F4007323F400732360C1F3401385F825
:10485800503823683F2B236841F25584B3F5007F15
:104868002368C1F06785B3F5006FC1F0048723683A
:10487800B3F5805FC1F016874FF48073A3800C23D3
:1048880085F85638B5F858C8A3889BB213EA0C03C4
:1048980001F02D8495F85638063B062B02F2DB8092
:1048A800DFE813F032024802420242024A02EF01F4
:1048B800400200BF88F2002090E1002000C00042C2
:1048C80078140120001000E0C0640020004000427D
:1048D800F8E3FCFF001000C0A84E96F88236002BC3
:1048E8006FD184046DD4C0F307430122DE2B86F810
:1048F800822600F28E827B2B01F0528000F24482E5
:104908003B2B00F0F8873F2B40F0208296F8393691
:104918009B4DABB195F811199A4AC1F3C0019A4859
:104928009A4B02EB4122D2F8802082EA000142F43D
:104938008022C3F88810C3F884205A6802435A605A
:10494800934C23689A067FF566AE236823F020030C
:10495800236023683F2B236800F24782072B2368D4
:1049680001F25A81012B41F244832368032B87BF4C
:104978000422022302220123A28085F85638B5F8C2
:104988005828A3889BB2134001F0A18095F85638A7
:10499800063B062B02F22380DFE813F05201610187
:1049A80008010801690163015F0102F06BF814F066
:1049B800100F784C3FF435AE9DE6704A92F88206A7
:1049C80098B96F4D27E62368DF043FF5DBAE724BDD
:1049D8004FF48072C3F888201AE64FF40023684D1C
:1049E800C2F8883085F85D18BDE668484FF0004683
:1049F8006A4CC1F8846045682C40614D44604FF4AE
:104A08008024C0F88840C1F8886082F8823602E6BF
:104A18005F4C12F0400200F0698395F85638063B67
:104A2800062B00F28180DFE803F086687F04047FAC
:104A38008F0095F85D3833B395F80839002B01F0ED
:104A4800528095F84038002B01F01582030B95F839
:104A5800552843EA4203DBB205EBD30203F0070310
:104A680092F8F808012202FA03F3184201F03B8099
:104A78004B4B4C48454AC2F88800C2F88430424B38
:104A880050680343536023681F057FF5C4AD43F6A0
:104A9800FF7399427FF4BFAD95F85C3803F0FF01CE
:104AA800002B00F0D68695F855380233DBB285F82E
:104AB800553895F8552895F85C389A420AD300235A
:104AC80085F8553885F85C3895F8093913B101230C
:104AD80085F80A39B5F85828A3889BB2134000F026
:104AE800AC8695F85638063B062B01F26B87DFE853
:104AF80003F09492343486A19000C0F30A00A368AE
:104B08001A5C204B204803EB8203D3F880201F4B0C
:104B180082EA000742F48022C3F88870C3F8842030
:104B28005A6802435A60AEE795F85D38002BAAD060
:104B3800A3685A5CE5E7B1F5005FC0F06986C0F389
:104B48000C00D5F86438DBE7B1F5005FC0F060868B
:104B5800C0F30C00D5F80C39D2E795F85528124B5C
:104B680003EB423395F85D28A360002A7FF453AD28
:104B7800012386F8843686F883364CE588F20020CF
:104B880090E1002080020020071C03000040004242
:104B9800C06400207814012000C00042F8E3FCFF44
:104BA80000040400071803007089202095F8552890
:104BB800BC4B03EB423395F85D28A3603AB9BA4A77
:104BC8004FF400210123C2F8841085F85D3895F868
:104BD8005E38002B00F0768695F85F382BB1A388F5
:104BE80003F03003002B00F06D862368DB0400F12E
:104BF8006986AE4B4FF48072C3F888200BE595F8B0
:104C0800553895F855280F2B41F2B782A54B103A25
:104C1800A6E7A74BA6E7A74BA4E795F85A38002BB9
:104C280001F0AE8295F85B18A34BA44A002908BF8F
:104C3800134697E795F85C38002B8ED1A04B91E787
:104C480095F85A38002B01F0D78395F85B189A4BE2
:104C58009A4A002908BF1346ADE7954BABE7954B39
:104C6800A9E795F85C38002BA0D1954BA3E795F8F8
:104C7800553895F855280F2B41F21E83894B103A69
:104C880097E795F85C38002B4ED18D4BA36095F8CB
:104C98005D383BB9844B4FF40027C3F88470012377
:104CA80085F85D3895F85E38002B01F04D8195F850
:104CB8005F382BB1A38803F03003002B01F0448147
:104CC8002368DF0401F14081784B4FF48077C3F803
:104CD8008870530640F10D8295F85638063B062B2E
:104CE8003FF622AF01A252F823F000BFEF220000E6
:104CF800AB220000D9220000E3210000E3210000DC
:104D0800D9220000F922000095F85A38002B01F04A
:104D18006B8595F85BE8684B684FBEF1000F08BFDC
:104D28003B46B3E7624BB1E795F855C85D4B03EBDB
:104D38004C33ABE75F4BA9E795F8553895F855C85C
:104D48000F2B41F21586ACF1100CEFE71F2B7FF407
:104D580038AE96F8303F002B3FF433AE96F8310F5B
:104D6800584A594902EB80024F4B584DD2F88020DF
:104D780082EA010042F48022C3F88800C3F8842044
:104D88005A680A435A6046E47F2B00F0F785BF2B28
:104D98007FF417AE96F839364C4D002B3FF43BACF8
:104DA80095F81119474AC1F3C00147483E4B02EB39
:104DB8004122474CD2F8802082EA000142F4802246
:104DC800C3F88810C3F884205A6802435A602368DD
:104DD80013F020037FF41FAC226842F02002226007
:104DE80022683F2A40F213872368B3F5007F2368BF
:104DF800C0F0FA86B3F5006FC1F086802368B3F57A
:104E0800805F27BF4FF480720C234FF400720B238E
:104E1800B2E5DF3B202B3FF6D4AD01A252F823F0D8
:104E28002F28000073210000732100007321000067
:104E3800732100007321000073210000732100001A
:104E4800732100007321000073210000732100000A
:104E5800D327000073210000732100007321000094
:104E680073210000732100007321000073210000EA
:104E780073210000732100007321000073210000DA
:104E880073210000732100007321000073210000CA
:104E980053280000732100007B270000EF26000044
:104EA80085260000708920200040004200C0004292
:104EB80050BC0220D0E10020509C0220503C03202E
:104EC8007049202080020020071C030090E1002088
:104ED800C064002096F83F36002B3FF472ADBF4BFC
:104EE8009B7B002B40F0CB87BD49BE4CD1F82007F7
:104EF800A1F58055D1F82417BB4A8842D5F8D06A65
:104F0800BA4908BF2246D5F8D44AB94B08BF4FF46E
:104F1800C023B84808BF0846B74918BF4FF48E31B8
:104F2800A64204BF03460A46B449B548C1F88820DA
:104F3800C1F884304B6818434860FFF76CBB96F89B
:104F48008736002B3FF43DAD96F8923A002B3FF49C
:104F580038AD96F8933A002B7FF433ADA74B1A6817
:104F680096F8950AD309910A02F0070203F038036C
:104F7800052801F0C00143EA010343EA020303F0F4
:104F8800BF0101F200819F4B5B68D6F8AC0AD6F8E6
:104F9800A82A1B1A9342C1F0F68096F8943A9B010E
:104FA800994A9748DBB21943944B02EB8102974D1B
:104FB800D2F8802082EA000142F48022C3F88810E7
:104FC800C3F884205A680243DCE6000E8F4D2F2870
:104FD80000F08E873F2800F058870F287FF41BAB1E
:104FE80095F8CD39002B3FF416ABD5F8103AD5F823
:104FF800140A0133844A824903F03F031B1AB3FAA7
:1050080083F35B0902EB83027C4BD2F8802082EAAF
:10501800010042F48022C3F88800C3F884205A684B
:10502800AFE66E4A136813F4805300F0BC85D6F8D7
:105038004C2FD6F8503F9A4200F0C687D6F8502F2A
:10504800714B32446E4992F83C0FD6F8502F03EB5F
:1050580080030132D3F8803002F00F02594043F444
:105068008023C6F8502F654A6548C2F88810C2F8F0
:1050780084305368654D18435060FFF7CCBA96F8F2
:10508800323F002B3FF49DAC000EFB2801F07280EC
:10509800FF2801F04D80FA287FF493AC96F8330F7F
:1050A8005EE696F83E36594D002B3FF4B4AAD5F883
:1050B800103A41F60741D5F8140A0133544C4F4AC7
:1050C80003F03F0383424E4B16BF21464FF4E020C6
:1050D8004FF4A020414CC2F88810C2F884005168EF
:1050E8000B435360236843F0800331E4662900F0E2
:1050F8005E8295F856380C2B3FF616AD01A252F891
:1051080023F000BFE9280000E9280000D9220000A8
:10511800E9280000872B0000352B0000C52B000074
:10512800AB220000D9220000672A0000E32100001A
:10513800D9220000C529000096F838366728DBB266
:1051480002D1002B41F0618096F83C36002B00F02C
:10515800E48501F47F43B3F5745F01F0348095F87A
:105168005D389BB1A368264F5A5C274B03EB82033B
:10517800D3F88020214B82EA070E42F48022C3F83C
:1051880088E0C3F884205A683A435A6020F008033C
:10519800002B41F00A80012286F84826236843F054
:1051A80040032360062385F856384023A380B5F8CA
:1051B8005808A3889BB2034000F0838795F85638B7
:1051C800063B062B01F24084DFE813F0D501D3013A
:1051D800D001D001C401BF01700100BFC06400202C
:1051E80090F10020071C0100051C010005000600C5
:1051F8000200060007000600021C010000400042F1
:10520800071C0300001000E08002002090E100204D
:10521800071C0200B1F5005FBFF49AACA3683B28F5
:105228005A5CB14BB14903EB8203D3F88020B04BF1
:1052380082EA010742F48022C3F88870C3F8842008
:105248005A6842EA01025A6023687FF4E4A923F409
:105258008053236023683F2B236841F20E80B3F507
:10526800007F2368C1F05980B3F5006FC1F0DD817C
:105278002368B3F5805F27BF4FF480720C234FF487
:1052880000720B23A28085F85638B5F85828A388F1
:105298009BB2134000F0E58795F85638063B062B7D
:1052A80001F2CB83DFE813F07B0A880A3601360166
:1052B8001C0B140B8B0A95F85D383BB395F808392D
:1052C800002B00F0488695F84038002B00F0F08756
:1052D80095F85528030B43EA4203DBB205EBD302EA
:1052E80003F0070392F8F8C8012202FA03F31CEA54
:1052F800030F00F030867F4B7F4F7D4AC2F88870DD
:10530800C2F88430794B57683B43536095F852385C
:10531800B0F5E06FDBB27FF4B6AB002B3FF4B3AB74
:10532800236823F40073236023683F2B236840F22B
:105338003B86B3F5007F2368C0F08687B3F5006F1E
:10534800C1F082812368B3F5805F27BF4FF4807274
:105358000C234FF400720B23A28085F85638B5F859
:105368005828A3889BB2134000F0128695F8563847
:10537800063B062B01F23A83DFE803F08B8983832F
:10538800ACA6760095F85D389BB1A368574F5A5C78
:10539800554B03EB8203D3F88020554B82EA070E66
:1053A80042F48022C3F888E0C3F884205A683A435C
:1053B8005A6096F83D36002B3FF465AB082804D0B8
:1053C80041F2087398427FF45EAB236843F0100300
:1053D8002360FFF758BB95F85D389BB1A368434835
:1053E8005A5C414B03EB8203D3F88020404B82EA9E
:1053F800000742F48022C3F88870C3F884205A68F2
:1054080002435A60B1F5E06F7FF43DAB236823F0A7
:10541800100388E796F83C363BB101F47F43B3F5B7
:10542800745F02D1012386F84836B1F5005FC0F0F9
:105438001784D5F86438C0F30C001A5C2A4B2B4843
:1054480003EB8203D3F88020294B82EA000742F459
:105458008022C3F88870C3F884205A6802435A60CF
:1054680095F85A38FFF70FBB244B95F85D28A360D1
:1054780022B9012386F8843686F883362368FFF735
:10548800CAB895F855281E4B03EB4233EDE71D4B80
:10549800EBE795F85A38002B01F02C8295F85B1849
:1054A800194B1A4A002908BF1346DEE7134BA360BD
:1054B80095F85D38002B7FF4E6AA012386F8843638
:1054C80086F88336FFF7DFBA95F85C38002BD8D119
:1054D8000F4BCAE795F8553895F855280F2B41F228
:1054E8009781074B103ACFE780020020071C030082
:1054F80000400042000404000718030050BC0220CA
:1055080070892020D0E10020509C0220503C0320CC
:105518007049202095F85528AF4B03EB423395F896
:105528005D28A36022B9012386F8843686F883367D
:1055380096F88536002BA1D00121A84B4FF4000224
:1055480085F85118C3F8842098E795F85C386BB94A
:10555800A34BACE795F8553895F855280F2B41F231
:10556800C180103A9C4B03EB4233A0E795F85528CD
:10557800F8E79C4B9BE795F85A38002B01F0B5806B
:1055880095F85B08984B994A002808BF13468EE7A0
:10559800B5F848389BB2002B14BF4FF4B4414FF410
:1055A800B421FFF76CB84FF4B421FFF768B895F849
:1055B8005138002B5CD096F885360C2BD9B200F008
:1055C800C68296F88636002B52D096F8383603F005
:1055D800FF02002B4CD196F88536062B48D096F85A
:1055E8008536032B44D0A38803F02B03002B3FD030
:1055F800012386F8393686F8383685F85F2886F824
:105608003C26052295F85E38DBB286F83D362368DD
:1056180043F020032360202385F85628A380B5F89B
:105628005828A3889BB2134240F0D38395F85D387D
:105638003BB16F4B4FF40022C3F88820002385F854
:105648005D3895F85E38002B00F0DB8295F85F38FE
:105658002BB1A38803F03003002B00F0D28223681B
:10566800DB0400F1CE82634B4FF48072C3F88820CC
:1056780095F85638063B062B05D8DFE803F00707F0
:10568800044C4C04070095F85D38A3B1A2685A4B46
:1056980092F86620594903EB8203D3F88020544BD3
:1056A80082EA010042F48022C3F88800C3F884200B
:1056B8005A680A435A6096F83C36002B5FD096F831
:1056C8003836002B5BD196F88536032B57D0A38844
:1056D80003F00B03002B52D0012286F848262368DA
:1056E80043F040032360062385F856384023A380FF
:1056F800B5F85818A3889BB20B4000F0ED8495F8D4
:105708005638063B062B01F29181DFE803F0547FFF
:10571800616148432E0095F85D38002BCBD095F891
:105728000839002B00F0FB8395F84038002B00F077
:10573800A48695F855385B00DBB205EBD30203F07D
:10574800070392F8F818012202FA03F3194200F04D
:10575800E6832B4B2B49264AC2F88810C2F88430BE
:10576800264B51680B435360A5E7274B95F85D28F6
:10577800A36022B9012386F8843686F8833600238D
:10578800164A85F8513886F885364FF40003C2F872
:10579800883073E695F85C38D3B9114BE6E795F88D
:1057A800553895F855280F2B40F2F6870A4B103AD2
:1057B80003EB4233DAE795F85A38002B01F01180F1
:1057C80095F85B18084B094A002908BF1346CDE72E
:1057D80095F85528004BEBE770892020008000429F
:1057E80070492020D0E10020509C0220503C03202A
:1057F8000040004200C0004280020020071C030055
:10580800000404000718030050BC0220BC4BADE79D
:10581800A268BC4B525CBC4903EB8203D3F88020DE
:10582800BA4B82EA010042F48022C3F88800C3F828
:1058380084205A680A435A6020E695F85D28002AB1
:105848003EF4E9AE012286F8843686F88326FEF710
:10585800E2BE236823F40063236095F809398BB10D
:10586800B5F85828AA4892B2B0F81E3822F4007247
:10587800D0F81A0803F400731343A5F858382060C9
:1058880085F80919002385F80B3922683F2A40F268
:105898004F812368B3F5007F2368C0F0D581B3F545
:1058A800006FC0F068832368B3F5805F27BF4FF4AB
:1058B80080720C234FF400720B23A28085F85638AF
:1058C800FFF708B9934B4FF48072C3F88420FEF7B2
:1058D800A2BEB5F8483800200421DBB285F84B3861
:1058E800FEF7F8BEB5F8483800200321DBB285F88A
:1058F8004A38FEF7EFBE884D000E95F85F3823B1A1
:1059080000F0F003702B00F0648395F85D3A002BEB
:105918003EF481AE132800F0AD8314287EF47BAEEC
:105928007E49D1F82027D1F824379A4200F09B8687
:10593800D1F8240728447A4B724A90F8204BD1F8C2
:10594800240702EB84020130D2F88020A3FB004335
:10595800DB0A03EB4303A0EB83236B48C1F824372E
:10596800504042F48023694A6749C2F88800C2F867
:105978008430536819435160FEF74DBE96F83F36A0
:10598800002B3FF41EA86549D1F82027D1F8243709
:105998009A4200F03483D1F82407A1F58055C9E76D
:1059A80096F83E365C4D002B3EF435AED5F8103AED
:1059B80041F60741D5F8140A01335A4C534A03F00B
:1059C8003F038342504B16BF21464FF4E0204FF46B
:1059D800A020554CC2F88810C2F8840051680B43C7
:1059E8005360236823F08003FEF7B2BFB5F8480878
:1059F8000023C0B285F8453885F84738A5F84838F7
:105A080000283EF46DAE95F8463803F0FF06002BEB
:105A18007EF466AE0BF0BCFC23683F2B236840F293
:105A28006084B3F5007F2368C0F05F85B3F5006F2D
:105A3800C0F050852368B3F5805F27BF4FF48072AC
:105A48000C234FF400720B23A28085F85638B5F862
:105A58005828A3889BB2134000F01E8495F8563846
:105A6800063B062B00F2A787DFE813F0C106B8064D
:105A7800070007001E071607280795F855282B4B1F
:105A880003EB423395F85D28A3603AB91F4A4FF4F7
:105A980000210123C2F8841085F85D3895F85E3836
:105AA800002B00F0078395F85F382BB1A38803F02B
:105AB8003003002B00F0FE822368DA0400F1FA823A
:105AC800144B4FF48072C3F88820FEF709BE95F88E
:105AD8005D28002A3FF47BA80C4A4FF40021C2F845
:105AE8008810FFF772B8A36807485A5C054B03EBA8
:105AF8008203D3F88030584043F48023FEF7BABFBE
:105B0800D0E1002080020020071C03000040004272
:105B18000000202000C0004290E1002090F1002009
:105B2800ABAAAAAA071C0200C06400207089202022
:105B38002268072A7CD923680F2B40F22682236823
:105B48001F2B87BF2022052310220423B5E6B04B64
:105B580085F84528C5F80C39A36885F84728C6F89C
:105B68004436A5F8482895F85638DBB286F840360A
:105B7800236843F4805323604FF4807385F85618E4
:105B8800A380B5F85828A3889BB2134040F0218120
:105B980095F85D28002A3FF454AD9E4A4FF4002141
:105BA800C2F888104BE59C4D95F85F1800293EF423
:105BB80032AD928802F03002002A7EF42CAD96F8BD
:105BC800541F0229CAB200F0DE84032A00F0BF8401
:105BD800012A00F09D84914A8E499148C1F8883085
:105BE800C1F88420FFF7A6B97F2B40F2A98123686A
:105BF800FF2B87BF4FF40072082380220723FEF78C
:105C0800BBBE884B4FF48072C3F8842030E522680D
:105C1800072A40F22B8423680F2B40F28D812368DA
:105C28001F2B87BF2022052310220423FEF7A4BEC2
:105C38002268012A40F2E1812368032B87BF0422EE
:105C480002230222012338E67F2B40F29181236848
:105C5800FF2B87BF4FF400720823802207232CE60E
:105C6800A3686F485A5C704B03EB8203D3F880201B
:105C7800684B82EA000742F48022C3F88870C3F8B0
:105C880084205A6802435A6095F85A3803F0FF0294
:105C9800002B7FF4F3AB4FF6F8730B4041F6F87125
:105CA8008B427FF4EBAB86F8482695F85B381BB936
:105CB800236823F04003236023683F2B236840F2C6
:105CC800E083B3F5007F2368C0F0E983B3F5006F84
:105CD800C0F0FD842368B3F5805F27BF4FF480725E
:105CE8000C234FF400720B23A28085F85638B5F8C0
:105CF8005828A3889BB2134000F0298395F856389A
:105D0800063B062B00F26586DFE813F0AB05A90514
:105D1800980598050206FC05FA0595F85D389BB1CB
:105D2800A3683F4F5A5C404B03EB8203D3F88020B3
:105D3800384B82EA070E42F48022C3F888E0C3F8A1
:105D480084205A683A435A6096F83D3613B995F854
:105D580052383BB1082800F0578141F20873984245
:105D680000F0528140F26C5296F887369042DBB2CE
:105D78007EF489AE002B3EF486AE96F8903A002B5E
:105D88003FF47CAB96F8923A03F0FF02002B7FF4C5
:105D980075AB86F8942A1FF04FFD002800F0AC84FC
:105DA80096F8A23A1B0600F1A384B6F8963ACD22DB
:105DB8009BB202FB03F31D4AC6F8A83A53680122B6
:105DC800C6F8AC3A002386F8922A86F8933AFFF789
:105DD80055BB95F85638063B062B00F24986DFE896
:105DE80003F02B290404403A380095F85528104B45
:105DF80003EB423395F85D28A360002A7FF421ACB9
:105E0800044B4FF40022C3F88420012317E400BF99
:105E1800702920200040004290E10020071C070064
:105E2800071C030000C0004280020020001000E0B0
:105E380070892020C34BDDE795F85A38002B00F015
:105E4800178495F85B18C04BC04A002908BF134651
:105E5800D0E7BF4BCEE795F85C38002BC5D1BD4BDA
:105E6800C8E795F8553895F855280F2B40F2BA83AE
:105E7800B94B103ABCE795F85538FEF7ECBD4FF42E
:105E88008023B64AB64DFFF74FB895F81639002B60
:105E98003EF4C1ABD5F88829D5F88C399A4200F080
:105EA8003483D5F8B4392B4493F89039D5F8B4290C
:105EB800DBB2013202F01F02C5F8B429D5F88C29EB
:105EC8002A4492F86819D5F88C29C9B2013202F02F
:105ED8001F02C5F88C2985F8BA19A24A9F4902EB16
:105EE8008303D3F88020A04B82EA0100FFF791B822
:105EF80095F81639002B3EF48EAB95F8BA29994BD4
:105F0800964903EB8203ECE74FF40073A380236800
:105F1800B3F5806F2CBF0A230923FEF72EBDA268B4
:105F2800904B92F866208D4903EB8203D3F88030BA
:105F3800594043F480230EE408220323FEF71CBDD6
:105F480040220623FEF718BD884B4FF48077C3F82C
:105F58008470FEF7BEBEA368804F5A5C814B03EB8A
:105F68008203D3F880305F4043F48023FFF7C5B93C
:105F780040220623A1E44FF40073A3802368B3F5FD
:105F8800806F2CBF0A23092398E40822032394E492
:105F980095F85D28002A3FF471AA012286F8843614
:105FA80086F88326FFF76ABA072B236840F2F18048
:105FB8000F2B40F26F8323681F2B87BF20220523F6
:105FC80010220423FFF7C8B94FF480236349FFF771
:105FD8004AB800F00F000E2800F01F830F2800F0C9
:105FE80018830D2800F01083284490F8603ADBB23B
:105FF80073E701220023FEF7BFBC01225DE44FF4E2
:1060080080235648564DAEE495F85238002B00F0E0
:106018005F81236843F400732360092385F85638A9
:106028004FF40073A380B5F85828A3889BB2134097
:1060380000F0458195F85638063B062B00F2DD84C2
:10604800DFE813F0C003FA03070007007A047204BC
:106058006F0495F85528404B03EB4233A36095F83D
:106068005D38002B7FF47EAE012386F8843686F8EF
:10607800833677E63E49D1F82037D1F82427934272
:1060880038BF03F540639A1AD1F82037D1F824179E
:10609800D5F8D00A5B1AD5F8D41A18BF012388425C
:1060A80018BF43F00203B2F5006FC0F0A88143F0B7
:1060B8001C0312E72D4B4FF48072C3F88420FEF7BF
:1060C8000FBB95F85D0800283EF4DDAC86F88436F1
:1060D80086F88326FEF7D7BC95F85D1800293FF4AB
:1060E8004EAB86F8843686F88326FFF748BB95F8CA
:1060F8005D78002F3EF4D6AD1B4F4FF4002EC7F845
:1061080088E0FEF7CDBD072B236840F23B810F2BBB
:1061180040F2868223681F2B40F2CA822023A38084
:106128000523FEF7ADBB4B0003F01E03FEF783BB50
:10613800D6F8381F0B4AC1F3470108480A4BFEF747
:1061480034BF00BFD0E10020509C0220503C032007
:1061580050BC02207049202070892020071C0300B1
:1061680090E10020800200200040004200C0004270
:1061780090F10020D6F8341FDCE7A44BFEF7F0BC02
:10618800A34BFEF7EFBC96F8943A83F00103FEF7B1
:1061980006BF012B40F29A812368032B87BF042294
:1061A800022302220123FFF7D7B840F2C6439842E0
:1061B80018BF38283EF4EFAF40F2625398423EF4DD
:1061C800EAAFFEF760BC012386F84836236843F03F
:1061D80040032360062385F856384023A380B5F88A
:1061E8005828A3889BB2134000F0188195F85638B8
:1061F800063B062B00F2D983DFE813F0AE03AC03AD
:10620800CA03CA03BF03CD034003236843F0200336
:106218002360052385F856382023A380B5F858282D
:10622800A3889BB2134000F0B98095F85638063B16
:10623800062B00F21784DFE813F089027B02A20222
:10624800A2029702A70295027F2B40F2F9812368E8
:10625800FF2B87BF4FF40072082380220723FFF724
:106268007BB895F85D28002A3FF462A9012286F8D8
:10627800843686F88326FFF75BB9072B236840D955
:106288000F2B40F20B8223681F2B87BF2022052388
:1062980010220423FEF7F6BF95F85D28002A3FF484
:1062A800FDAB5C4A4FF40021C2F88810FFF7F4BB3D
:1062B80095F85538FFF711B8544BFEF77ABC95F8A6
:1062C8005D28002A3FF44EAD86F884360123CEE6D9
:1062D800236843F010032360042385F856381023FD
:1062E800A0E6072B236840F26D810F2B40F209814D
:1062F80023681F2B87BF2022052310220423FFF7C2
:10630800A3BB012B40F2AB812368032B87BF042278
:10631800022302220123FEF7B5BF7F2B40F2B6818C
:106328002368FF2B87BF4FF40072082380220723BE
:10633800FEF7A8BF7F2B40F25C812368FF2B40F259
:1063480053814FF40073A3800823FEF799BA95F898
:106358005D2822B1012286F8843686F8832695F8CE
:106368001539002B3FF48AA8002385F8153985F8DC
:106378005F3886F83C3695F85E38DBB286F83D36ED
:10638800FFF77CB8012B40F29D812368032B40F274
:1063980094810423A3800223FEF772BA95F85D283E
:1063A80032B11C4A4FF40027C2F8887085F85D386E
:1063B80095F85E38D3B195F85F381BB1A38803F020
:1063C80030039BB12368DF0410D4134B4FF4807261
:1063D800C3F8882096F83C36002B3FF49EAC95F81D
:1063E8005D38002B7EF4BEAEFEF74DBB0A4B4FF472
:1063F8008072C3F88420EDE7054BFEF7DCBBB2F5ED
:10640800806FC0F0FB8043F0180366E550DC022083
:10641800509C02200040004200C0004295F85D28D0
:1064280032B1BB4A4FF40027C2F8887085F85D384E
:1064380095F85E38A3B195F85F381BB1A38803F0CF
:1064480030036BB12368DA040AD4B24B4FF480727C
:10645800C3F88820B1F5005FFEF484AEFEF76FBB89
:10646800AC4B4FF48072C3F88420F3E72268012A0A
:106478003EF67BAA0122FEF77FBA95F85538FFF75A
:106488005BB9072B236816D90F2B40F2C781236805
:106498001F2B87BF202205231022042324E47F2BEF
:1064A80040F2C0812368FF2B87BF4FF40072082396
:1064B8008022072318E4012B40F203822368032B70
:1064C80087BF04220223022201230DE401220023B4
:1064D800FEF742BF4FF40073A3802368B3F5806FC3
:1064E8002CBF0A230923FFF7B0BA7F2B76D923687C
:1064F800FF2B87BF4FF40072082380220723FFF782
:10650800A3BA08220323FFF79FBA95F8B8396EE5B6
:106518008149D1F85803D1F85C2390423FF45BAB32
:10652800D1F85C337D4A334493F8583FD1F85C0383
:1065380002EB83027A4B0130D2F88020C0F30900C5
:10654800534042F48022C1F85C03FFF745BB754A0B
:1065580002F580510C6B486B84423FF43CAB486BAE
:106568006E4B024492F8302C486B03EB82026C4B62
:106578000130D2F88020C0F30900534042F4802251
:106588004863FFF729BB6749D1F8B008D1F8B428A8
:1065980090423FF420ABD1F8B408604A0844604BFD
:1065A80090F8B044D1F8B40802EB84020130D2F874
:1065B8008020C0F30900534042F48022C1F8B40897
:1065C800FFF70ABB012B40F231812368032B87BFF9
:1065D8000422022302220123FFF736BA40220623AF
:1065E800FFF732BA504B03E48023A3800723FEF75A
:1065F80047B94023A3800623FEF742B9FF2A7FF656
:106608006CAC43F0080368E495F86E3AC3F10203F2
:10661800EDE495F86F3A9B00E9E495F86D3AE6E405
:106628000823A3800323FEF72BB94FF40073A3803C
:106638002368B3F5806F2CBF0A230923FEF723BE16
:1066480040220623FEF788BE4FF40073A380236818
:10665800B3F5806F2CBF0A230923FEF77EBE012203
:106668000023FEF70FBE4FF480232D48FFF77BB9B8
:106678002E4BFFF7BFBB4FF40073A3802368B3F51D
:10668800806F2CBF0A230923FEF7FAB8402206239D
:10669800FEF7F8BD08220323FEF75EBE0822032397
:1066A800FEF7F0BD4FF40073A3800B23FEF7E8B8A4
:1066B8001023A3800423FEF7E3B80223A380012359
:1066C800FEF7DEB80123A3800023FEF7D9B84FF404
:1066D8000073A3802368B3F5806F2CBF0A230923B6
:1066E800FFF703BB104BFEF73EBF104BFEF7DFBEB4
:1066F800B6F8983AFFF75BBB96F8E73A002B7EF4BA
:10670800BDAE012386F8913A86F8E83AFEF7B6BEA0
:106718000040004200C000428802012080020020A0
:10672800071C03008003012050DC0220509C02203B
:10673800B54BA36095F85D38002B7FF439AEB34BA9
:106748004FF40022C3F8842001232FE695F85A3825
:1067580003B395F85BC8AE4BAE4ABCF1000F08BF57
:106768001346E6E7AC4BE4E795F8553895F8552815
:106778000F2B07D9103AA94B03EB4233D9E795F809
:106788005528F8E7A64BF7E795F85C38002BF6D1C3
:10679800A44BCEE79E4BCCE7A14BFFF709B895F881
:1067A8005A38002B37D095F85B18994B994A00292D
:1067B80008BF1346FEF7B3BE934BFEF7B0BE964B29
:1067C800FEF7ADBE95F85A38EBB195F85BC8904B1B
:1067D800904ABCF1000F08BF13463FE48A4BFFF70D
:1067E80051B98B4BFEF7C2BF894BFEF74FBA95F8EC
:1067F8005A3853B195F85B18854B864A002908BF6B
:106808001346FFF73FB9824B28E4814BFFF73AB9AB
:10681800834BFEF739BE7E4BFEF781BE0822032369
:10682800FFF762BA40220623FFF75EBA0123A3806E
:1068380085F85668FFF70BB9734B0FE495F85528A0
:10684800764B03EB423395F85D28A360002A7FF46A
:1068580086AD012386F8843686F883367FE56A4B51
:10686800F1E795F85A38002B00F09B8095F85B18F3
:10687800674B684A002908BF1346E4E7664BA360E4
:1068880095F85D38002B7FF4D3AD604B4FF40022B0
:10689800C3F884200123C9E595F85C38002B7FF400
:1068A800ECA8604BFFF7EEB895F8553895F85528E1
:1068B8000F2B0AD9594B103AFFF7E2B8564BFFF79E
:1068C800E1B801220023FFF70FBA554BFFF7D8B8FC
:1068D80095F85C38002B7EF41DAE524BFEF71FBEB8
:1068E80095F8553895F855280F2B06D94B4B103A83
:1068F800FEF713BE464BFEF7B8BD494BFEF70DBE7B
:10690800454BA0E795F85C38002B97D1454B9AE7A3
:1069180095F8553895F855280F2B16D93F4B103A4E
:106928008FE73D4BFFF79ABB95F85C38002B7FF457
:1069380090AB3C4BFFF792BB95F8553895F8552826
:106948000F2B04D9103AFFF786BB354B79E7344B48
:10695800FFF782BB2C4B92E795F85A385BB195F854
:106968005BC82B4B2B4ABCF1000F08BF134686E7C8
:106978002B4BFEF7DCB9264B81E795F8553895F88F
:1069880055280F2B0FD9103A244B03EB423376E7E7
:1069980095F85528F8E795F85C38002BF8D1214B85
:1069A8006DE71B4B4FE71E4BEFE795F856281E4B3C
:1069B80003EB823363E795F856281B4B03EB8233CE
:1069C800FFF760B895F85628174B03EB8233FEF7AC
:1069D800C9B895F85628144B03EB823333E795F87A
:1069E8005628114B03EB8233FEF7E5B895F8562885
:1069F8000D4B03EB8233FEF738BD95F856280A4B4A
:106A080003EB8233FFF72ABBD0E1002000400042AD
:106A1800509C0220503C032050BC0220708920204A
:106A280050DC022070492020501C012095F856287F
:106A3800134B03EB8233FEF799BE95F85628104B9B
:106A480003EB8233FEF76BBD95F856280C4B03EB2E
:106A58008233FEF72CBD95F856C8094B03EB8C33EF
:106A6800FEF714B995F85628054B03EB823360E618
:106A780095F85628024B03EB8233FFF7BBB900BFEA
:106A8800501C01202A4830B58378032B39D1294B73
:106A9800996811F0800134D1274B81701B7803F07D
:106AA800FF02DBB1254B93F80A4404F0FF02ACB1B6
:106AB80093F80B4434BB93F8081401F0FF0469B150
:106AC80093F80A2402F0FF05F2B193F80B1401F0D1
:106AD800FF0219B9012283F80B242A46C3789C07C0
:106AE8000FD417490B7863B9164B187848B95878FA
:106AF80038B915480068C0040AD59978012229B127
:106B08005A7030BD0A46E9E72246E7E7DA70F8E747
:106B1800187910B101221A70F3E7002AF1D1012384
:106B28004FF400020B70094BC3F88420E9E700BF5B
:106B38000865002000C000420FF9002010F900206D
:106B4800E1E9002000700020C064002000800042BD
:106B580020F47F6020F00F0000F5805203680430B5
:106B6800013303D19042F9D10020704701207047CA
:106B78000D461646002483B5B44211D305F12045CD
:106B8800B5F5000F06D204F1C044154D04F12043B9
:106B9800AB4219D34FF0E023124AC3F80C2DFEE79D
:106BA800C4F30B0304F1C04733B93846FFF7D0FFED
:106BB80010B138461AF076F8635901A938460434FA
:106BC80001931CF031FCD7E7C4F30B0333B920461B
:106BD800FFF7BEFF10B120461AF064F80434D5E779
:106BE80000C07F000400FA0508B5074B1B78032B8B
:106BF80009D1064B9B68DB0605D4022006F0AEFAE5
:106C0800034B01221A7008BD3017012000C0004252
:106C1800311701202DE9F04FDFF814A29BB09AF844
:106C280003309F0700F14982734B744A596813680F
:106C3800CB1A652B40F23782714B116019695A697A
:106C4800914220D06F494A69885C4A69012802F15B
:106C5800010202F00F024A615A699A5C5969D2B27C
:106C680001F1010101F00F01596101F09C80664BAF
:106C780019780229CBB201F06A84032B00F06A87E5
:106C8800012B00F04C87DFF8ACB1DFF8AC9199F834
:106C9800983C9BB3D9F84020D9F844309A421FD089
:106CA800D9F88C304B4493F84820D9F88C3001330C
:106CB80003F03F03C9F88C30D9F8443019F8033091
:106CC800DCB2D9F84430013303F03F03C9F844304B
:106CD80002F0FF03002A00F09C87012B00F0FC86DD
:106CE80099F8993C002B00F01787434A5368D9F864
:106CF8009C1C5B1A45498B4200F2C287444C94F8AD
:106D08000934002B40F0688594F80A3403F0FF0634
:106D180033B194F80B3403F0FF00002B01F01E810F
:106D28003C4B1B7803F0FF02069203B33A4DD5F8AB
:106D38008020D5F884309A420DD09AF88830012BFB
:106D4800DAB200F08987022A00F00A86334B1B78F2
:106D5800002B01F08C86324D2A78012AD3B201F03B
:106D68008883022B01F06683002B00F0F0852D4DFF
:106D78002B6C6A6C9A4200F05A8495F84830002BC4
:106D880001F044806B6C01222E6E15A9EF5C6B6CD0
:106D980030468DF85470134403F03F036B64002EA3
:106DA80000F070813368DB6898472A6C6B6C9A42F4
:106DB800E8D14FF4FA73EB649BF88C3003F0FF01D1
:106DC800002B5ED09BF841E0BEF1000F59D09BF834
:106DD800883000251448DBF83C201844DFF84CC004
:106DE80008930695DDB298463E2D079541F2FC8240
:106DF8000E4E0BEB03073AE0001000E034170120B9
:106E0800ECF80020D4F80020DC0101207F8D5B0025
:106E180010F90020E3E9002000EA0020E4E900205E
:106E2800CC64002060EB002047700020ABAAAAAA1F
:106E3800086500200070002020EC0020D2F8943C67
:106E4800134493F89000D2F8941C0A28C5B201F1B3
:106E58000101A6FB01C34FEAD32303EB4303A1EBD4
:106E68008323C2F8943C01F0148387F84850D2F881
:106E7800903CD2F8941C9942E0D1069B002B41F03B
:106E8800F1859BF8003033B18D4B1B7803F0FF057B
:106E9800002B01F03C829BF8013023B1894B1B6821
:106EA800D80400F1078588490B78002B40F00D8441
:106EB8009BF803303BB10022824B8BF803201B6800
:106EC800DD0400F1E584814A1378012BD9B200F082
:106ED800C583022910D17E4B9B68D80640F13085C6
:106EE800DAF88C30013BCAF88C30DAF88C301BB9F0
:106EF80078490B70032313709AF80220012AD3B241
:106F080000F01085022B00F00A87002B00F0F886AD
:106F18009BF85432002B40F0CD806F4CD4F8A4502D
:106F2800002D00F08E80226A636A9A4200F0848005
:106F3800E36C234493F82860E36CF6B2013303F062
:106F48001F03E364636AE25C636A02F0FF010133D2
:106F580003F01F036362002A00F0F48601296BD155
:106F680005F58047284604F056FED7F89400002817
:106F780001F0DC838369D7F898101193002902F097
:106F8800E6838B69D7F89C201293002A02F0DC83F1
:106F980093691393D7F8A030002B02F0D283D3F86B
:106FA80018C0CDF850C018B106F0010CC0F818C0D0
:106FB80019B1C6F3400CC1F818C01AB1C6F3800C59
:106FC800C2F818C013B1C6F3C0069E6100B180694B
:106FD800159001B18969169102B19269179203B1AE
:106FE8009B6918931AAAD7F8883002EB830353F8E1
:106FF800142C53F8243C9A420DD0384BFB65002AD8
:1070080001F0C0827B6F284603F0F7037B6704F02A
:1070180020FED7F8843094F8A1306BB9D4F8A800D2
:1070280018B103681B6A03B19847D4F8AC0018B1CB
:1070380003681B6A03B19847226F636F9A4200F096
:107048004F84274B1A78002A54D1264B1A788AB1D4
:10705800254A002018701378BF2BDAB200F2D982C3
:10706800224F02F03F0497F84831A34200F0B88558
:107078000CF02AFA9BF8933B002B40F092821BB04D
:10708800BDE8F08F2A6C6B6C9A423FF492AE6B6C41
:10709800EB5C6B6C013303F03F036B642B6C6A6C25
:1070A8009A42F4D185E6DFF848B09BF85432002BB9
:1070B8003FF433AF0CF018FF2FE709F0C3F8B3E53E
:1070C800DC010120C064002005F9002030170120F0
:1070D80000C0004231170120A8EA002055581400CA
:1070E8009AEA002006F9002007F90020F88000201D
:1070F80000700020BB4C4FF0000294F83EC994F891
:107108003F79BCF1000C94F8406994F8415918BFD4
:107118004FF0010C003F94F8420918BF0127003EC8
:107128001A7018BF0126003D9AF8803018BF012553
:1071380094F8431900380D9394F8443918BF012086
:107148000039069518BF0121003B94F8492918BF5A
:107158000123079394F845391D1E94F8463918BF42
:107168000125B3F1000994F84739089518BF4FF085
:107178000109D4F84C59B3F1000894F84A39099533
:1071880018BF4FF00108984D003AD4F850E985F837
:1071980000C018BF0122DFF8ECC2003B069D8CF846
:1071A800007018BF0123914FCDF828E03E70904E33
:1071B80094F848E935708F4D28708F480170079909
:1071C8008BF8931B08988D49099D08708C4994F891
:1071D8004BC981F800908B49BCF1000C94F82378D6
:1071E8000D6018BF4FF0010C0A9D003F864994F8C6
:1071F800246818BF01270D60844D003E94F82508C7
:1072080085F80D2418BF0126814A0038814982F883
:10721800223518BF012094F8263881F80080003BF9
:107228007D49069018BF012381F800E094F8219861
:10723800079394F8273894F82E28191E94F82838BC
:1072480018BF01210891191E94F82A3818BF012186
:10725800003B099118BF01230A9394F82938181E96
:1072680094F82B3818BF0120191E94F82F3818BF2E
:1072780001210B9069480C9194F82D1894F82288F4
:1072880080F822C50039DFF800C2069818BF01212E
:107298008CF80070003A624F18BF012294F820E879
:1072A8003E70003B5F4E18BF012394F8317886F892
:1072B80000905D4E94F833C886F800805B4E3070BD
:1072C800079E5B480670089E5A480670099E5A48F1
:1072D80006700A9E594806700B9E594806700C9E07
:1072E80058480670584E94F83408317057490A7057
:1072F800574A94F8361882F800E0564A94F832E86B
:10730800137094F83038003B18BF0123003F18BFB2
:107318000127BEF1000E8BF88E3B18BF4FF0010E0F
:10732800BCF1000C18BF4FF0010C003818BF012049
:10733800003918BF0121079194F8351894F83828B6
:1073480006914549003A94F839380F7018BF012260
:10735800424F003B069987F800E018BF0123404FD1
:1073680094F8379887F800C03E4F089338703E4825
:1073780094F83A3801700799003B3C4818BF01233C
:1073880094F83B8801703A493A4881F800903A49A4
:107398000A7004F63C01089A8BF8602A4FF4807250
:1073A8008BF8793B8BF88D801FF0C6FD94F868192F
:1073B8004FF00002314800398BF8762B94F86A298F
:1073C80018BF012194F86B39003A017094F86919D3
:1073D80018BF0122003B8BF8771B294918BF0123EE
:1073E80054E000BF00002020A6EA0020C6F80020D4
:1073F800EDEB0020C7F80020CE640020BA01012080
:10740800B8010120BC010120C0010120E0010120D8
:1074180030080120CD6400205EEB0020B00F012071
:10742800A4EA00205CEB002009F90020C5F8002040
:10743800EFE90020C4F80020A5EA0020EBE90020CD
:10744800D0F80020EAE90020D1F80020C1F8002097
:10745800A1EA0020C0F80020D2E90020E3E90020DA
:10746800E0E90020E2E90020E5E90020E4E9002065
:10747800D4E90020777A0020FCE90020D0E9002038
:10748800D6E900205DEB0020A3EA00200A70BE4A7E
:10749800137094F86C398AF8013094F86D398AF8C9
:1074A800003094F83C39002B40F070878BF8613A33
:1074B8009BF8613A3BB194F83D3923B1D4F864198B
:1074C800002941F01D83B14B00221A7094F82C2832
:1074D800AF4B1A7032785AB11A780F2A08D91A782D
:1074E8000021AC4B103A03EB4233AB4A11700DE06C
:1074F80019781A7801F00F01A84BA2F1030203EBE7
:107508004133A549B2FA82F252090A70A44A1360BB
:107518009BF88E317BB10023A24CC5F8083401E0FA
:107528001AF0EEF8D4F890040368DB68984700284E
:10753800F6D18BF88E019BF88E31002B00F00B876B
:10754800FF2301210D9A00208AF88030964B83F89A
:10755800411196491CF082F80021954B4FF00040EC
:10756800944A1970944BC2F88400944A58680240AF
:107578004FF480005A604FF48022C3F88820904A64
:107588001170904AC2F884000822C3F884204FF48E
:107598000022C3F8882003238B4A11708AF803302D
:1075A80053E5814FD7F850515DB1EC6834B1236889
:1075B8002046DB6898476468002CF8D1AD68002D38
:1075C800F3D197F87931002B40F0EC8697F8EA313F
:1075D800002B3FF454AD97F8D431D7F8EC21012BA8
:1075E80001F04680022B00F0E48712F4706FC2F3BA
:1075F80003231CBF75495B1897F8E81618BF13F8E2
:10760800983C002901F0B38202F0F002134300F025
:10761800E6BF654B93F8492193F84801002A14BF47
:1076280008230323C01AB0FA80F0400920E5EB6C68
:10763800002B3FF4C1AB013BEB64002B7FF4BCABE8
:10764800286E30B10368DB6A984705F1500004F0F2
:10765800E7F8002385F84830FFF7AEBB554B99682B
:10766800CC0600F154815A49087800283FF444AC0C
:10767800DAF804000138CAF80400DAF8040000282F
:107688007FF43AAC08704FF000444B491070C3F8CF
:1076980084404A4B4A6813404FF480224B60C1F83B
:1076A8008820474A474B10704FF48002C3F8842063
:1076B80008224FF40023C1F88420C1F8883007233A
:1076C800414A10708AF80330D9E40022414B0A700D
:1076D8009BF85A121B789942D8B240F2A0820CF05B
:1076E800C5FF002840F0A08201238BF803309BF8E7
:1076F800643A0B3B212B3FF6DBAB01A252F823F097
:10770800EB6B000061460000614600006146000026
:1077180061460000614600006146000061460000C5
:107728006146000061460000876B0000614600006A
:10773800576B00006146000061460000614600008A
:107748008B6300008B630000614600006146000007
:10775800556C00006146000061460000614600006B
:107768006146000061460000614600006146000075
:107778006146000061460000614600008B6300001E
:107788008B6300000B6C0000D3E900200FF9002088
:10779800D2F8002070892020F0E9002050DC022077
:1077A800F4E9002038170120F88000202438002050
:1077B8003017012000C0004200400042F8E3FCFFFF
:1077C8000AF9002000800042EDE90020C0290020CD
:1077D8003117012008F90020D4F8583473B1D4F8CF
:1077E8000024D4F804349A4238BF02F58062D31AD0
:1077F80040F2FF32D21AC02A01F23E81D4F858343E
:10780800002B7FF481AAD4F80024D4F804349A42D7
:1078180038BF02F58062D31A40F2FF32D21AC02A6A
:107828007FF672AA94F85E34002B01F09F821CF058
:10783800D5FE002801F0568194F86034002B3FF4FF
:1078480063AA002384F8603494F80A3403F0FF0232
:10785800002B7FF459AA84F80C241DF0EDFF0028B2
:107868003FF452AA94F81A341E0602F1BB83B4F806
:107878000E349BB2CD2202FB03F3C4F82034C34B71
:107888005B68C4F82434012384F80A34FFF73CBA4F
:10789800BF4B1B78002B7FF416AB0EF033F8BD4AB4
:1078A80001211369D15413690B4403F00F031361C9
:1078B800FFF709BB0023B849B64A0B708BF80130B3
:1078C800B64BB7481B780533DBB203700220136947
:1078D800D0541369013303F00F031361FFF7E4BABF
:1078E800D4F8A46006F58045D5F88430DBB284F876
:1078F800A23094F8A23003F0C003C02B01F03887FF
:1079080094F8A230DBB284F8A030FFF79ABBA54BFD
:1079180002211170CAF88C309AF80220012AD3B2D9
:107928007FF4F0AAA04B9B681A067FF5F1AA022102
:107938009E4B9F4A8AF80210C3F84421FFF7E8BA21
:1079480001219C4B1170CAF80430FFF7D5BA9A4B45
:107958001B78002B7FF40BAA01232B70FFF707BAC3
:10796800954B1B78002B40F07F81904FD7F8303132
:10797800013BC7F83031D7F83031002B7FF4EBA941
:10798800D5F88030D5F88420934238BF80339B1ACD
:1079980013F0FF03079302F06080DFF840827BE07A
:1079A800FF2E02F07B803303760803F480530F2EFA
:1079B80087BFA6F11002814803EB4633804888BF91
:1079C80003EB42334FF480521844FF211FF016F99D
:1079D8000122F10806F0070618F80130B24023EA40
:1079E800020308F8013098F80030002B41F0A68611
:1079F80098F80130002B41F0A18698F80230002B4E
:107A080041F09C8698F80330002B41F0978698F84F
:107A18000430002B41F0928698F80530002B41F095
:107A28008D8698F80630002B41F0888698F8073044
:107A3800002B41F0838698F80830002B41F07E86B1
:107A480098F80930002B41F0798698F80A30002B15
:107A580041F0748698F80B30002B41F06F8698F847
:107A68000C30002B41F06A8698F80D30002B41F05D
:107A7800658698F80E30002B41F0608698F80F3034
:107A8800003B18BF01234F4A1370079B013B13F0BB
:107A9800FF03079301F0E187D5F88020D5F88430FB
:107AA8009A4201F0DA87D5F88430EE5CD5F8843054
:107AB800F6B2013303F07F03C5F88430424B1B78DC
:107AC800002B7FF46DAFFF2E01F020873B484FF469
:107AD800804200EB463078E700201BF013FD99F850
:107AE800983C002B7FF4FCA8631E3848DBB2062BB9
:107AF80096BF374A4FF4E13102EB43034FF00002DF
:107B080098BF33F8C81C17F0DFFC204B01225B68D4
:107B1800A9F8982CC9F89C3CDAF81C10B5E02D4D52
:107B280095F80E34082B3FF6AEA801A151F823F0C2
:107B3800A968000041670000276700009D680000F1
:107B48009368000071680000374400003744000063
:107B580011680000204C94F82335082B3FF693A8B1
:107B680001A151F823F000BFA36600008F66000052
:107B78008366000069660000BD6600005567000066
:107B8800374400003744000079670000001000E027
:107B9800E1E90020C401012005F90020C4F8002013
:107BA8000DF90020C3DA350000C00042F88000203B
:107BB800B0760D000F6BD700E4E900207089202013
:107BC80050DC022098EA0020D0E90020146500204B
:107BD800C0290020E0010120B00F012088EA002020
:107BE80097F84931002B40F03987B54B234413F8F7
:107BF800B85C4FF6FF73DAF8A0008DF85650ADF870
:107C080054301EF052FB002841F012860020FFF786
:107C18002FBA2146AB4819F008FEFFF761B80323D5
:107C28008BF85E2A8BF8643A9BF8643A213B0F2B59
:107C380001F21A80DFE813F0EA0A1808B70ABB0A4B
:107C48006D0ADB0A1808160BFC0A18081808180829
:107C5800F80AF40A520B240B9B4B1B78002B7FF479
:107C68007AA802238AF88830984B994A1978994B50
:107C7800002908BF1346984AC2F83031FFF76BB89D
:107C88005368DAF81C10C9F89C3C72B6BAF856204A
:107C9800BAF8583092B29BB29A423CBFDAF8440024
:107CA8001218D31ACA6A62B6C2F30262DA423FF401
:107CB80025A8D9F8902C894C0132D9F8943CA4FB1A
:107CC8000201C90A01EB4101A2EB81229A423FF469
:107CD80015A87C4817F094FDD9F8903CC2B24B44E3
:107CE80083F89020D9F8902C0132A4FB0213DB0A08
:107CF80003EB4303A2EB8323C9F8903CFEF7FEBFD6
:107D0800774B1B78002B7FF403A9764B9B681906E9
:107D18007FF5FEA801238AF80230FFF7F9B8714B06
:107D28009B6813F0800F6C4B00F0B083D3F84421AC
:107D3800013AC3F84421D3F84431002B7FF4E8A872
:107D48000323E8E794F8A23005F5804703F07F03A2
:107D580084F8A2302B68013B022B06D8D7F8903064
:107D6800F96529600BB128469847D7F8843013F095
:107D7800200340F09D846A69002AC1F2F285AA694D
:107D8800002A41F32E80EB69013A0133EB612B4461
:107D980083F82060AA61002A7FF44EA9284604F0DF
:107DA800AFF8FFF749B902F00302012A00F0B884DE
:107DB800022A00F0AD844C4E0023DFF844B1337042
:107DC8003278012AD3B200F09484023B012B3EF6AC
:107DD8005CAF9BF88E3183B1444B0022444CC3F80E
:107DE800082401E019F08CFCD4F890040368DB68DF
:107DF80098470028F6D18BF88E019BF88E31002B1E
:107E08003EF443AF00233370FEF73FBF286E1EF0E9
:107E18004CFA00287EF4B6AF95F86430002B40F099
:107E28008380DFF8E08018F075FD0E46074618F0ED
:107E3800D3FC98F806303146384603F2B2730993FA
:107E480018F0CAFC98F8052031463846089218F010
:107E5800C3FC98F8043031463846079318F0BCFC48
:107E680098F8022031463846069218F0B5FC31469B
:107E7800384698F8016018F0AFFC069A2821079B4D
:107E880005F16400CDE90226089A0193009298F85A
:107E98000020099B0492174A20F084FB064605F14E
:107EA80064011548A6F1040804F0C1FB00283BD082
:107EB8006036C8F12808114AAF19012628E000BF2A
:107EC800C029002014650020E4E90020D0E9002042
:107ED8005AC50A0056B10200F8800020ABAAAAAA27
:107EE800E1E9002000C00042DC010120E00101209E
:107EF80038170120443700203C1701206C37002038
:107F08000070002010EC0020642E944A01F00685D1
:107F1800334641463846013620F044FB90499148A3
:107F280004F085FB0028EFD101238D4A8E4915A85E
:107F380003F03AFC15A98D481EF0ABF915A803F01B
:107F480081FC286E1EF0B1F9002840F0BF8500239F
:107F580085F848302B6C6B64FEF72EBF844B5B684A
:107F6800D4F824249B1AD4F820249342C0F0938098
:107F78004FF0AA0E01274FF0400CCD2117E084F8EE
:107F88001904D4F820249B1A94F80D24092A94F88B
:107F98001A243CD015063ED4B4F80E2492B201FB44
:107FA80002F2C4F82024D4F82024934273D3D4F8DE
:107FB8002024D4F824542A44C4F8242494F80D2402
:107FC800052A05D894F80C2482F0010284F80C24C0
:107FD80094F8195405F0FF02002DD0D1D4F81C54A0
:107FE800062D1BDC94F81A245200D2B284F81A2405
:107FF800D4F81C240132C4F81C2494F80D24A2F1EE
:108008000302B2FA82F2520984F81924B9E7D209B4
:1080180084F80C24C0E7B4F81024BFE7D4F814544B
:10802800002D00F0A98094F80D54023D072D02F2AE
:108038008380DFE815F08F00080038003100350034
:108048004D047E030A0084F81974D4F80084D4F827
:108058000454A84501F08483D4F80424A55CD4F81A
:108068000424EDB20132C2F30902C4F8042484F8EE
:108078001A54D4F81424013AC4F8142494F80D249A
:10808800042A3FF47EAFD4F81424002A00F0388183
:10809800C4F81C0475E7324684F80A24FEF740BE8B
:1080A80084F81A04E5E7D4F80084D4F80454A84501
:1080B800F2D084F81AC4D4F80424A55CD4F80424B3
:1080C8000132C2F30902C4F80424A4F80E54D4F807
:1080D8000424A55CD4F804240132C2F30902C4F8CC
:1080E8000424B4F80E2492B242EA0522A4F80E241D
:1080F800D4F80054D4F80424954200F01386D4F838
:108108001424012A40F20E860622C4F81C24D4F84E
:108118000424A55CD4F804240132C2F30902C4F88B
:108128000424A4F81054D4F80424A55CD4F8042436
:108138000132C2F30902C4F80424B4F8102492B23C
:1081480042EA0522A4F81024D4F81424013AC4F809
:1081580014248EE784F81AC48BE700BF6C3700201C
:10816800C4EB00203C17012038170120B0EB002099
:10817800001000E084F80C04D4F80084D4F8045407
:10818800A84500F0E181D4F8045414F80580D4F827
:1081980004545FFA88F80135C5F30905C4F8045496
:1081A80084F80D84D4F8045414F80580D4F80454E1
:1081B8000135C5F30905C4F80454A4F80E84D4F8AD
:1081C800045414F80580D4F804540135C5F309059E
:1081D800C4F80454B4F80E54ADB245EA0825A4F81E
:1081E8000E54D4F8045414F80580D4F80454013516
:1081F800C5F30905C4F80454A4F81084D4F8045449
:1082080014F80580D4F804540135C5F30905C4F8F9
:108218000454B4F81054ADB245EA0825A4F8105433
:10822800D4F8045414F80580D4F804545FFA88F894
:108238000135C5F30905C4F80454C4F81484D4F806
:10824800045414F80580D4F804540135C5F309051D
:10825800C4F80454D4F8145445EA0825C4F814544E
:10826800D4F8045414F80580D4F804540135C5F33F
:108278000905C4F80454D4F8145445EA0845C4F868
:108288001454D4F8045414F80580D4F8045401356F
:10829800C5F30905C4F80454D4F8145445EA08652C
:1082A800C4F81454D4F8045414F80580D4F80454C9
:1082B8005FFA88F80135C5F30905C4F8045484F851
:1082C800188494F80D54002D3FF4E6AE94F80D543C
:1082D800023D072D01F230870FF2040858F825F007
:1082E80005590000F757000057580000495800008A
:1082F800515800002559000025630000FB57000075
:1083080094F81824C2F10802C4F81C2439E60D2395
:10831800BC4A8BF8633A8BF8023003238BF8643A33
:10832800B94B1B78DBB282F8F834B84B1B78DBB258
:1083380082F8FF340DF0E6FAB54B0C221A700122D0
:10834800B44B1A704FF40002B34B8BF80050C3F8CB
:108358008420FEF7A0BD0D9C4FF40033AF4AB0490E
:1083680020460AF051FA00283FF4EAA80E2C4FF0F4
:10837800FF0301D88BF85C4A01228AF88030A94BA8
:1083880083F841210AF0BAFCFEF75FBE3378002B70
:1083980040F0AC81A44B1B8883F40073C3F34023E3
:1083A800FFF784B8A149D7F87C210B68A04813448B
:1083B80097F87B21D7F880410B60D24301680023EE
:1083C800D2B2091B9B4C87F87B31016001212270D6
:1083D800994AC7F884311170C7F8883187F879311C
:1083E800C7E95F33FFF7F2B8D2F8906C0133D2F8DF
:1083F800945CAE423EF441ADD2F8945C154495F8D5
:108408009050D2F8946C079501369DF81C50099548
:10841800ACFB0675ED0A05EB4505A6EB8525C2F80C
:10842800945C079D0A2D34D0099D069100F8015FE0
:10843800FEF7D8BC814A127812BB7A4AD2F83411B6
:108448000139C2F83411D2F83421002A7EF48FACF5
:108458007B4A1278002A41F080849BF8792B002A05
:1084680001F05784774804F090FD03232B70FEF742
:108478007EBC724B1B78002B7EF479AC02232B70E8
:10848800684B714AC3F83421FEF771BC6F4AFFF795
:1084980053BA089B069A002A08BF98460023D84476
:1084A8008BF8883088F848309BF848302B2B01F03F
:1084B800FA81674BDBF848209A4200F03884BEF115
:1084C800010F3EF4DEACBBF8482044F64F339A4225
:1084D80001F00B845F4ADBF84830934208D05E49CC
:1084E8005E4A8B427EF4CDAC1379522B7EF4C9AC34
:1084F80000238BF841308BF88C309BF84030002BF0
:1085080000F03C839AF88970DBF84400FFB2002839
:1085180000F036830379413B122B00F23183DFE808
:1085280013F0EB072F032F03E7082F03DE082F03B1
:108538002F032F03D7082F032F03CF08EA08E408D7
:108548002F032F032F03E10884F80D04B9E6444CE8
:1085580094F82335082B3EF696AB01A151F823F089
:10856800A36600008F66000083660000696600004D
:10857800BD6600000768000037440000374400006B
:10858800C76600007B6F284643F008037B6703F04B
:1085980060FBD7F8843003F0F003802B3EF43BAD4A
:1085A8007B6F284643F0C0037B6703F074FBFEF73C
:1085B80032BDD7F8143213F0F80F0ABF2949002347
:1085C80051FA83F397F8E81608BF13F8A03C00297E
:1085D80040F08F8212F00F0F18BF43F010030020F5
:1085E8000021214C00222370204B87F8E921C7E99C
:1085F800BE01C7E9BC010121197087F8EA211BB047
:10860800BDE8F08F7029202009F90020A1EA002098
:108618000DF90020E1E90020008000427089202047
:1086280018380020F8800020E8E90020BC0101206B
:10863800C0010120BB010120BA010120E4E90020AA
:10864800D0E90020777A0020C3DA3500B0760D0033
:10865800574946494641494C4552524F48700020B7
:1086680030080120C0290020B9010120B8010120EB
:1086780012F0F00FC2F303131CBF91495B1897F86F
:10868800E81618BF13F8B03C002900F0368214042D
:1086980048BF43F01003500448BF43F0200391043F
:1086A80048BF43F04003D20499D543F0800396E7CE
:1086B80095F82030B96B03F01F00824BC340DB07ED
:1086C80000F1C8836B1883F834607B6B0131013B80
:1086D800B9637B63002B01F0D2812B68022B3EF635
:1086E800ABAC4FF47A73FB65FEF7A6BC0023FEF72C
:1086F800DDBE9BF88E31002B00F041839BF88E3154
:1087080003F0FF02002B7EF4C0AA3270FEF7BDBA58
:10871800DFF8B8B16C4E9BF88F3BDBB2FFF74FBB6D
:10872800DFF8A8B1684E9BF8903BF6E70346FEF7E2
:1087380022BC84F80C74D4F80084D4F80454A845F6
:1087480001F0A481D4F8045414F80580D4F8045432
:108758005FFA88F80135C5F30905C4F8045484F8AC
:108768000D84D4F8045414F80580D4F80454013561
:10877800C5F30905C4F80454A4F80E84D4F80454C5
:1087880014F80580D4F804540135C5F30905C4F874
:108798000454B4F80E54ADB245EA0825A4F80E54B2
:1087A800D4F8045414F80580D4F804540135C5F3FA
:1087B8000905C4F80454A4F81084D4F8045414F82F
:1087C8000580D4F804540135C5F30905C4F80454E8
:1087D800B4F81054ADB245EA0825A4F81054D4F8FA
:1087E800045414F80580D4F804545FFA88F8013565
:1087F800C5F30905C4F80454C4F81484D4F804541F
:1088080014F80580D4F804540135C5F30905C4F8F3
:108818000454D4F8145445EA0825C4F81454D4F878
:10882800045414F80580D4F804540135C5F3090537
:10883800C4F80454D4F8145445EA0845C4F8145448
:10884800D4F8045414F80580D4F804540135C5F359
:108858000905C4F80454D4F8145445EA0865C4F862
:108868001454D4F8045414F80580D4F804545FFA66
:1088780088F80135C5F30905C4F8045484F8188448
:1088880094F80D54002D3FF407AC94F80D54023DB4
:10889800072D01F251840FF2080858F825F000BF9F
:1088A80005590000F75700005758000049580000C4
:1088B80051580000956A0000E35E0000FB57000075
:1088C800C029002000000242DC01012000700020C5
:1088D80084F80C04D4F80084D4F80454A84501F0B2
:1088E800D980D4F8045414F80580D4F804545FFAF5
:1088F80088F80135C5F30905C4F8045484F80D84D3
:10890800D4F8045414F80580D4F804540135C5F398
:108918000905C4F80454A4F80E84D4F8045414F8CF
:108928000580D4F804540135C5F30905C4F8045486
:10893800B4F80E54ADB245EA0825A4F80E54D4F89C
:10894800045414F80580D4F804540135C5F3090516
:10895800C4F80454A4F81084D4F8045414F8058016
:10896800D4F804540135C5F30905C4F80454B4F81F
:108978001054ADB245EA0825A4F81054D4F80454AC
:1089880014F80580D4F804545FFA88F80135C5F363
:108998000905C4F80454C4F81484D4F8045414F829
:1089A8000580D4F804540135C5F30905C4F8045406
:1089B800D4F8145445EA0825C4F81454D4F80454D7
:1089C80014F80580D4F804540135C5F30905C4F832
:1089D8000454D4F8145445EA0845C4F81454D4F897
:1089E800045414F80580D4F804540135C5F3090576
:1089F800C4F80454D4F8145445EA0865C4F8145467
:108A0800D4F8045414F80580D4F804545FFA88F8AC
:108A18000135C5F30905C4F8045484F8188494F89A
:108A28000D54002D3FF438AB94F80D54023D072D3A
:108A380001F282830FF2040858F825F00559000066
:108A4800F7570000575800004958000051580000D7
:108A5800816000009D6A0000FB570000E51CEDB234
:108A6800FFF7C7B8079B8BF88830FEF70ABA0123CF
:108A78008AF88830FEF76FB900201AF03BFFD4F867
:108A88005834802B00F2AD87D4F85834D4F85424E5
:108A9800D4F85014521A934204D9D4F85434D4F860
:108AA80050249B1A9AB2002A41F0DD80C4F8582459
:108AB800D4F85854002D7EF4A1AEB4F85C0480B20A
:108AC8001BF067FCA4F85C54FEF798BE0223002252
:108AD80000930023286E1DF0EDFB012385F8483034
:108AE800FEF750B9012384F85F3484F80904FEF7CF
:108AF8000BB943EA0213DBB271E512F4704F6BE570
:108B0800BA4B9BF88F2193F8000703F5E063002820
:108B180014BF184600201AF0F7FEB54B18701B78E2
:108B2800002B3EF4D3ACB34B002283F80A2483F81D
:108B38000B2483F8092483F85F24C3F8582483F8A6
:108B48000D24D4F85429D3F80014C3F80414C3F836
:108B58005024D4F85829C3F84424D4F85C29C3F81D
:108B68004824D4F86029C3F84C24FEF7AFBC12F0AF
:108B7800F00F31E584F80C74FFF7FEBA9AF88930E3
:108B8800012500238BF88A5B8BF841308BF8035062
:108B98009BF8893B002B3EF474A9974B186810F496
:108BA80080507EF46EA906901AF0ACFC9BF8883BC6
:108BB800002B01F0EF808D4B069893F8002603F503
:108BC800C063002A14BF194600211AF0E5FC8B4B3C
:108BD8001D708B4B1D70FEF754B98A4B1B78002B08
:108BE8003EF466A9884C94F8A130002B7EF460A965
:108BF80004F036FB00283EF45BA97C4D95F8003460
:108C0800002B01F0878295F8003505F5A065D4F8AA
:108C1800A860002B7D4F336808BF0025BB4201F0D8
:108C280075827B497B4820F097FA002841F06882DA
:108C380094F8B030002B3EF43BA9002D01F05A8285
:108C4800D4F8AC4028462368BB420CBF04F120018D
:108C58006F4920F081FA00283EF42AA929462046C7
:108C680002F07AFFFEF724B9FF216B4B00228AF845
:108C780080104FF000411A70684BC3F88410A3F5B8
:108C880000435868664901404FF4800059604FF42A
:108C98008021C3F8881063490A706349C1F88400C9
:108CA8000821C3F884104FF40021C3F88810032367
:108CB8005E490A708AF803309AF8033013F002000C
:108CC8007EF4F6A84C490B683F2B0B6840F22B86C4
:108CD800B3F5007F0B68C0F0AA87B3F5006FC1F049
:108CE800E9800B68524AB3F5805FC1F0F7804FF412
:108CF80080730C2013804F4B18704F4804881088DD
:108D080080B2204000F0218618780638062801F243
:108D18001782DFE810F0FF04FD041D031D03F304B0
:108D28000C05FB040722C4F81C24FFF7A2B903F1C1
:108D38003063DBF84C2003F50F2303F6C9539A423E
:108D48007FF4BDABBBF8502044F620139A427FF461
:108D5800B6AB9BF85230502B7FF4B1AB02233748A7
:108D68008BF841301AF0BEFAFEF78BB84FF47A70E0
:108D78001BF00FFB012384F85E34FEF758BD304822
:108D88000EF096F92F48304C0EF092F901E018F0E9
:108D9800B7FCD4F890040368DB6898470028F6D13C
:108DA8002A4BD4F890042A4D93F82C41C5F80804AE
:108DB800E4B2002801F055800368DB69984785F81C
:108DC8000C44C5F8440601E018F09AFCD5F80804EC
:108DD8000368DB6898470028F6D101238BF88E31A9
:108DE8008CE44FF0FF336B61FEF726B9809926209B
:108DF8000FF9002010F90020C0640020CE64002084
:108E0800C7F80020A6EA0020A8EA0020D0640020C5
:108E1800E0360020809D26203017012000C0004247
:108E2800F8E3FCFF0AF9002000800042EDE9002089
:108E3800C4640020E6E90020E8E90020AC370020FF
:108E480030080120B00F012038170120F8800020D9
:108E5800E00101206A18FB6F92F834C003F00C0E91
:108E6800A6EB0C02B2FA82F25209BEF1080F18BF43
:108E780042F00102FF2E08BF42F00102002A7FF4EF
:108E880024ACBCF1FF0F3FF420AC112801F0BD80E9
:108E9800192801F0AB801E287FF417AC664582BF05
:108EA80003F0F30343F00403FB676645BFF40DAC1E
:108EB80003F0F303FB6708E4D4F82835042143EAF8
:108EC8000223DFF884B484F82315C4F82835FDF7A5
:108ED800DCBED4F82835032143EA0243F1E7120641
:108EE8000223DFF864B4C4F8282584F82335FDF795
:108EF800CCBE02F0C003402B7DF4C5AE02F03F02A9
:108F08000123DFF844B484F82425EEE7D4F82835A3
:108F180005211343D5E794F82435182B7DF4B3AE17
:108F280094F82C35002B01F07F80D4F83435E11803
:108F3800013381F8402540F20122C4F834359342C8
:108F48007DF6A1AE94F82105D4F80034002801F08C
:108F580077800D22E254D4F800340133C3F30903B7
:108F6800C4F800340023DFF8E0B384F8233584F82C
:108F78002C35FDF78ABED5F81434032143EA0243A1
:108F8800DFF8C4B385F80E14C5F81434FDF77DBEB8
:108F980012060223DFF8B0B3C5F8142485F80E349E
:108FA800FDF773BED4F80034FF22D248E254D4F857
:108FB8000034DFF894B30133C3F30903C4F8003471
:108FC8000EF08FFDFDF761BE94F82435182B7DF463
:108FD8005AAE94F82C35002B01F02680D4F834359D
:108FE800E118013381F8402540F20122C4F83435F4
:108FF80093427DF648AE94F82105D4F80034002851
:10900800A7D10522BC49E254D4F8003401334FF407
:109018000072C3F30903C4F80034D4F80034E054F0
:10902800D4F800340133C3F30903C4F80034D4F886
:109038000034E054A1F59C70D4F800340133C3F334
:109048000903C4F8003401F058F9D4F86C37013337
:10905800C4F86C3786E7D4F80034FF22A748A5E7A0
:1090680095F80F34182B7DF40EAE95F81834002BB4
:1090780000F0AC87D5F82034E918013381F83024A2
:1090880040F20122C5F8203493427DF6FCAD95F8F4
:109098000C24D5F80034002A00F0D9870D22EA54B0
:1090A800D5F800340133C3F30903C5F800340023AD
:1090B800DFF894B285F80E3485F81834FDF7E5BD6D
:1090C800D5F80034FF22DFF880B2EA54D5F800342E
:1090D8000133C3F30903C5F8003419F013FCFDF795
:1090E800D4BDD5F814340521134349E7D5F8143411
:1090F800042143EA022343E702F0C003402B7DF436
:10910800C2AD02F03F020123DFF83CB285F80F241C
:1091180044E77B490D22002381F8FD2481F8FC34C3
:1091280091F8F7243F2A04D87F2281F8F72481F8A0
:10913800F63491F8FB2442F2010591F8FA3442F230
:109148001300DFF80882203303EB022342F21202F5
:10915800C3F30C0308EB030408EB03065C23254464
:1091680004F50054324430442B703A2323703F23D3
:109178000370137843F0020313700222614B81F8E5
:10918800FE2491F8FF2442F0100281F8FF244FF4E6
:1091980080515D4A19601188090740F179861A687B
:1091A80042F008021A60594B00221A7084E5584BA5
:1091B8001B78002BF7D094F80B34002B00F0C586F1
:1091C80094F80834002BEED094F80A34002BEAD037
:1091D80094F80B34002BE6D04E4A4F4B5268C4F833
:1091E8002424C4F82034002384F80B34DBE74B4BE9
:1091F8000022464803F5805183F8F82F91F8FF3490
:1092080043F0200381F8FF34027055E5444B0022F7
:1092180044494FF000401A70434BC1F8840030E5D0
:109228003A4B05221A7047E5384B03221A7043E57A
:10923800FF230F208AF880300DF060FF00287DF4AE
:1092480037AE0121394B3A4A8BF80310072183F8CE
:1092580040011369D1541369013303F00F031361FB
:10926800FDF726BE9BF85C0A0DF048FF00287DF448
:109278001FAE01232E4A07218BF803301369E9E753
:10928800FF212A4B01228AF8801083F8412109F036
:1092980075FE00222749224B0A704FF000411A70D0
:1092A800204BC3F88410A3F50043234958680140B4
:1092B8004FF4800059604FF48021C3F888101F498B
:1092C8000A701F49C1F884000821C3F884104FF4BC
:1092D8000021C3F8881007231A49EAE40B4B062239
:1092E8001A70E9E484F80C04FFF725BA84F80C74C2
:1092F800FFF7F0BAB00F0120F01401203008012068
:1093080070292020C0640020E8E900200DF9002021
:109318000FF90020001000E00054EA2A70192020FC
:109328003017012000C0004200400042F8800020B1
:10933800C401012031170120F8E3FCFF0AF90020DD
:1093480000800042EDE90020007000207009202014
:10935800574B1878574B03EB40335748574C23600B
:10936800037833B9564B4FF40024C3F884400123E3
:109378000370544B1B78002B00F0EC81524B1B7888
:109388002BB1138803F03003002B00F0E3810B6846
:10939800DE0400F1DF814D4B4FF48072C3F8882062
:1093A8004B4A02216AE74B4B1B78002B3DF480ADFA
:1093B80003F056FF00283DF47BAD4FF40052FF2127
:1093C80045481DF01BFC4FF400524349434803F045
:1093D80067FFFDF76DBD424B1B78002B7DF468AD30
:1093E800404B198811F4007106917DF461AD03F0CA
:1093F80037FF069900283DF45BAD3B4D3B4B05F527
:10940800E06093F8F82F95F80037B2FA82F2002B53
:109418004FEA521208BF00201AF076FA344B18703F
:109428001B78002B3DF444AD94F83C34002B7DF4BC
:109438003FAD85F80037FDF73BBD0CF063FA244AD1
:10944800092013690021D0541369013303F00F0375
:1094580013618BF80310FDF72BBD0025254884F810
:109468000A5484F80B5484F8095484F85F54C4F8F7
:10947800585484F80D54D4F8003484F8A458C4F827
:10948800043484F8A45484F80854C4F85054C4F834
:10949800545402F06FFA144A154B82F800571D70A5
:1094A800FDF706BD0CF02EFA094A0820C9E700BFEF
:1094B800E5E9002070892020EDE90020C86400203B
:1094C80000400042EEE90020EFE9002000C0004221
:1094D800C40101200EF90020507C0220777A002078
:1094E800D1F80020E8E90020809926207019202072
:1094F8000FF9002038FD00204379702B14BF4FF07E
:1095080008084FF004080EAB08300FAAB5490293BB
:1095180015AB019311AB009310AB1FF077F804283B
:109528007FF72EAB0022B04EB04BB14D1A603368B6
:109538002B6017F0EFF90E9B159ACDF80080019378
:109548000F9BDFF8E882DDE9100117F031FA17F018
:10955800E1F92F2F8BBF4FF461734FF46173303FE4
:10956800C7F130078CBF03FB070303FB1703A14FA9
:10957800336003F596732B60022387F83831DBF8E4
:109588003832C7F83C3117F0C5F99B4F17F024F96A
:109598003B78089317F0BEF917F01EF97A7898F817
:1095A8000F300692002B00F0518317F0B3F917F033
:1095B80013F9BB78914DA5FB0325ED0805EB850252
:1095C800EDB2A3EB4203DEB217F0A4F917F004F9E9
:1095D8003B79099317F09EF917F0FEF87B7907930A
:1095E80017F098F917F0F8F8BB79844A03F2B27EBD
:1095F800089BA2FB03010698C908A2FB0002804849
:10960800D208A0FB0E0C01EB8100C9B2A3EB40000D
:109618004FEA5C1CC0B288F8000088F8011002EB21
:1096280082010698D2B2A0EB4101C9B288F80210B3
:1096380088F80320642288F8046002FB1CE3DEB289
:1096480098F80F30002B00F0168488F805506B4B03
:10965800099DA3FB0520079AC008A3FB0221A3FBD1
:10966800062300EB8002C908A5EB4202C0B2D2B2C1
:10967800DB0888F8062001EB810288F80700C9B2E8
:109688000798A0EB4202D2B288F8082003EB8302C5
:10969800DBB288F80910A6EB4202D2B288F80A2099
:1096A80088F80B3017F036F917F096F8FB78013B7D
:1096B800DBB288F80C30012388F81130FFF760BA64
:1096C8008379722B14BF4FF005084FF003081AE78F
:1096D8004379752B00F09F844FF0010813E74FF092
:1096E800020810E74FF009080DE74FF00A080AE7EB
:1096F8004FF00C0807E74FF00B0804E7414B1878C8
:109708000F28187840F25C84103823E63E4B24E694
:109718003E4B22E63E4B1B78002B00F054843D4B19
:109728003D481C783D4B002C08BF034615E63C4BD2
:109738001B78002B7FF40CAE3A4B0EE6069BFEF727
:10974800A2B99C46FDF72DBC1346FDF722BC0B467B
:10975800FDF718BC344B4FF48072C3F884201FE621
:10976800AA2384F81A340023C4F81C34FEF794BCE6
:109778003368013B022B07D80021D5F89030E96502
:1097880031600BB130469847D5F8843003F0C003F8
:10979800C02B00F08782D5F888100123D5F88420E3
:1097A8008B401343DFB2D4F89820224482F87870B3
:1097B800D4F89830D4F8A420013302F5804203F09D
:1097C8001F03C4F89830D2F88420236FD2B2234400
:1097D80083F85020236F013303F01F032367FDF73D
:1097E80030BC00BF083800200CEC002004EC00203E
:1097F80008EC0020F880002010EC0020CDCCCCCC68
:109808001F85EB51E5E9002050BC0220D0E1002083
:10981800EAE90020EBE90020503C0320509C02209C
:10982800ECE900207049202000C00042F0EB002045
:10983800032215A99E4800F060FD03287EF4E6A9DE
:10984800082D00F05B8197F84A310F2B089300F040
:10985800608197F84931002B40F0BB8008239D4276
:1098680000F0AB80DAF8A0001CF01FFD00283EF4E1
:10987800CDA94FF480428F498D4800F03EFDB0F5E8
:10988800804F7EF4C3A997F8483105218A4A0133ED
:1098980087F848311369D1541369013303F00F0372
:1098A8001361FDF7E7BBBEF1030F00F0DE81BEF1E7
:1098B800050F7DF4E6AA814BDBF848209A427DF437
:1098C800E0AA03F53023DBF84C2003F628339A424C
:1098D8007DF4D7AA03F17543DBF85020A3F5E02304
:1098E800A3F2FF439A427DF4CCAA9BF854303A2B5A
:1098F8007DF4C7AA724973481EF0D4FE002800F010
:10990800068330238BF84230FDF7BBBA31464FF45B
:1099180000326D481DF072F9FEF7B7B8002385F8DC
:109928006430FEF714BB072B0B6840F272810F2BD3
:1099380040F2B9820B68654A1F2B40F2DC82202373
:1099480005201380624BFFF7D7B9624B1C78002CB7
:109958003FF40FAD604C4FF40025C4F888501870E0
:1099680007E55E4A6E6185F8206006F01F06EB6128
:1099780052F82620013A002AAA6100F01E82C0F29D
:109988004782D7F8843043F01003C7F88430FDF7D6
:1099980053BB079B002BC2BF069B0133069343F6BC
:1099A8000673069A9A4200F24F8297F8493123B11A
:1099B8004B4B1B781B073FF555AF4FF4D85308980E
:1099C8003C4A484908F0EAFE00287FF44BAFFEF70E
:1099D8001DB9434B1B7813F0080F14BF0A23082343
:1099E8003DE7D4F85434D4F850249B1A7F2B7FF6E3
:1099F80054A88027D4F85034D4F84424D4F8006408
:109A08009B1AD4F840143E441944D4F80034C6F3E1
:109A180009069E4280F04181D4F80054D4F800042D
:109A2800C5F580680691204442461DF085FA0699DE
:109A3800A5F580622C4841443A441DF07DFAC4F8EB
:109A48000064D4F850343B44C4F85034D4F8583443
:109A5800DB1BC4F85834FFF72BB8D5F88020D5F8AD
:109A680084309A4200F0E381204B214A1978214B37
:109A7800002908BF1346C7F83031FDF76CB92846EE
:109A880002F009F901232B60FEF72BBE84F80D04C0
:109A9800FEF7F6BE84F80D04FEF7C1BF31464FF459
:109AA800003215481DF0AAF831464FF4C02230E7BD
:109AB8009865002070492020C40101202B4349509B
:109AC800983700204870002070892020C464002046
:109AD800E6E90020EDE900200040004250070020A0
:109AE800A1EA00206438002010F90020D0E9002005
:109AF8005AC50A0056B1020050DC0220B1494FF4A1
:109B0800D85288181DF018FA97F84A310F2B089385
:109B18002CD197F849311BB9AB4B234413F8B44CFB
:109B280097F840312341DE071BD5B7F84C31C3B154
:109B3800013BA649A64800269BB201F1080202EBA8
:109B4800C3038A7952B10A79A24207D10A8891F8E7
:109B580002C0C2F30D028E7100F802C008319942AA
:109B6800EFD10F23082D08937FF473AE022501234C
:109B78000026DFF89482DFF89492CDE906531D465B
:109B880043F6FF7E4FF0020CAE4409EB060108EBEA
:109B98000E02002306E00133E818B0F5804F07D223
:109BA800812B05D011F8014F12F8010F8442F2D031
:109BB8009C4506F1010638BF9C46B54218D9BCF150
:109BC800810FE2D1079B002B04DD069B013306932E
:109BD80000230793069B654402330693B5F5804F2F
:109BE800BFF4D7AEFF2D8CBFA5F580760026C7E75A
:109BF800BCF1020FE6D1079B01350133802B079397
:109C0800069B01D00133E8E702330693002307934C
:109C1800E4E7012B40F229810B686E4A032B40F2DE
:109C280070810423022013806B4BFFF765B87F2BEC
:109C380040F24D810B68674AFF2B40F256814FF482
:109C4800007308201380644BFFF756B816F062FEC5
:109C580016F0C2FDBB78002B00F0A1810C2B84BF4D
:109C68000C3BDBB2A6E41746C4E65C4BDBF84820A5
:109C78009A427DF406A903F53023DBF84C2003F65D
:109C880028339A427DF4FDA8554BDBF850209A42C0
:109C98007DF4F7A89BF8543034E6D4F800043A462B
:109CA8002044CAE6D5F884309F0603D56A6B002A9B
:109CB80000F338812B6D002B7FF76DAD6A6D013B8A
:109CC80044F23C01501C32446865575C2B65002BFC
:109CD8007FF469AD8022C5F884203268022AD8BF93
:109CE80033604FF0FF3373615DE5BEF1030F00F0A1
:109CF8005A81BEF1040F08D0BEF1020F00F05C815A
:109D08009BF84230312B3EF4F3AB05233548FFF77F
:109D180027B815AE344A3549304601F045FD199843
:109D28001CF0C3FA002800F09980314F07F500387D
:109D38004FF4005239463046174400F0DEFAB0F5C9
:109D4800005FC0F088804745F2D1304601F012FE2E
:109D5800304601F077FDFEF788BB15AE224A23494D
:109D6800304601F021FD19981CF09FFA60B14FF4BC
:109D780000322049304600F0C0FAB0F5003F80F0CC
:109D88009281304601F0F6FD174A1B49002019F070
:109D980065FCDDE799F8982C52B94FF4E131174882
:109DA80015F092FB164BA9F8985C5B68C9F89C3CC7
:109DB800144B01221A70FDF764B8284602F0A0F887
:109DC800DFE500BF702E2020C029002080A12620BA
:109DD80070492020C4640020E6E900202B43495044
:109DE8004346473AE8370020777A002038170120A1
:109DF8007089202050DC02201037002014650020D4
:109E0800001000E0EDEB0020700920206F492020B1
:109E18007B657B6F03F03F0343F080037B6787F824
:109E28003C30D023C7F8843001233B65A9E50323E0
:109E3800C64A8AF888300023136053609360D36061
:109E4800C34A1370FCF787BF089A0020C14919F06C
:109E580005FCFDF7DBBE304601F08CFDBE4ABF496C
:109E680094E7C5F84406FEF7B8BF0123BC4A13803F
:109E7800BC4BFEF741BF16F04DFD16F0ADFCBB78AC
:109E88000B2B94BF0023012345EA8305FFF7DDBBB5
:109E9800128812F0020F1A6814BF42F0020242F050
:109EA8000102FFF77FB90823AD4A03201380AD4BA9
:109EB800FEF722BF4FF40073A94A13800B68B3F56D
:109EC800806FA84B2CBF0A200920FEF715BF40233E
:109ED800A34A06201380A34BFEF70EBF4FF400736E
:109EE8000B2013809F4BFEF707BF802307201380AA
:109EF8009C4BFEF701BF102304201380994BFEF7FB
:109F0800FBBE022301201380964BFEF7F5BE3123DA
:109F1800954A8BF842300123CBF844208BF8403027
:109F2800FCF7AFBFAB6B013A591C3344A96393F8F4
:109F380034706A63002A00F0C1803368022B3FF650
:109F480032AC4FF47A73EB652DE494F80834002BA7
:109F58003FF429A994F80A3403F0FF02002B7FF498
:109F680022A984F80C241BF067FC002800F0AF80BD
:109F780094F81A341F0600F1A780B4F80E34CD22E5
:109F88009BB202FB03F3794AC4F8203453680122D8
:109F9800C4F82434002384F80A24FFF725B90125DE
:109FA8000226FFF711BB9BF84230312B3FF4ADAED0
:109FB80004236F48FEF7D4BE03236E48FEF7D0BED5
:109FC8006D4BFFF7C8B96D4BFFF7C7B9FE2A7CF494
:109FD8005AAE0122DFF8C0B1C5F8203485F818243C
:109FE800FCF753BEB4F81034FDF743BC664584BF94
:109FF80003F0F303FB676645BEF467AB03F0F302B7
:10A0080042F00402FA67FEF760BB03F0F30343F083
:10A018000403FEF74FBF83796E2B14BF4FF0070878
:10A028004FF00608FFF76FBAFE2A7CF42CAE012227
:10A03800DFF864B1C4F8343584F82C25FCF725BE64
:10A0480005224F49E254D4F80034FEF7DFBF05215A
:10A05800D5F80804E954D5F80034D5F8401601338A
:10A06800C3F30903C5F80034D5F80034EA54D5F829
:10A0780000340133C3F30903C5F80034D5F80034BC
:10A08800EA54D5F8003402680133546AC3F309036B
:10A098003C4AC5F80034A047D5F840360133C5F826
:10A0A8004036FFF704B84FF4C0223749304600F075
:10A0B80024F9B0F5C02FFFF464AE46E6304601F04F
:10A0C800EAFD012333603CE7B4F8103457E794F80D
:10A0D8005F34002B7FF467A8012384F8093484F8DF
:10A0E8006034FFF760B801F065FC94F8B030002BDD
:10A0F8003CF4DEAED4F8AC0001F05CFCFCF7D8BE52
:10A108003046224901F028FDFEF792BD06F12001F4
:10A11800FEF788BD95F80035D4F8A800002BE2D0EA
:10A1280001F048FC94F8B030002B3CF4C1AE05F5C2
:10A13800A065174FFEF784BD84F81AE4FDF799BFB0
:10A148001878144B03EB8033FFF707B988EA00202F
:10A1580098EA002044380020777A00202837002029
:10A16800C4640020E6E9002055700020001000E0DB
:10A17800B4370020D837002050DC0220509C022041
:10A18800700D01201006012070892020809D262056
:10A19800D0640020501C012000700020F8B54FF05A
:10A1A80084439C695A6914400ED0284F01269C614B
:10A1B80094FAA4F5B5FA85F507EB850306FA05F5D3
:10A1C8005B689847AC43F3D1214B9C695A691440AA
:10A1D8000FD01E4F01269C6194FAA4F5B5FA85F5B7
:10A1E80007EB850306FA05F5D3F884309847AC43A6
:10A1F800F2D1184B9C695A6914400FD0134F0126AD
:10A208009C6194FAA4F5B5FA85F507EB850306FA7F
:10A2180005F5D3F804319847AC43F2D10E4B9C694D
:10A228005A6914400FD0094F01269C6194FAA4F58D
:10A23800B5FA85F507EB850306FA05F5D3F88431F9
:10A248009847AC43F2D1BFF34F8FF8BD8C6600201E
:10A25800004000420080004200C000420548064B12
:10A268001B1AD90F01EBA301491002D0034B03B10C
:10A2780018477047C06E0020C06E00200000000024
:10A2880008B5054B1BB105490548AFF30080BDE88B
:10A298000840FFF7E3BF00BF00000000C41105201D
:10A2A80000200360002070477047836B10B55BB1D6
:10A2B800187810F008001EBFD8695B69C01A00281A
:10A2C800B8BF6FF0004010BDC06B0028FBD090F8FD
:10A2D800313013F008030ED0D0E90413D0E900247C
:10A2E800881A63EB0403B0F1004F73F1000328BF31
:10A2F8006FF00040E7E71846F5E7006910B103681A
:10A30800DB6818477047006910B103681B69184774
:10A318007047006910B103685B6918474FF0FF3058
:10A328007047006910B103689B691847704707B503
:10A33800006920B94FF0FF3003B05DF804FB0368F3
:10A3480001220DF107019B6898470028F2D09DF87B
:10A358000700F1E707B500698DF8071028B1036811
:10A3680001220DF10701DB68984703B05DF804FB93
:10A37800194A002370B5026005465C32436048689C
:10A3880005F11804AA608A68E8602A610A7B2A75C0
:10A398008E6CC5E9143376B12B83AB762C650FCE62
:10A3A8000FC40FCE0FC4336823600C4B2846AB6034
:10A3B8000023AB6570BDCB6C002BF6D003F13402E3
:10A3C80085F84960A5F84A606C6553F8041B934208
:10A3D80044F8041BF9D1E8E78802002008070020A8
:10A3E800183062E7036D13B1586900217047436D57
:10A3F80013B1D3E9000170471846F6E7036D13B1AE
:10A40800D86900217047436D13B1D3E9040170473F
:10A418001846F6E718B103681B6803B118476FF0D0
:10A428000500704708B5034628B10368DB6913B116
:10A438009847C0B208BD1846FCE74368032B10B51F
:10A4480004461AD1FFF7EEFF20B12369002B0CBF99
:10A4580020206020E36913B940F01003D8B2636884
:10A46800022B03D1A3690BB900F0EF00A368012BFD
:10A47800C4BF40F00800C0B210BDFFF7D3FF236986
:10A48800002814BF20204020002BE3D040F04000DB
:10A49800E0E710B50446D0F8240340B1D4F8200111
:10A4A80020B1FFF73EFF0023C4F82433012010BD7C
:10A4B80010B504460846FFF7B5FF04F58043D3F806
:10A4C800802020B902F0DF02C3F8802010BD42F0DE
:10A4D80020020120F8E7073106292BD8DFE801F030
:10A4E8003F04352B20160B0000F58040436F43F0E6
:10A4F80048034367704700F58040436F43F04003CB
:10A508004367C36F43F00203C367704700F5804099
:10A51800436F43F040034367C36F43F00103F3E71E
:10A5280000F58040436F43F040034367836F43F077
:10A5380004038367704700F58040836F43F020036E
:10A548008367C36F43F02003DEE700F58040436F65
:10A5580043F040034367836F43F08203E9E700F564
:10A568008040436F43F040034367836F43F0020327
:10A57800DFE700F580435A6F83F83C209A6F83F831
:10A588003D20DA6F83F83E2090F8222083F83F20A0
:10A5980090F8232083F8402090F8242083F8412065
:10A5A80090F8252083F84220D022C3F884207047F1
:10A5B80090F8213000F5804003F00302416FC0F8A5
:10A5C8008820C3F3800201F0F80103F00703C0F804
:10A5D8008C20D0F88020194302F0F80241671A4312
:10A5E800C0F88020704710305FE670470020704741
:10A5F80070477047F7B5846B8CB101220DF10701E4
:10A608002046D4E9045611F096FE012814BF4FF0F5
:10A61800FF309DF80700C4E9045603B0F0BDC46BD1
:10A6280094B101220DF107012046A569D4E900671C
:10A6380011F064F901280CBF9DF807004FF0FF30B6
:10A64800A561C4E90067E8E74FF0FF30E5E7183097
:10A65800D0E71030CEE7836B13B1184611F06BBE0C
:10A66800C06B08B111F04AB94FF0FF30704718308D
:10A67800F1E707B501220DF107011030FFF7EBFFF5
:10A6880001280CBF9DF807004FF0FF3003B05DF8BC
:10A6980004FB30B4856B114625B143B9284630BC5C
:10A6A80011F0E3BBC06B10B130BC11F0C5B900208C
:10A6B80030BC704730B40446029811461D4618B99C
:10A6C80004F1180030BCE4E701280ED1236D04F131
:10A6D800180013B15A69002303E0636D93B1D3E9FD
:10A6E80000238A1843EB0503ECE702280CD1236DFD
:10A6F80004F118000BB1DA69EDE7636D13B1D3E922
:10A708000423EEE71A46ECE7002030BC7047836B61
:10A7180013B1184611F06FBDC06B08B111F05AB8EB
:10A7280070471830F3E71030F1E72DE9F74F846BE5
:10A738000D461746002C00F0BA80A37898071BD561
:10A74800190713D46369DB1916D2B84604F1100A45
:10A758006369B8F1000F15D1E2699A4280F09E80D2
:10A76800E361A37863F07F03A3709CE0E16920466E
:10A7780011F07BFB0028E5D1637843F00103637097
:10A78800002790E0A068C3F30806216990F80590B7
:10A7980019EA53290AD14EB9002935D0A2785206B0
:10A7A80026D5E2699A4223D901312161A06821693D
:10A7B800837902399940436919444944002E2FD1BD
:10A7C800B8F5007F2CD3B8F5806F58D2436B2A4672
:10A7D800994202BF4FF0FF3380F828604363C06A94
:10A7E80003685B6A98470028C6D04FF400793BE0BD
:10A7F800524611F0DBFA0028BEDBD7D1204611F013
:10A80800ECFB0028D2D1B7E7236A3BB9204611F008
:10A81800E4FB0028B0D023692362C7E72361C5E7BA
:10A82800C6F50079C14528BFC14626BB6269E36900
:10A838009A4222D2A37813F0200F0CBF01220522DE
:10A84800283010F0E2FE002896D030444E444A46A4
:10A8580029461CF071FBB6F5007FA06804D12830AA
:10A8680010F06AFE002887D063694D44A8EB0908F8
:10A878004B4463616CE70122E2E70522E0E70379D4
:10A888004FEA58222830A3EB0903934228BF134606
:10A898002A464FEA432910F07DF8E3E7834B1B680B
:10A8A800002B7FF45EAF384603B0BDE8F08FC46B71
:10A8B800002C00F0F88094F83330990721D51A0756
:10A8C80018D4B94604F1180A4FF0010BD4E9006313
:10A8D800B9F1000F1CD1D4E90212B1429A4180F0BB
:10A8E800DC80C4E9026394F8333063F07F0384F8B2
:10A8F8003330D8E7D4E90423204611F09DF8002826
:10A90800DFD194F8323043F0010384F8323037E76E
:10A91800206AA169D0F838341E40C6F3080826BB5F
:10A92800002957D094F833305B064CD590F845048D
:10A93800D4E902320930013BC0B242F1FF32C0F122
:10A94800200EA0F1200CC34002FA0EFE22FA0CFCE5
:10A95800E26943EA0E0343EA0C0313448B422FD8FF
:10A96800204611F0F5F80028CBD0206A4FEA562C83
:10A97800A16990F845240239D0F82C34914001EBB4
:10A9880056211944B8F1000F30D1B9F5007F2DD305
:10A99800B9F5806F71D2D0F81C322A46994202BFAD
:10A9A8004FF0FF3380F81082C0F81C32D0F8140240
:10A9B80003685B6A98470028A3D04FF4007641E00B
:10A9C8000131A161D1E7524610F0AFFE002898DBB3
:10A9D800C6D0CAE7E3693BB9204611F0B9F80028A8
:10A9E8008FD0A369E361C0E7A361BEE7C8F500762D
:10A9F8004E4528BF4E46B8F1000F3CD16368226926
:10AA080000936369019323689342DDE9003293411F
:10AA180031D3052200F5047010F0F7FD00283FF44B
:10AA280070AF4044B044324629461CF085FAB8F568
:10AA3800007F206A06D100F5047010F07DFD002823
:10AA48003FF45FAF3544A9EB0609D4E90032D4E9F5
:10AA58000401F31842F10002984291413CBF94F876
:10AA6800331061F07F01C4E900323CBF84F8331031
:10AA7800C4E904322AE70122CCE70BFA02F34FEAD1
:10AA8800592200F50470A3EB0C03934228BF134628
:10AA98002A465E020FF07EFFD1E7044B1B68002BAD
:10AAA8007FF421AFFFE62746FDE600BF90E10020D6
:10AAB80018303AE607B501228DF807100DF10701A5
:10AAC8001030FFF732FE03B05DF804FB10302CE6BF
:10AAD800836D10B5044653B94FF480701DF070F9BA
:10AAE8000146A06528B104F118001BF09BF9A06D80
:10AAF80010BD014BA365FAE794E10020026D10B583
:10AB08000C4688B00AB36946104611F0F9FBF8B153
:10AB1800BDF81030BDF80E2053EA020117D002F03C
:10AB28001F01012049002170C2F34511D20A61704A
:10AB3800A27003F01F022271C3F343125B0A013AA9
:10AB480003F5EA636271A37102E0436D13B9002053
:10AB580008B010BD03F12401186A10F0CCFD0028DC
:10AB6800F5D043890289D7E7026D10B50C4688B045
:10AB78000AB36946104611F0C3FBF8B1BDF81830A6
:10AB8800BDF8162053EA020117D002F01F01012078
:10AB980049002170C2F34511D20A6170A27003F016
:10ABA8001F022271C3F343125B0A013A03F5EA63F9
:10ABB8006271A37102E0436D13B9002008B010BDA3
:10ABC80003F12401186A10F096FD0028F5D0C38916
:10ABD8008289D7E738B5002504464FF480722946A4
:10ABE80080F82050C0F8205100F592701CF006F84B
:10ABF800294604F509704FF48072BDE838401BF00F
:10AC0800FDBFF8B500F58045002604466E67C5E926
:10AC18001E66C0E90361FFF7CBFCD5F888308022B7
:10AC2800314603F5805304F13400183304EB8303F1
:10AC38005F6894F825309A4094F82830FF2B18BFA5
:10AC48001A466A631BF0DAFF39462046FFF730FCE4
:10AC5800B8B1CFB13B69BBB16FF006012046FFF731
:10AC68003AFCD0232046C5F8843000236B65FFF7F3
:10AC780080FC07232B654FF47A73EB65012323606F
:10AC8800F8BD6FF00501E9E74FF47A73EB6502232D
:10AC98002360B023C5F884300023AB63F0E738B5F0
:10ACA800D0F820310546002B3FD0C06888423CDBF5
:10ACB800AB68934239DD6B6823F00203012B08D19E
:10ACC80095F854312B2B04D94F28C4BF01EBD1710F
:10ACD800491095F8553105F59270012B88BF490048
:10ACE8008C18082212491EF027FA98B905F2571352
:10ACF800C5F17F454FF4807005F57F0505F57E4564
:10AD0800A935EA18944200DC38BD13F8012F00EB8E
:10AD18000220F6E795F8572195F8563103EB022300
:10AD280003FB04F101F58070EEE74FF0FF30EBE72D
:10AD3800523A002038B5D0F8203104460D463BB1D0
:10AD48000022FFF7ACFF002805DB0020E56138BDD5
:10AD58006FF00500FBE74FF0FF30F8E72DE9F04F03
:10AD680085B0054688469346119FDDF838A027B37D
:10AD78003E68003E18BF0126B60105F23E224FF09C
:10AD88000009029210AA414628460393CDE900A281
:10AD98005A461BF099FA039B0446B9F1000F01D0FB
:10ADA800811C07D0221D00D024BB95F839C200228F
:10ADB800944504DC6FF002041CE03E46DDE702998E
:10ADC800D00011F832E0F24518D1002228443A6048
:10ADD80090F8412202F04002B24211D1109ED5F8FB
:10ADE800203132460F9918691BF0D4FA864288BF81
:10ADF8006FF00304204605B0BDE8F08F0132D7E7B5
:10AE08001299012211B192449146BBE73A60E5E7F5
:10AE18002DE9F341089F0AAD04469846CDE900752F
:10AE28001BF052FA2169054600294DD1031D01D0B6
:10AE3800002840D194F8393204F23E228B4201DCDA
:10AE4800002607E012F83100CE00874237D12644A9
:10AE580006F50F760A9F09993A46D4F82001FFF7BC
:10AE68004CFA01238742C4F824330B9B88BF6FF048
:10AE7800060572792BB342F040039A4273711AD0D7
:10AE88004246E1692046FFF70AFF021E1FDBD4F89D
:10AE9800201100230093D31708691BF00BFA4FF415
:10AEA800807204F50971D4F82001FFF726FAFF280B
:10AEB80098BF6FF00305284602B0BDE8F081013164
:10AEC800BCE702F0BF03D8E76FF00605F3E74FF0E1
:10AED800FF35F0E72DE9F04FC7B01E4604469DF850
:10AEE80040310593D0F82031CDE90321002B00F043
:10AEF8003881036923B16FF0060047B0BDE8F08FD1
:10AF08004FF4807200F5927106A81CF015F8049AA7
:10AF180094F85531002A50D0012B4ED194F8543171
:10AF2800012BE8D8022384F85531049B0025E169F8
:10AF3800B14694F85571B046AA46DFF840B201FB15
:10AF48000737039B049A00933B4687481DF078FA1D
:10AF5800039B08F104089A4533DB05F5807504F571
:10AF6800927B824829461DF06BFA08228049584690
:10AF78001EF0E2F8D8BBE31993F858210132B5EB7B
:10AF8800022F4FEA0223B6DC04F5AC7004F2571224
:10AF98004FF480786FF4AB7E02F1010C5178724463
:10AFA800121B97421FDC27EAE77C19B92A12013ADB
:10AFB80000F80C204FF0010A33E0002BB5D1012333
:10AFC800B1E718F8010C802318F8032C0AF1010ADC
:10AFD800834018F8041C1D4418F8023C0090584699
:10AFE8001DF02EFAB4E708EB01286246D2E794F880
:10AFF800572194F8563103EB022394F854212AB1CF
:10B00800B4F8541140F2011291426DD19D4202DD13
:10B018002B46A4F8565103FB07F84FF0000A08F531
:10B02800807829463A4653480025CDF800801DF01F
:10B0380007FAD4F82011424600950869D3171BF087
:10B0480039F904F509734FF48072294618461BF044
:10B05800D5FD49491CF0EFFFE2690346802084F8DA
:10B068003422049A84F83522F27884F83822039A34
:10B0780084F83922B27884F83A22059A84F83B2277
:10B08800224603998D4239DB4FF480721946D4F871
:10B098002001FFF732F9FF2828D9012300250336BC
:10B0A8004FF08009C4F82433039B9D4245DBE369D4
:10B0B800002594F85421D4F82011934200954FF0BC
:10B0C8000002A4BF013384F85431002308691BF03F
:10B0D800F1F84FF480725946D4F82001FFF70DF9C2
:10B0E800FF2803D9284608E79D4294DD4FF4807273
:10B0F80006A904F592701BF01FFFFCE699F80010F2
:10B1080082F83C1299F8011082F83D1299F8021061
:10B1180082F83E1299F8031082F83F12BAF1000F34
:10B1280006D000FA01F182F84212091282F843129D
:10B13800013509F104090832A3E716F825704FF024
:10B14800000809FA07F7B845D4F8200101DB0135F2
:10B15800AAE70599FFF7FEF80128C7D108F1010809
:10B16800F1E76FF00500C8E65B3A00208F3A00204F
:10B17800523A0020A83A0020D43A00207A3A002017
:10B18800054B084611465B7903F0FF020BB116F038
:10B19800EFBB1046704700BF90E10020074B07B592
:10B1A8005B798DF8071003F0FF0023B101210DF141
:10B1B800070016F0DDFB03B05DF804FB90E100200A
:10B1C800034B10B59C680CB916F09AFA204610BDCE
:10B1D80090E100202DE9F3414FF0E0234FF40032D5
:10B1E800244DC3F88C212C7BDFF88C80E4B295F8D1
:10B1F8003630A3420AD100234FF0E0224FF4003149
:10B20800C2F80C1103BB4FF0FF301FE00134092CCA
:10B2180028BF00242B195F7B05EB4702D38AD68C05
:10B2280003EB4721F61A4144012E12D9097801335C
:10B238008DF80710A968D3824FF0E02301394FF445
:10B248000032A960C3F80C219DF8070002B0BDE8E0
:10B25800F08132460DF107001BF06EFEAB683846F0
:10B268009B1BAB60E3B22B7315F0F6FD002EBED02E
:10B278000123C1E790E10020808926200A46D0F802
:10B28800841400B58FB061B1002368460093012390
:10B2980011F0FAFF10B1684611F016F90FB05DF819
:10B2A80004FBD0F888040028F8D00C91012301464B
:10B2B800684611F079FC08B90020EFE7684610F0FD
:10B2C80029FD0028F8D0E9E70A46D0F8841430B5FB
:10B2D800A5B049B1002301F5896116A81693012389
:10B2E80011F02FFF25B030BDD0F888040028F9D020
:10B2F800229190F87934149113F0500F0192ADF81F
:10B30800141001D10020EDE713782F2B22D000F57F
:10B31800896401AA02A901981AF047FF0028F1D010
:10B32800019B1B78002B34D0002302AA214608A8D1
:10B3380011F02CFA28B308AD16AC0FCD0FC40FCD01
:10B348000FC40FCD0FC42B6808A8236010F0CCFAE7
:10B3580015E00121134601321C782F2CF9D001B1D8
:10B368000193D0F868443822002116A81BF046FC47
:10B3780040231E948DF8893001238DF88B3016AC4C
:10B38800C7E702AA214608A811F014FC0028D2D168
:10B39800B8E702AA214608A811F00CFCA2E72DE99B
:10B3A800F341044601AF8DF8041000250169806857
:10B3B8004E1C8DF80550B84205D843189F423CBF33
:10B3C800A7EB00080125E3689E4208D902311DF069
:10B3D80061F978B12369C4E9020603B90370A36867
:10B3E8002269981855B113F8081099540022A368D7
:10B3F8009A552661012002B0BDE8F08139461CF05B
:10B408001AFEF6E708B515F0C5FC002108BD0022B4
:10B41800002310F011BB0A46D0F8841410B596B07A
:10B42800002932D0002408A82346089411F02CFFE4
:10B4380008B900201CE09DF82030D906F9D521462E
:10B4480008A810F012FD012108A811F012F888B917
:10B458009DF82130002BECD1082308A88DF8203066
:10B468009DF8223043F002038DF8223011F02CF8B9
:10B4780016B010BD0378002BEED0E52BE3D02E2BB1
:10B48800E1D0C37A1A07DED4D3E7D0F888040028BD
:10B49800EED00B461491014608A811F085FB002850
:10B4A800C7D09DF85130DB06C3D508A8FFF7AFFF1A
:10B4B800202269460DEB020010F020FA48B120283E
:10B4C800B7D19DF900209DF80030002AB1DB002B90
:10B4D800EED1082308A88DF851309DF8533043F079
:10B4E80002038DF8533010F015FC0028C0D1A0E7F6
:10B4F800F7B5044610F0A0FA20B194F8332093076A
:10B5080002D4002003B0F0BDE369002BFAD012F09A
:10B518004002A16938D0206A90F84554D4E902263F
:10B528000935013AEDB246F1FF36C5F1200CA5F117
:10B538002007EA4006FA0CFC26FA07F742EA0C0252
:10B548003A430132E9B1013B4D1C5B1A01951A449B
:10B558002AB10023019910F07EF80028D1D02046A6
:10B56800D4E90023C4E90223C4E9042394F833305E
:10B5780063F07F0384F8333003B0BDE8F04010F087
:10B5880029B90193E161E3E7B1B1019201AA206A07
:10B5980010F0CBF80028B4DB07D04FF0FF32A169D8
:10B5A800206A10F0B8FA0028ABD001990029D6D04B
:10B5B800206A10F082FBD0E70193E161F5E737B527
:10B5C800046D1146002C37D013B1002003B030BDF4
:10B5D800204610F04AFC0028F7D0A3789B07F4D542
:10B5E800236A002BF2D0216919B3002301AAA068AD
:10B5F800019310F0DBFB0028E7DB07D06FF0704207
:10B608002169A06810F081FC0028DED0019921B1E1
:10B61800A06810F03BFD0028D7D063692046E3619D
:10B62800A37863F07F03A37003B0BDE8304010F047
:10B63800E2BD01932162E9E7406D0028C5D003B05F
:10B64800BDE8304054E7836B33B11B7813F0700FBB
:10B6580014BF012000207047C06B0028FBD090F871
:10B66800313013F0500FF3E71830ECE710B504460B
:10B678001830FFF7E8FF48B1206D10B1002110F035
:10B68800F4FB606D10B1BDE81040C0E610BD836BDF
:10B6980023B9C06B003818BF0120704701207047DC
:10B6A80010B50446806D18B11CF092FB0023A36509
:10B6B80018342046FFF7EBFF20B12046BDE81040C4
:10B6C80010F0E0BD10BD1830E1E700224FF47A71A8
:10B6D8000273C0E90121C0E91222014A02607047E1
:10B6E80008070020044B10B5044640F8103B10F042
:10B6F800C9FD204610BD00BF0807002038B5054623
:10B70800054B044645F8083BFFF7CAFF2846FFF7F4
:10B71800E9FF204638BD00BF8802002010B5044666
:10B72800FFF7ECFF20461CF053FB204610BD00221B
:10B738004FF47A71C0E90121024902730160026184
:10B74800704700BF2C07002030B595B00B46044663
:10B758006846FFF7BAFF03F1180104A81AF02BFB9B
:10B7680004A8FFF794FFC8B15C201CF029FB6946C8
:10B778000546FEF7FDFD00234FF47A722561237319
:10B78800C4E90132074B236015B16B6801336B6064
:10B798006846FFF7A7FF204615B030BD2046FFF7E3
:10B7A800C6FFF5E72C070020012B30B5044697B0FB
:10B7B8000D462BD0022B40F2022318BF002302A80B
:10B7C8000192FFF782FF06A8019A291D1AF0C6FC0C
:10B7D80006A8FFF75CFFE0B15C201CF0F1FA02A9B3
:10B7E8000546FEF7C5FD00234FF47A7225612373E1
:10B7F800C4E90132094B236015B16B6801336B60F2
:10B8080002A8FFF76FFF204617B030BD44F20223AD
:10B81800D5E72046FFF78BFFF2E700BF2C07002093
:10B8280010B5044600694368013B43603BB90368AF
:10B83800DB6A9847206910B103685B689847002362
:10B84800236110BD044B10B50360044603690BB1B6
:10B85800FFF7E6FF204610BD2C07002010B5044670
:10B86800FFF7F0FF20461CF0B3FA204610BDF0B5F4
:10B8780084698FB0054684B3D0F82031002B6BD192
:10B8880090F820404CB300F120060123334904A866
:10B898003246FFF789FF08981AF007FD034688B972
:10B8A80032462E4909A8FFF77FFF09A904A81AF014
:10B8B800F0FC09A8FFF7C6FF08981AF0F6FC78B163
:10B8C80001232B6108981AF0F0FC044668B9284651
:10B8D800FFF780F904A8FFF7B5FF20460FB0F0BDC9
:10B8E80032461F491AF046F9ECE7142000241CF0F0
:10B8F80067FA074608991AF0D1FD00220023386933
:10B90800C5F8207100941AF0D5FCD5F8203105F55A
:10B9180092714FF48072186903911AF03BFDFF2869
:10B92800039905D832460F4920461AF023F9CEE785
:10B9380008220D4803911DF0FFFB40B1082203992E
:10B948000A481DF0F9FB10B132460949ECE700231B
:10B95800012485F82432BDE70124BEE73817012009
:10B96800E13A0020F53A0020193B0020523A002025
:10B97800223B002010B50446006930B10368DB6A39
:10B9880098472046BDE810404AE710BD10B5044668
:10B99800D0F8200148B1FFF7EDFFD4F8200108B135
:10B9A800FFF75CFF0023C4F820312046BDE81040B3
:10B9B800FFF710B910B5044628B103685B6A03B1F4
:10B9C80098470123636110BD08B51CF0F9F940B12F
:10B9D8000023C0E90133C3600361C0E90633014BAA
:10B9E800036008BD0C1C012010B50446006858B15E
:10B9F800FFF7E0FF206803681B6B03B198472068D6
:10BA08001CF0E6F90023236010BD37B50A46C1696A
:10BA18000446FFF744F9021E1FDBD4F82011002367
:10BA280004F509750093D31708691AF043FCD4F894
:10BA380020314FF48072294618691AF0ABFCFF28B0
:10BA48000ED90A22084928461DF076FB002814BFA3
:10BA58006FF00100002003B030BD4FF0FF30FAE76F
:10BA68006FF00100F7E700BF513B002070B50446B6
:10BA780016461D46FFF7C9FF002812DB94F8393235
:10BA880096FBF3F203FB12666B1E033504EBC60448
:10BA980004F23B2414F8012F03F8012FAB42F9D12B
:10BAA800002070BD2DE9F041884619460446174626
:10BAB800079EFFF7AAFF051E2DDB94F83C3243458D
:10BAC80033D194F83D32BB422FD10822184904F5EE
:10BAD80092701DF031FB08BB94F8341294F855317C
:10BAE80094F8352201FB0343134493F858211202BA
:10BAF800336806999342B8BF1A46D4F82031B4BFC8
:10BB08006FF00305002518691AF044FC3368984261
:10BB180038BF6FF003052846BDE8F08194F8573127
:10BB280094F8562102EB0322E2E76FF00405F2E7EE
:10BB3800523A002010B54FF44A70FFF745FF054B05
:10BB4800044603F11002DB6B026003B198472046FC
:10BB580010BD00BFC064002002680A4B9A4213B5AA
:10BB680004460DD10191FFF725FFFF22019904F149
:10BB780020001CF003FD002384F81F31C4F824338F
:10BB880002B010BDD0640020F8B5002400F580464E
:10BB980005464FF0FF3704601022C4602146C0E913
:10BBA800014400F58140B465C6F890401430F4654E
:10BBB80037661BF023F8802314222146C6F8843008
:10BBC80005F12000C6E91D44C6E91F44C6E9224420
:10BBD800C5E90574EC61C6E90D44C6E914441BF0D7
:10BBE8000DF84FF48042214605F134001BF006F8A9
:10BBF8003046142221463C301BF000F805F58143FD
:10BC080005F581451033203553F8042F02B15461EE
:10BC1800AB42F9D1F8BD00F580431A6E002A0CDA60
:10BC2800D3F894205A66D3F898209A66D3F89C20C3
:10BC3800DA66D3F8A0201A67704702F0030202F50B
:10BC48008152043200EB82004268C3E91922DA66A5
:10BC5800F1E710B500F58044D4F8883003F5805337
:10BC6800183300EB8300406803689B698BB19847E1
:10BC7800D4F88C2000F0F803111ED4F8882018BFDF
:10BC8800012102F0030242EA81021343C4F8803022
:10BC980010BD1846ECE72DE9F04F90F8207000F53C
:10BCA8008045D02289B007F01F030446C5F88420D8
:10BCB8000022192B6A6511D8042B1BD9053B142BBC
:10BCC80018D8DFE803F01A1017171A17171060179B
:10BCD80017170D171717171717170D001E2B09D150
:10BCE8002046FEF746FC07232B654FF47A73EB6575
:10BCF8000123236009B0BDE8F08FD5F8883007F03C
:10BD0800200994F8286007F0400A03F5805394F856
:10BD18002210FF2E94F8232003F11803D5ED237A7F
:10BD280008BF802694F824B000EB830304F1340C98
:10BD3800D4F810E007F08007586894F8253008BF59
:10BD48009E40002836D00368D3F81080B8F1000F61
:10BD580030D017EE903ACDF800B0CDE905A7CDE97F
:10BD680003E9CDE901C6C04701462046FEF7B3FB0B
:10BD78002046FEF7FEFB4FF47A73EB650123236040
:10BD880007232B65B6E7D5F88830D5F88C1003F56E
:10BD9800805394F8232094F82570183300EB83031C
:10BDA800586804F1340328B10668766916B100971B
:10BDB800B047D9E76FF00501D7E72DE9F04F002626
:10BDC80000F580458BB004466E6700F13407099191
:10BDD800B04641F2180BC5E91E66C660FEF7E8FBDF
:10BDE8006E6394F8249094F826304B4512DA204676
:10BDF800FEF7BFFBB8F1000F77D018F1040F74D02D
:10BE0800FFF749FF4FF47A73EB65012323600BB00A
:10BE1800BDE8F08FD5F8883080225B4404EB8303BB
:10BE2800D3F8048094F8253002FA03F623B994F87D
:10BE38002830FF2B18BF1E460021324638461AF01C
:10BE4800DDFE41462046FEF733FB00284AD094F831
:10BE5800240094F82210089094F8200094F82320E5
:10BE680000F0200C00F0400ED5ED237A00F08000A1
:10BE7800B8F1000F33D0D8F80030D3F808A0BAF1E1
:10BE8800000F2CD0089BCDF810C0009317EE903A05
:10BE98000197CDE905E009A8CDE902604046D04701
:10BEA800804620B10FFA88F12046FEF714FB099B63
:10BEB8001BB1EB6F43F04003EB67B8F1000F02D002
:10BEC80018F1040F93D16B6B374409F1010933441E
:10BED8006B6394F82430013384F8243083E76FF0DF
:10BEE8000500DDE76FF00508DCE74FF47A73EB65D2
:10BEF80002232360F023C5F884300023AB6386E770
:10BF08002DE9F04F002189B00546AF4C95F820A0E7
:10BF18000AF01F0204EB8203D3F8D0348B4228DCEA
:10BF280005F58044023A636F03F0BF0161671C2A7C
:10BF380000F21482DFE812F02200750087009800F2
:10BF48009F00A500DC0005010701120246014A0115
:10BF580012028E011202B901120212021202120218
:10BF6800120212021202B901120212021202120283
:10BF7800B90128460131FFF74EFEC7E700232846DE
:10BF8800C4E91E336367EB60FEF712FBD4F8883010
:10BF9800284603F58053183305EB83035E684FF496
:10BFA800005331466363FEF783FA60B305F58040BA
:10BFB80095F8221095F8232005F1340CD4F88C302C
:10BFC8003430EEB13768FF68D7B1CDE900C03046EC
:10BFD800B847064618B131B22846FEF77CFA28461B
:10BFE800FEF7C7FA96B1043610D02846FFF753FE7D
:10BFF8004FF47A73E36501232B6009B0BDE8F08F35
:10C008006FF00500E5E76FF00506E4E74FF47A7393
:10C01800E36502232B60F023C4F884300023A36374
:10C02800EBE795F821306B6095F82230AB60802300
:10C03800C4F884302B68022BDCBF00232B604FF040
:10C04800FF336B61D9E72846FEF7B2FA2846FFF7B7
:10C0580000FED4F88030284684F83C30012323655C
:10C0680009B0BDE8F04F16E60021284609B0BDE842
:10C07800F04FFEF7C6BD0021284609B0BDE8F04FD5
:10C088009BE600262846C4E91E666667FEF790FA16
:10C09800EE60D4F88830284603F58053183305EB52
:10C0A80083035F688023C4F884304FF0FF33394638
:10C0B8006B614FF47A73E36504232B60636F43F07D
:10C0C80020036367FEF7F4F920B9636F43F0480370
:10C0D800636792E731463846FEF79CF900288CD012
:10C0E800E36F43F00203E367636F43F04003EFE756
:10C0F8002B68022B1FDDD4F8883003F580531833E2
:10C1080005EB83035B6803B11B7F84F83D30022392
:10C1180084F83C1023652846FFF7BDFD0021D4F8BC
:10C128009030E1652960002B3FF467AF284609B0DD
:10C13800BDE8F04F18478023636784F83C3001233B
:10C14800E8E7012191E70723284623650023C4E98E
:10C158001E336367FEF72CFAD4F88830284603F5B7
:10C168008053183305EB83035E683146FEF7A0F968
:10C1780060B9636F43F0480363672846FEF7F9F92F
:10C188004FF47A73E36501232B6069E7336830461F
:10C19800EA685F68531CD4F88C10EB6005F1220341
:10C1A800B847461C07D1A36F43F00103A367636F29
:10C1B80043F04003E0E70230DFD1E36F43F00103CF
:10C1C800E367F4E7012157E78002002000262846AC
:10C1D800C4E91E666667EE60FEF7EAF9D4F88830AF
:10C1E80031464FF4005203F5805305F134001833FB
:10C1F80005EB83035F681AF001FD28463946FEF710
:10C2080057F9A8B1BFB13B69ABB16FF00601284639
:10C21800FEF761F9D0232846C4F88430002363650B
:10C22800FEF7A7F94FF47A73E36501232B60E4E680
:10C238006FF00501EBE74FF47A73E36502232B6097
:10C24800B023C4F884300023A36395F823309B00FF
:10C258006363D2E6002695F8227028466667C4E92B
:10C268001E66FEF7A5F98023EE602846C4F88430E0
:10C278004FF0FF336B614FF47A73E36504232B604F
:10C28800636F43F020036367D4F8883003F5805365
:10C29800183305EB83035E683146FEF709F9002879
:10C2A8003FF413AF3946304616E70026284605F115
:10C2B80034080AF040096667C4E91E66EE60FEF7B6
:10C2C80077F995F825308022314640469A406263D6
:10C2D80095F82830FF2B18BF1A4662631AF08EFCB7
:10C2E800D4F888300AF0200E95F8221003F5805310
:10C2F80095F8232095F824B00AF0800A1833D4F86A
:10C3080034C005EB83035868D4F88C3018B3076839
:10C31800BF6807B3CDF800B0CDE9036ECDE9059A43
:10C32800CDE9018CB847064618B131462846FEF7D4
:10C33800D2F82846FEF71DF916B104367FF455AE3B
:10C348004FF47A73E36502232B60E36F43F008032D
:10C35800E367B02360E66FF00506E6E7D02203F056
:10C368003F03012143F08003C4F88420002263675F
:10C3780084F83C30C4E914123FE613B50446084675
:10C3880059B101911CF0E9F8236802460199204649
:10C398005B6802B0BDE81040184702B010BDECE77A
:10C3A80038B50546FFF7E9FF0446284614F08CFB2C
:10C3B800204438BD00230A2214F0B7BB00230A2208
:10C3C80014F0B3BB38B50546FFF7F4FF044628461A
:10C3D80014F07AFB204438BDA0F2BC7080B27F28EC
:10C3E80009D80C2907D81F2A05D842EA411141EA81
:10C3F800402080B270470020704717280AD83B2990
:10C4080008D83B2A06D8520842EA411141EAC0201E
:10C4180080B27047002070472DE9F74FD0F838B048
:10C42800174698469DF830609DF834909DF838A0DE
:10C438009DF83C400191BBF1000F45D09BF80030BE
:10C448001B0740F18380A2F2BC737F2B7ED808F1D2
:10C45800FF330B2B7AD8731E1E2B77D8B9F1170F21
:10C4680074D8BAF13B0F71D83B2C6FD858460FF0EF
:10C47800C2FE00286AD0012158460FF0ADFE0546DD
:10C48800002863D0324641463846FFF7A5FF2246CA
:10C49800034651464846FFF7B0FF019A960706D56E
:10C4A80014F001042B82E88118BF64246C73019A8C
:10C4B800510748BFE882DBF8080048BF2B8303B068
:10C4C800BDE8F04F0FF08EB8C56B002D3ED095F843
:10C4D80031301A073AD5A7F2BC737F2B36D808F14A
:10C4E800FF330B2B32D8731E1E2B2FD8B9F1170F21
:10C4F8002CD8BAF13B0F29D83B2C27D828460FF067
:10C5080069F918B34146324638464FF0000BFFF739
:10C5180063FF22465146804648465F46FFF76DFF57
:10C5280014F00104019B814618BF642403F0020A39
:10C5380000225FFA8BF128460FF017F930B1027824
:10C54800852A07D04032D2B2012A1FD9002003B071
:10C55800BDE8F08F95F83120296A02F03702828011
:10C5680091F8102242F0010281F81022BAF1000F6E
:10C5780004D00475A0F80890A0F80A80019B5B0716
:10C5880042BF4475A0F80C90A0F80E800BF1010B87
:10C5980039460EF011FA95F830205FFA8BF307460A
:10C5A8009A42C5D2012205F12401286A0FF0A3F8A6
:10C5B8000028CBD04780286A03B0BDE8F04F0EF0C2
:10C5C800FEBF1FB58A79A2F150031B0612D40C785E
:10C5D80002F26C724B79183003944C780133029450
:10C5E800DBB28C780194097900910221FFF714FFDE
:10C5F80004B010BD0020FBE71FB58A79A2F15003F3
:10C608001B0612D40C7802F26C724B791830039422
:10C618004C7801330294DBB28C780194097900914B
:10C628000421FFF7F9FE04B010BD0020FBE70A461D
:10C63800D0F8801400B58FB039B100236846009354
:10C6480010F022FE0FB05DF804FBD0F88404002837
:10C65800F8D00B460C910146684610F0A5FAF1E7B0
:10C668002DE9F043D0F88064B5B08C461746002E0B
:10C6780000F0D4804FF0000806F589690AAD0A4633
:10C68800434649462846CDF8288010F0ADFD0028DD
:10C6980000F0C1809DF82830CDF8608013F0180FA5
:10C6A800CDF8988001D10020B5E0D6F850340C9A26
:10C6B8009A42F8D12E4628460FF09DFD26AC0FCEA3
:10C6C8000FC40FCE0FC433684146284623600FF0CD
:10C6D80083FD0028E7D002AA034600F1200C144687
:10C6E8001868083353F8041C1646634503C63246D7
:10C6F800F6D19DF8283013F008030AD040F601233C
:10C708003A46494618A810F06FFD0028CBD00026FD
:10C7180007E03A46494618A810F013FD0028C2D091
:10C72800209E1E9B012128461093BDF86430ADF869
:10C738002C309DF863308DF82B301B9B0D93002314
:10C748008DF860308DF862300FF046FD0028AAD0D1
:10C758000DF1150300F10D020DF1250153F8047BCD
:10C768008B4242F8047BF9D1198811809B78937029
:10C778009DF81330C372002E3CD00C98B31E8279FA
:10C78800283050F8141C9340002219440EF03DFF45
:10C79800002888D000F12002A44600F14003106868
:10C7A800083252F8041C67469A4203C7BC46F6D1C1
:10C7B80031460C980FF06AFC00283FF474AF0C98CF
:10C7C80001221299837928300239994050F8143C93
:10C7D80019440EF01AFF00283FF465AF00F120035A
:10C7E8002246083303CAAA4243F8080C43F8041C3B
:10C7F8001446F5D1002326A82E9302238DF89A30EB
:10C8080008238DF898300FF05FFE00283FF44BAFF7
:10C818000C980EF0E7FE35B0BDE8F083D0F88444FC
:10C82800002C4FD004F58961334662460AA801916D
:10C83800169610F051F9019900283FF434AF9DF88D
:10C848005930249613F0180F32963FF42CAFD4F8D1
:10C858006834129A9A427FF426AF40F601233A468A
:10C8680018A810F039F900283FF41DAF0AAD26AC1E
:10C878000FCD0FC40FCD0FC40FCD0FC42B6821AA45
:10C88800236013AB07CA83E807009DF890300AA815
:10C898008DF858309DF85B3063F07F038DF85B307E
:10C8A8000EF098FF00283FF4FEAE022326A82D962E
:10C8B8008DF8CB3008238DF8C9300FF02BFA0028FB
:10C8C800A9D1F0E62046A6E72A4A71281378DBB2F8
:10C8D80032DC602808DC0A2845D0202843D01370B1
:10C8E8000122254B1A70704761381028F7D801A12A
:10C8F80051F820F005A100008FA000008FA00000D3
:10C908008FA000008FA000008FA000008FA0000063
:10C918008FA000008FA000008FA000008FA0000053
:10C928008FA0000017A100001DA100000BA10000AE
:10C9380011A10000FFA00000A0F1D7010329CED863
:10C94800D83802280CD8DFE800F00805020043F0C8
:10C958000803C4E743F00403C1E743F00203BEE75A
:10C9680043F00103BBE743F01003B8E743F02003AB
:10C97800B5E700BFB9010120B80101202A4A712892
:10C988001378DBB232DC602808DC0A2845D020287E
:10C9980043D013700122254B1A7070476138102854
:10C9A800F7D801A151F820F0B9A1000043A1000077
:10C9B80043A1000043A1000043A1000043A10000DF
:10C9C80043A1000043A1000043A1000043A10000CF
:10C9D80043A1000043A10000CBA10000D1A10000A9
:10C9E800BFA10000C5A10000B3A10000A0F1D701BC
:10C9F8000329CED8D83802280CD8DFE800F008057B
:10CA0800020003F0F703C4E703F0FB03C1E703F0F8
:10CA1800FD03BEE703F0FE03BBE703F0EF03B8E74F
:10CA280003F0DF03B5E700BFB9010120B801012019
:10CA380003782F2B18D1034613F8012B0AB90120CC
:10CA480070475C2A10D02F2AF6D11A782F2A0BD0DB
:10CA58002E2AF1D1587840B12F2805D02E28EBD1B5
:10CA6800987810B12F28E7D10020704770B50A4E8A
:10CA78000D46737923B9B468C4F5BC238B4202D23E
:10CA88000123737170BD0A460146044820442C44B2
:10CA98001AF052FAB460F5E70070002070A920205F
:10CAA80007B501218DF807000DF10700FFF7DEFF3C
:10CAB80003B05DF804FB2DE9F041002A86B0054675
:10CAC8000C4614BF10270A2706AEDFF83880284620
:10CAD80021463A4600231DF025FC18F802302A4664
:10CAE800054606F8013D2346BA420C4673F1000399
:10CAF800EDD206AB3046991BFFF7B8FF06B0BDE88C
:10CB0800F08100BFC33900201FB50428284CD4E9A0
:10CB180003233ED11144E160D4ED037A6422D4EDBD
:10CB2800046AB8EE675B2348B8EE666B9FED1C7B22
:10CB380026EE076B25EE075B9FED1B7B26EE074B6A
:10CB480025EE077BFDEEC44BBDEEC66B14EE903AA6
:10CB5800FDEEC77B8DED016A93FBF2F102FB113309
:10CB6800029317EE903AFDEEC57B93FBF2F102FBC0
:10CB78001133114A2621009317EE903A1BF012FD4B
:10CB88002528C4BF002384F839300123E37004B09A
:10CB980010BD022804BFC9182161BDE7AFF30080AA
:10CBA800000000000000503F000000000000594055
:10CBB80000700020147000205C3B00202DE9F0413B
:10CBC800154C06460D4613F0E7FE074613F0A2FE85
:10CBD80013F002FE94F8058013F09CFE13F0FCFDA0
:10CBE80022794146B8B2FFF7F7FB308013F092FE86
:10CBF80013F0F2FDA67813F08DFE13F0EDFD6778C3
:10CC080013F088FE13F0E8FD227839463046FFF726
:10CC1800F4FB2880BDE8F08110EC0020F8B504464C
:10CC280000691B4E19F041FB80B34FF400521949BB
:10CC3800206919F0AFFB30B3012320690025164F96
:10CC4800337019F016FB0822014614481AF082F9CD
:10CC5800B0FA80F0124B4009124A1870124B1D703E
:10CC680013889BB243F4007313804FF40052791970
:10CC7800206919F08FFBB0F5005F04D305F5005566
:10CC8800B5F5BC2FF1D12046FEF774FE3078F8BD1B
:10CC9800D2E900207089202070A920207B3B002049
:10CCA800E2E90020E8E90020D1F8002038B50121A8
:10CCB8001C2013F0C3FF094B4FF480220120084CBD
:10CCC8000025C3F8882014F03FFE012084F8415065
:10CCD80016F018FC84F88C5038BD00BF0080004264
:10CCE8000070002010B504461BF037FC01462046B2
:10CCF800BDE81040BAE6F8B5441E104D104E114F6D
:10CD080014F8010F00B9F8BD272815D006D8222835
:10CD180010D0262808D0FFF7C3FEF1E73C2807D03B
:10CD28003E28F8D1384600E00748FFF7DBFFE7E781
:10CD38003046FAE70548F8E72846F6E7943B00202E
:10CD48008A3B00208F3B0020843B002006410020C6
:10CD5800084210B5144609D00548FFF7C3FF20461E
:10CD6800FFF7C0FF0348BDE81040BBE710BD00BF98
:10CD78009B3B0020653F00202DE9F84306460F46FF
:10CD880080463C7874B9304688F800401BF0E5FBD3
:10CD98000644012804D916F8013C421E2F2B30D036
:10CDA800BDE8F883252C30D17D7865B197F80290DD
:10CDB800B9F1000F07D028461BF03AFB18B14846D6
:10CDC8001BF036FB38BB7B1C11E0203DEDB2373D34
:10CDD800B9F1600FEDB20ED9A9F120095FFA89F90E
:10CDE800A9F13704E4B2FB1C04EB0514E4B21F46B6
:10CDF80008F8014BC5E7B9F1400FF1D8A9F13004A3
:10CE0800F0E7104606F8014DC3E72B2C07F10103A4
:10CE1800D9D12024EBE7602DD7D8402DD7D8303D85
:10CE2800D6E7F8B5037805460E462F2B02D02F20FB
:10CE3800FFF736FE013D164F15F8014F5CB92EB3CA
:10CE4800144B9B6813B3144AD35C2F2B1ED02F208E
:10CE5800BDE8F84024E620461BF0DAFA38B9A4F118
:10CE68002D03022B03D95F2C01D07E2C03D1204641
:10CE7800FFF716FEE0E72520FFF712FE230904F06E
:10CE88000F04F85CFFF70CFE385DF1E7F8BD00BF52
:10CE9800C3390020007000206FA92020F0B5054696
:10CEA800C1B0244815F09EFF00283FD003783C2BE2
:10CEB80000D10130694600231F4F0C4608E047FAAD
:10CEC80002F6F60709D5FF2B30D0013301F8012B04
:10CED800C25C0D2AF3D93E2AF5D100221749204613
:10CEE800E2541BF0DFFB28B12F2103301BF003FBBA
:10CEF8000446D8B123782F2B18D1114920461BF0AE
:10CF08001BFB431E0646FE2B10D802462146284628
:10CF18001AF012F8002329462846AB55FFF72CFFD4
:10CF280020B1284641B0BDE8F04081E5002041B07D
:10CF3800F0BD00BF9F3B0020FEDBFFFFAD3B0020A4
:10CF4800B13B00202DE9F041064608460F461BF08C
:10CF580004FB0446B8B130461BF0FFFAA04212D9D0
:10CF6800335D2F2B0FD10025705D1BF0D1FA804661
:10CF7800785D1BF0CDFA804505D10135AC42F3D17F
:10CF88000120BDE8F0810020FBE72DE9F043ADF575
:10CF98000F7D024602234249074601A8FEF704FC1A
:10CFA800059819F082F9044658B93A463D490020D7
:10CFB80016F054FB01A8FEF745FC0DF50F7DBDE802
:10CFC800F083394B06AE93F88D50384BEDB203F130
:10CFD800080C1868083353F8041C3246634503C22A
:10CFE8001646F6D118684FF00008002110600DF1C0
:10CFF80027009A889B79B2804FF40472B37119F0B4
:10D00800FDFDB42D1BD8DFF8A880062540F21E29A7
:10D018007CB1A8F57F5616F8013CFF2B35D106F5F3
:10D028000876B045F7D1013D08F5804815F0FF05B1
:10D03800EED101A8FEF79EFC002CB6D0BAE76E1E12
:10D048008DF8195006A90E25F6B200238DF8268012
:10D0580011F8012B013D9818ADB2FF2889BF0133A3
:10D06800C3B2D218D3B2002DF2D140F21F2206A9C2
:10D0780001A88DF82630FDF740F940F21E239842AA
:10D0880001D93546BDE72C46BDE740F21F2231469F
:10D0980001A8FDF732F94845C1D80024C3E700BF0D
:10D0A80038170120B43B00200070002071C92020EF
:10D0B8003109212010B5C6B00346154A4FF48071D6
:10D0C80006AC20461BF06EFA2F2120461BF0CAFA48
:10D0D8000023D8B1A04222460E490CBF63700370EA
:10D0E800002301A8FEF760FB059819F0DEF8044656
:10D0F80018B1059819F0B8F8044601A8FEF73AFCEB
:10D1080001A8FEF79FFB204646B010BD0446FAE78B
:10D118001F3C00203817012010B586B000230D4AA7
:10D1280001A80D49FEF740FB059819F0BEF870B14B
:10D13800059819F099F880F00100C4B201A8FEF72B
:10D1480019FC01A8FEF77EFB204606B010BD4FF083
:10D15800FF34F6E78E70002038170120384930B5C3
:10D1680007282CD8DFE800F0432D07072B2B2B04CA
:10D17800344B00221A700024334B4FF000424FF416
:10D1880080051C70314BC3F88420A3F500435A680E
:10D1980022F4473222F007025A604FF48022C3F883
:10D1A80088202B4A14702B4AC2F884500822C3F8EE
:10D1B80084204FF40022C3F88820274B1C70C870C5
:10D1C80030BD214B01221A704FF00042234B4B60B7
:10D1D8001E4BC3F88820A3F580434FF48002C3F8A0
:10D1E8008820A3F580430822C3F88420E7E7164B7C
:10D1F8000122174C4FF480051A704FF00042174B6C
:10D208004B60124BC3F88420A3F500435A6822F4FC
:10D21800473222F007025A604FF48022C3F8882070
:10D22800002222700B4CC4F888500824C3F88840A8
:10D238004FF40024C3F88840074B1A70BFE700BFBB
:10D2480008650020311701203017012000C0004276
:10D258000AF9002000800042EDE900200F6BD7009A
:10D2680038B50C4C94F88E3163B10B4B00220B4D42
:10D27800C3F80824D5F890040368DB68984730B9E8
:10D2880084F88E0194F88E0180F0010038BD14F006
:10D2980037FAEFE700700020E0010120381701207D
:10D2A80030B587B00C461546002302460C4901A844
:10D2B800FEF77AFA059818F0F8FF70B121462A4669
:10D2C800059819F067F884B201A8FEF753FB01A886
:10D2D800FEF7B8FA204607B030BD0446F7E700BFAE
:10D2E800381701202DE9F04F9DB080460069029162
:10D2F80018F0DBFF00285CD0BD4C05A8D8F810104A
:10D3080019F0CCF8EC222146BA4819F015FEBA4EAD
:10D31800D4F8EC000223D4F8F010002203C6D4F8A5
:10D32800F400A6F6FC76C6F8FC0F009300230998D3
:10D3380018F0C0FF099810B103685B6A9847002588
:10D348000023074600220998AA46009518F0B2FF64
:10D35800029B002B00F062814CF21A039F422DDCE5
:10D368000024A64D05A82C70FEF76CFA2B78EBB1BB
:10D378002B78A34A032B9F49A2488CBF0023012383
:10D3880082F88F3101222B785B00DBB22B709E4B29
:10D398001A7000229D4B1A709D4A13889BB243F461
:10D3A800007313804FF4804219F0C6FD4046FEF723
:10D3B800E1FA954B18781DB0BDE8F08F954C05A89B
:10D3C8008C4DA742D4BF00240124FCF7B0FF86F897
:10D3D800F50F05A8FCF7ABFF85F8AE0005A8FCF72C
:10D3E800A6FF85F8AF0005A8FCF7A1FF85F8AC00FB
:10D3F80005A8FCF79CFF96F8F53F85F8AD004D2B86
:10D4080040F0E38095F8AE30562B07D195F8AF3051
:10D41800202B03D195F8AC302D2BA1D005A8FCF713
:10D4280086FF85F8AA0005A8FCF781FF85F8AB0000
:10D4380005A8FCF77CFF85F8B40005A8FCF777FF82
:10D4480085F8B50005A8FCF772FF85F8B60005A8B1
:10D45800FCF76DFF85F8B70005A8FCF768FF85F8AD
:10D46800B80005A8FCF763FF85F8B90005A8FCF724
:10D478005EFF85F8BA0005A8FCF759FF85F8BB00E0
:10D4880005A8FCF754FF85F8B20005A8FCF74FFF84
:10D4980085F8B30005A8FCF74AFF85F8B00005A891
:10D4A800FCF745FF85F8B10005A8FCF740FFC0B2BE
:10D4B800002805A80CBFF323FB2386F8FC3FFCF7E4
:10D4C80036FF85F8BD0005A8FCF731FF85F8BC00DC
:10D4D80005A8FCF72CFF86F8FB0F05A8FCF727FF2B
:10D4E80085F8930005A8FCF722FF4A4BC0B29F427B
:10D4F80085F894000CDC95F89320FD2A02F10203CC
:10D5080088BF0130DBB288BF85F8940085F8933076
:10D5180005A8FCF70CFF10F0030067D0012814BF22
:10D528005E23562305A886F8F93FFCF700FF00F0B4
:10D5380007000027303085F822004FF0000911A9B4
:10D5480063204A46013241F8040B0B2AFAD14FF402
:10D558000042002C00F085814FF4404014924FF4B3
:10D5680080424FF480354FF0000C4FF0080BCDE9A6
:10D5780015024FF4A032CDE917524FF4C032CDE96D
:10D5880019C24FF4E0321B925546002D00F0768107
:10D59800214E4FF6FF7705A8FCF7C9FE60F307098F
:10D5A80005A8FCF7C4FE60F30F2905A8FCF7BFFE29
:10D5B8001CABC0B203EB800050F82C5C632D40F02C
:10D5C800D682BBF1010BE6D1B3E15A2B7FF426AF2B
:10D5D80095F8AE30582B7FF421AF95F8AF30382B43
:10D5E8007FF41CAF95F8AC30322B16E7462399E749
:10D5F800D00700207089202064C92020ECE9002091
:10D6080000700020704920209BEA0020D1F80020FB
:10D61800E8E900201E00020070892220954D05A827
:10D62800FCF785FE86F8FB0F05A8FCF780FE85F859
:10D63800BC0005A8FCF77BFE85F8BA0005A8FCF736
:10D6480076FE85F8BB0005A8FCF771FE85F8B600E4
:10D6580005A8FCF76CFE85F8B70005A8FCF767FE7F
:10D6680086F8FE0F05A8FCF762FE86F8FF0F05A8EE
:10D67800FCF75DFE85F8930005A8FCF758FE85F8D1
:10D68800940005A8FCF753FE86F8F50F05A8FCF7EB
:10D698004EFE85F8BD0005A8FCF749FEC407C2B2D6
:10D6A800C0F3401705D495F8BD300106DBB240F150
:10D6B800CF8095F8BD3043F0800385F8BD30C2F3C4
:10D6C800420305A8303385F82230FCF730FE85F890
:10D6D800B80005A8FCF72BFE85F8B90005A8FCF7EB
:10D6E80026FE85F8AA0005A8FCF721FE85F8AB0000
:10D6F80005A8FCF71CFE85F8AC0005A8FCF717FE8A
:10D7080085F8AD0005A8FCF712FE85F8AE0005A85F
:10D71800FCF70DFE85F8AF0005A8FCF708FE85F8B4
:10D72800B50005A8FCF703FE85F8B40005A8FCF7CA
:10D73800FEFD85F8B20005A8FCF7F9FD85F8B300F1
:10D7480005A8FCF7F4FD85F8B00005A8FCF7EFFD87
:10D7580085F8B10005A8FCF7EAFDC0B2002805A8C5
:10D768000CBFF323FB2386F8FC3FFCF7E0FD05A87C
:10D77800FCF7DDFD10F003006DD0012814BF5E2317
:10D78800562396F8FF2F86F8F93F96F8FE3F134385
:10D7980065D105A8FCF7CBFD60F3070A05A8FCF7DF
:10D7A800C6FD60F30F2A05A8FCF7C1FD86F8FE0F39
:10D7B80005A8FCF7BCFD86F8FF0F05A8FCF7B7FD28
:10D7C800C4B2022C3FF4CCADA4F10A03012B7FF6BE
:10D7D800C7AD0D2C3FF6C4ADBAF1170F01D1022C1D
:10D7E8003BD8032C94BF0024012405A8FCF79FFD17
:10D7F8000CB185F87F0001230222099800930023C9
:10D8080018F058FD05A8FCF792FDDFF86CB085F814
:10D8180079000025013505A8FCF789FD0BF8010FF3
:10D82800102DF7D1BAF1170F7FF687AE01231F220B
:10D8380009980093002318F03DFDBAF1370F7FF4E3
:10D848007CAE05A8FCF773FDC3077FF576AE87E5C8
:10D8580003F07F0331E7462393E70124C5E700245B
:10D868006BE64FF480414FF0030B1994CDE9151284
:10D878008AE600BF70892020098A20200998002F95
:10D8880040F0DE804FF44042C94918F083FDB0F5FE
:10D89800404F7FF465AD029B8BB1C64B93F8942043
:10D8A80093F8933013EB0223C34A08BF4FF4803335
:10D8B800D25C86F8FE2FC14AD35C86F8FF3F002C65
:10D8C80037D005A8BB4FFCF732FD86F8FE0F05A838
:10D8D800FCF72DFD86F8FF0F05A8FCF728FD87F853
:10D8E8007F0005A8FCF723FD00287FF439AD97F8E1
:10D8F8007F20632312F00702109340F0B4804FF4A6
:10D9080080334FF440424FF4A031CDE90B234FF45C
:10D91800C033CDE90D134FF4E0330F930AAE25461B
:10D92800A34F56F8041F632940F015810135072DD0
:10D93800F7D1A0494FF0000901F5003B01F1EE06CF
:10D9480001F1EC0548469BF8003081F8ED300123E1
:10D958001F4602220292C7F580420392984A4FF06E
:10D96800000C02EB000E0EF1010E9EF80020AEEB4B
:10D97800000A1AF807A0524500F03481029A94452B
:10D9880000F23A810130B84280F03B81029A812A44
:10D99800E4D1002B04DD013B2B7035460023013612
:10D9A80009F1FF30029AB4460CF8020B02F17E002E
:10D9B8003A442870751CB2F5804FC0F00B81002BDB
:10D9C800C2BF03F1FF332B7065464FF08003C8BF19
:10D9D8000CF1010C2B707B4BACEB030C43F606737C
:10D9E8009C453FF6BDAC91F8BD20A2F1090322F099
:10D9F8007F0203F07F03134381F8BD30002C00F051
:10DA080016811023082481F8E530112381F8E630C7
:10DA1800A2036D4B0125985C013381F857009B5C8C
:10DA280081F85830694B013503F5003118464FF439
:10DA3800804219F081FAAC4200F58043F3DC90E4AF
:10DA480001460AA818F02AFD4FF4404258490AA88E
:10DA580005F058F807460AA8FDF7F4FEB7F5404F59
:10DA68007FF47EAC2BE74FF40043013A4FF440417A
:10DA78000B93052A62D8DFE802F0031C2C394654C0
:10DA88004FF4A0334FF4803A4FF4C03B4FF4404575
:10DA9800CDE90CA34FF4E033CDE90EB34C4A4FF473
:10DAA8008043A5F5004512F8011F013B5155FAD1F5
:10DAB80034E74FF4A0334FF4803E4FF4C0394FF4AD
:10DAC80080450C91CDE90DE34FF4E033CDE90F9398
:10DAD800E4E74FF4C0334FF4A03C4FF480350C9189
:10DAE800CDE90DC34FF4E0330F93D7E74FF4C033BC
:10DAF8004FF480374FF4A0350C91CDE90D734FF4F6
:10DB0800E0330F93CAE74FF4A0334FF480304FF45B
:10DB1800C0360C91CDE90D034FF4E033CDE90F6326
:10DB2800BCE74FF4A0330C914FF480314FF4C0356B
:10DB3800CDE90D134FF4E0330F93AFE74FF4A03363
:10DB48004FF480324FF4E0350C91CDE90D234FF4BA
:10DB5800C0330F93A2E74FF480423944099818F074
:10DB680019FCB0F5804F3FF4E1AEFFF7F9BBB945BA
:10DB7800354409980AD14FF48042294618F00AFC26
:10DB8800B0F5804F3FF41DADFFF7EABB01460AA888
:10DB980018F084FC29464FF480420AA804F0B2FF2A
:10DBA80005460AA8FDF74EFEB5F5804FEAE700BF27
:10DBB80070892220708920206E4922206F492220F6
:10DBC8006F8922205C8A20206E89222070C920203B
:10DBD8006F092320FF2A664617468CBFA2F580707E
:10DBE8000020B6E60CF1010C039A62453FF4C6AE7C
:10DBF800BCF1810F7FF4B7AEA7EB0009CDF808C0E0
:10DC0800C0E6029A06F1010C022A7FF4C2AE013383
:10DC18001BF807007A1C802B30707FF4CCAE4FF0D5
:10DC28007F032B706546002306F1020CC3E603242C
:10DC3800EEE604280AD8064B142202FB0030002323
:10DC4800A0F89031C0E96533C0E96733704700BF79
:10DC5800007000200A2830B587B058D1354C002212
:10DC68003549D4F8343204F5FA70234483F8F421A2
:10DC780001AB6A461AF0CAFC022819D1009B042B92
:10DC880011D8142202FB0343012283F89021019A40
:10DC9800C3F89421D3F898210132C3F89821D4F815
:10DCA8003822C3F89C210023C4F8343207B030BDB1
:10DCB80002AB6A46214904F5FA701AF0A7FC02285B
:10DCC800F1D1009D042DEED81D4902A819F06BFC76
:10DCD80050B9E8B2FFF7ADFF1422009B02FB0343E3
:10DCE800012283F89021DAE7164902A819F05BFCB3
:10DCF8000028D8D1E8B2FFF79CFF134B93F908200E
:10DD0800009B9A4204BF012384F83C32CBE70D28DC
:10DD1800CCD0084BD3F834223E2A97BF511C00229E
:10DD2800C3F834129B188CBFC3F8342283F8F4016B
:10DD3800BCE700BF00700020CC3B0020D83B00208F
:10DD4800E03B0020E83B0020086500202DE9F04773
:10DD5800DFF8849006460C464FF00008DFF87CA0F8
:10DD680009F10C0714B94046BDE8F08740F2DB53CF
:10DD780040F2DC55514638469C4298BF2546FEF78E
:10DD88000EFB99F90810384612F001FF0E49384683
:10DD9800FEF705FB29463846FEF710FB384612F019
:10DDA80093FE0A4814F074FD0028DCD02A46314658
:10DDB800074811F0F9FD074814F06AFD0028D2D091
:10DDC8002E44641BA844CDE723620020DB3E0020DC
:10DDD80014650020FB3B002008650020EF3B002075
:10DDE80010B504461AF0B9FB01462046BDE81040BC
:10DDF800ACE7024B00229A605A717047007000200D
:10DE08007FB50F4BCDE904130E4B4FF48051CDE98C
:10DE180002230D4B0D4ACDE900030D4B0D481AF0B6
:10DE2800C1FB40F6FE73421E01469A4204D80948D7
:10DE380007B05DF804EB89E707B05DF804FB00BFA5
:10DE4800AD3E0020223C0020313C00200D3C00204B
:10DE5800033C002070992020002201490148CFE7A7
:10DE6800423C00204D3C0020F0B50D4689B00446E8
:10DE780029481646FFF7BDFFFEF734FF2748FEF78F
:10DE880031FF274F2846FEF736FF2648FEF72AFFC0
:10DE9800002107F18E00FEF7C4FF2348FEF722FF9A
:10DEA8007B7933B100222149214809B0BDE8F0400F
:10DEB800A6E7BA681F48204F2049214BDEB10094DD
:10DEC800CDE90321CDE90507CDE901531D4A4FF4FA
:10DED80080511D4B1D481AF065FB421E40F6FE732B
:10DEE8009A4216D801461948FFF730FF09B0BDE835
:10DEF800F04018F0A9B9CDE90221CDE90407CDE930
:10DF08000043134A4FF480510F4B10481AF04AFB54
:10DF1800E3E709B0F0BD00BF5B3C0020843C002073
:10DF2800007000204F3D00207B3D0020423C002037
:10DF3800BE3D0020283E0020AD3E0020223C0020AF
:10DF4800313C0020D73D0020033C00207099202060
:10DF5800493E002018B100220249034850E703480F
:10DF68003EE700BF423C0020883E0020943E00204F
:10DF7800034B002283F83D22012283F83E2270479A
:10DF8800007000202DE9F04391B00023524A054665
:10DF9800524901A8FDF708FC059818F086F90446CF
:10DFA800002800F09680059818F05EF904460028CD
:10DFB8006DD049481AF0D1FA494F0646DFF8188162
:10DFC8004848FFF716FFDFF84491FEF78BFE0599E6
:10DFD80006A818F073FA0A9818F067F90446F0B919
:10DFE800414E4248FEF77EFE7379002B41D022460F
:10DFF8003F494048FFF704FF06A8FDF723FC01A8A6
:10E00800FDF7B8FCFFF7B4FF1DB121460220FEF76B
:10E018007BFD01A8FDF716FC11B0BDE8F0830A9856
:10E0280018F027F904463846FEF75CFE012E02D99F
:10E038004046FEF757FE2F20FEF732FD2046FEF73A
:10E0480051FE4846FEF74EFE2046FEF74BFE2A4894
:10E05800FEF748FE06A8FDF78DFC05990BA818F0F9
:10E068002DFA06A80BA918F014F90BA8FDF7EAFB7E
:10E07800B1E7B26821492248FFF7C2FE2DB1B16865
:10E088002048FFF763FE0446B6E72C46B4E7059838
:10E0980018F0F8F81C4902461948FFF7B1FEA5B96F
:10E0A8002C46ACE742463946059818F073F90646FF
:10E0B80001463846FFF74AFE864204449FD101A82C
:10E0C800FCF721F90028EDD199E7DFF844800D4FDE
:10E0D800F5E7FFF7C1FE95E78E700020381701209D
:10E0E800D03E0020C33E002000700020E63E002005
:10E0F800423C0020BE3D0020DD3E0020F53E0020D1
:10E10800FF3E002070A92020063F0020DA3E0020B4
:10E1180000DC050070B5D2B0024604460D4603A8DF
:10E1280000232A49FDF740FB079818F0BEF8B8B15C
:10E13800079818F099F8002840D0254E08A80799A4
:10E1480018F0BCF90C9818F0B0F8A0B903A8FDF7BE
:10E1580011FC21461D48FDF75EF908A8FDF772FB82
:10E1680025B91C48FFF73CFEFFF702FF03A8FDF79F
:10E1780069FB52B070BD0C9818F07BF823460090EC
:10E1880032464FF4807112A81AF00CFAFF2808A83A
:10E198000DDDFDF7EFFB07990DA818F08FF908A81A
:10E1A8000DA918F076F80DA8FDF74CFBCAE7FDF7A6
:10E1B800E1FB012112A8FFF7ADFFECE703A8FDF78B
:10E1C800D9FB21460148FDF759F8C9E7381701205E
:10E1D8001F3F0020943E00202DE9F043ADF5137D4C
:10E1E800002380460D4616465049024603A8FDF70F
:10E1F800DBFA079818F059F80446002847D0079822
:10E2080018F032F8002861D029464848FDF75CF834
:10E21800044618B903A8FDF7ADFB38E0002EF9D085
:10E22800DFF8109108A8079918F048F90C9818F029
:10E238003CF818B908A8FDF705FBEBE70C9818F0AF
:10E2480018F843464A464FF48071009052A81AF0D5
:10E25800A9F907460C9818F00CF8013F2B464A46D6
:10E268004FF48071009012A81AF09CF9064608A88D
:10E27800FDF780FBFE2F12D903A80024FDF77AFBD7
:10E2880001212846FFF746FF08A8FDF7DBFA03A897
:10E29800FDF7D8FA20460DF5137DBDE8F083013E61
:10E2A800FE2EE9D84FF0FF3212A952A8FFF794FFCB
:10E2B8000028E1D007990DA818F000F908A80DA9C1
:10E2C80017F0E7FF0DA8FDF7BDFAAFE702232A46CE
:10E2D800164952A8FDF768FA569817F0E6FF044663
:10E2E80098B1134F03A8FCF70EF878B14FF4805299
:10E2F8003946079818F04EF8061E06DD32463946AC
:10E3080052A8FBF7FAFF8642ECD0002452A8FDF78A
:10E3180031FB03A8FDF72EFB1CB929460348FCF77F
:10E32800ADFF52A8FDF78EFAB1E700BF38170120FC
:10E33800708920201F3F0020F8B507460D46224C63
:10E34800A9B1224EF06F17F0B0FF80B12A463946C6
:10E3580006F16C00FBF7D1FFD4F840328542034444
:10E36800C4F8403203D006F16C00FDF703FBD4F883
:10E378004432AB4203D95B1BC4F84432F8BD134E98
:10E388000025F06FC4F8445217F08FFF0246C0B161
:10E3980006F16C00FDF7EEFA94F848322BB12A46E4
:10E3A8000B490C48FFF72CFD02E00B48FFF718FD5E
:10E3B800FFF7DEFD0420D4F84012BDE8F840FEF770
:10E3C800A3BB03490548EDE700700020086500205D
:10E3D800423C0020883E0020943E0020BE3D0020A4
:10E3E8002DE9F041064694B0006988461D4614465A
:10E3F80017F03AFF0746A248FEF774FC4046394634
:10E40800FEF70FFD9F48FEF76DFC5DB39E4A0121A4
:10E418002046FEF79DFC9D4A02212046FEF798FC07
:10E428009B4A04212046FEF793FC9A4A082120467D
:10E43800FEF78EFC984A10212046FEF789FC974A81
:10E4480020212046FEF784FC954A40212046FEF70D
:10E458007FFC9448FEF746FC934814B0BDE8F041B1
:10E46800FEF740BCE10711D59048FEF73BFC904908
:10E47800404619F098F8002800F0F580306917F048
:10E48800F8FEFEF738FC8B48FEF72CFCA20706D5F1
:10E4980089488A4B002F08BF1846FEF723FC6307FC
:10E4A8000ED58748FEF71EFC002F40F0DE8030694D
:10E4B80017F0E8FE0022FEF7FEFA8248FEF712FC8B
:10E4C80020070CD58048FEF70DFC804B8048002FB4
:10E4D80008BF1846FEF706FC7E48FEF703FC3069C5
:10E4E80020B1036808A99B6C98470546E1064FD5FB
:10E4F800002D4DD07848FEF7F5FB9DF825309DF8A6
:10E5080026C00B2B9DF824000CF26C7740F2B080EB
:10E5180001230CF26B7C6FF0630E0CEB9C026F49CD
:10E528009CFBFEFE72444FF4C87EBCFBFEFC6244BA
:10E53800DFF8C8C10CEB830C6533DCF8F4C051F884
:10E54800233062444FF0070C024492FBFCFCCCEBF6
:10E55800CC0CA2EB0C029DF820C05F32CDF814C0A1
:10E568009DF821C0CDE90003CDF810C051F8223044
:10E5780028219DF822C05A4A0DEB0100CDE9027C02
:10E588001AF010F80AA8FEF7ADFB5648FEF7AAFBEA
:10E59800A2062DD5306958B3036806A95B6C984765
:10E5A80030B35148FEF79EFB9DF81D209DF81810CA
:10E5B8000AA80B2A9DF81E3004919DF8191094BFE3
:10E5C8000132012203F26C73039198BFD2B29DF815
:10E5D8001A1002919DF81C10CDE90021434A202110
:10E5E80019F0E0FF0AA8FEF77DFB4148FEF77AFB29
:10E5F80063067FF52EAF3F48FEF774FB306917F0CE
:10E6080041FE0122FEF757FA4DB32D20FEF748FAD6
:10E618009DF826000122002100F26C70FEF74BFAEB
:10E6280001229DF8250000211044FEF744FA01223A
:10E638009DF824000021FEF73EFA01229DF82200F1
:10E648000021FEF738FA01229DF821000021FEF78B
:10E6580032FA01229DF820000021FEF72CFA264804
:10E66800FEF740FBF5E612480BE70020014621E7DC
:10E678000133DBB2022B7FF74CAFBC464BE700BF40
:10E688004F4300207D3F00209B3F0020A73F0020F4
:10E69800B43F0020C53F0020D43F0020E43F0020C5
:10E6A800F13F0020204100204E410020F93F00208A
:10E6B800AF3B002009400020253F0020563F0020A6
:10E6C8001A4000202F40002045400020063F00202F
:10E6D800683F0020584000206C4000200025006062
:10E6E80080400020A4400020B9400020CA400020FB
:10E6F800E9400020FB4000200D410020D007002009
:10E708002DE9F0410D46C6B0934C91B1D4F8406262
:10E71800B6F5BC2F0DD2C6F5BC278F4228BF0F46D1
:10E7280001468E483A4630443E4418F005FCC4F889
:10E738004062D4F84432AB4205D95B1BC4F844327A
:10E7480046B0BDE8F0810023C4F8443294F83D3265
:10E75800013B0C2B5BD8DFE813F00D0029002F00DC
:10E768005A003100E0004101120203031603780346
:10E77800DF03FF027A4B4FF480517A4A05937A4BB4
:10E788007A4804937A4B03937A4B02937A4B01931A
:10E798007A4B00937A4B19F005FF9F217348FFF7D6
:10E7A800D5FA46B0BDE8F041FFF7E2BB012046B01C
:10E7B800BDE8F041FFF7E6BB0020F8E77148D4F860
:10E7C8004052FEF735F9002800F0C2806E496D48C6
:10E7D80018F0E9FE002800F0BB80B5F5BC2F03D384
:10E7E80000226A496A481CE045BB6A4814F0FAFAF4
:10E7F80018B900226549684813E006A914F0B8FD65
:10E808000028F6D05F496548FDF711FF10B9FFF7FA
:10E8180023FBC6E7FEF780FC021E05DA00225B49EF
:10E828005F48FFF7EDFABCE702D158495D48F8E7C1
:10E838002A4606A95148FFF717FBB2E75A4814F0D1
:10E84800D1FA78B10378302BD3D110F8013F202BBF
:10E85800FBD0092BF9D00D2BCBD8544A42FA03F33D
:10E86800DB07C6D45249284614F04EFA0028C0D017
:10E878005049284614F048FA0028BAD04E4928468C
:10E8880014F042FA0028B4D03E494448FDF7CFFEC0
:10E8980080F0010010F0FF0532D1FEF73DFC0028A2
:10E8A800BCDB2BD012F036F8D4F84C62D4F838120E
:10E8B80003460136414A424FC4F84C62314C14F8C1
:10E8C800010B38BB88B20496090C0390C2F30D30D3
:10E8D800C2F30B02009140F40040402142F4804210
:10E8E800029006A80192374A19F05CFE3648234B7D
:10E8F800012206A9002D08BF18469CE7002294E7CC
:10E908002048FEF7D7FB002840F00D8300221F495E
:10E918002E4886E742407A43D1E72D4814F062FA40
:10E9280004461848FEF784F890B11749154818F0BE
:10E938003AFE68B1002C3FF45CAF06A9204614F0FB
:10E9480017FD00283FF455AF2248FFF749FA28E79A
:10E9580000220E49204864E70070002070A920209A
:10E96800AD3E00206B4100207C41002070992020A2
:10E97800313C00208041002089410020FF3E0020DA
:10E98800033C00208E700020AF3B0020423C00205A
:10E99800F64100200C420020114200203C170120C3
:10E9A800BE3D00202142002038420020FEDBFFFF50
:10E9B800404200204942002053420020C59D1C814E
:10E9C8009301000166420020883E00205942002041
:10E9D80099420020943E0020E8410020D4F840727B
:10E9E800B7F5BC2FBFF4FCAE0023B54AB54906A85D
:10E9F800FCF7DAFE0A9817F058FC0546002800F0E4
:10EA0800BB80B14814F0EEF9002874D000783028A3
:10EA180013D031286CD019F07BFD69286BD006A87B
:10EA2800FCF7A8FF0022A949A948FFF7E9F906A8B9
:10EA3800FFF79EFAFCF706FF82E64FF00008D4F8CD
:10EA4800403233B1A349384614F05EF9064600282F
:10EA580054D13846002614F07BF907460A9817F077
:10EA680003FC05469C48FFF7C4F9FEF73BF99B48B1
:10EA7800FEF738F945B906A833463A469049FFF7F4
:10EA8800AFFC9748FEF72EF96379002B38D00022A7
:10EA98008E499448FFF7B4F906A8FCF76BFF06A85F
:10EAA800FCF7D0FEFFF764FA002D3FF449AE8E4D17
:10EAB80095F90830002BFFF643AE94F83C32002B52
:10EAC8007FF43EAE894905F10C00FDF768FC95F925
:10EAD800081005F10C0012F05AF805F10C0011F0BD
:10EAE800F3FF834813F0D4FE012384F83C3227E671
:10EAF8004FF00108A3E74FF0FF38A0E77F27ADE705
:10EB08007C497D4A7D4B3DB300937D487D4BCDE9E3
:10EB180001214FF480517C4A19F044FD5E21784868
:10EB2800FFF714F917F090FB002DB5D0FFF761F946
:10EB3800634933463A4606A8FFF752FC17F084FBB0
:10EB4800B8F1010F04D13246394606A813F044FE45
:10EB58006348FFF745F99FE7CDE9032102934FF496
:10EB68008051A368694A0193694B65480093654BD6
:10EB780019F018FD0146D2E7FFF76EF98FE7D4F8D0
:10EB88004052B5F5BC2FBFF42BAE06A800234C4A63
:10EB98004C49FCF709FE0A9817F087FB002800F09B
:10EBA8008B800A9817F060FB064606A8FCF7E2FE81
:10EBB800D4F84032002B3FF435AF5649284614F0BC
:10EBC800A3F800283FF42EAF5349284614F09CF8C8
:10EBD80080B95249284614F097F858B95049284640
:10EBE80014F092F830B94F49284614F08DF80028EF
:10EBF8003FF418AF284614F0ABF805463648FFF73F
:10EC0800F8F8FEF76FF84848FEF76CF831462C48DC
:10EC1800FEF707F94548FEF765F8454A01212846F9
:10EC2800FEF796F8434A02212846FEF791F8424A31
:10EC380004212846FEF78CF8404A08212846FEF7AA
:10EC480087F83F4A10212846FEF782F83D4A2021DE
:10EC58002846FEF77DF83C4A40212846FEF778F81A
:10EC68003A48FEF73FF83A48FEF73CF83948FEF7CD
:10EC780039F8637943B1002214491A48FFF7C0F8FC
:10EC880006A8FCF7DFFD8CE51A4B4FF480511F4AAC
:10EC98000493194B1A480393184B0293A3680193E2
:10ECA8001B4B0093174B19F07DFC01461448FFF7E6
:10ECB8004DF817F0C9FAE3E7FFF7CEF8E0E700BF31
:10ECC8008E7000203817012038420020423C002076
:10ECD80011420020A64200205B3C0020AF420020E9
:10ECE800EC430020BE3D002008650020FB420020C8
:10ECF800033F0020AD3E0020283E0020223C00209B
:10ED080070992020D042002073410020EC4200205E
:10ED1800313C002008430020174300201C430020FA
:10ED28002143002029430020314300207D3F00205B
:10ED38009B3F0020A73F0020B43F0020C53F002094
:10ED4800D43F0020E43F0020F13F0020644300202E
:10ED580099430020D243002000227D497D4860E588
:10ED68007D497E48FDF763FC044600287FF4C6AD64
:10ED780079497B48FCF7A8FA00283FF4C7AD22463A
:10ED8800734978484DE506A8FEF788F8024620B989
:10ED98006F497548FFF734F806E06F496F48FDF78B
:10EDA80046FC20B9FFF758F8FFF7E2F8C8E46A48CC
:10EDB800FDF73EFE98B16D49674818F0F4FB70B155
:10EDC80006A965481AF0C8F948B1634906A8FEF7CC
:10EDD800B9F820B906A96048FEF7B4F818B10022BE
:10EDE8005B496348D6E706A8FEF764F9024610B9FE
:10EDF80057496048CEE706A95848FDF718FC04466D
:10EE08005D4813F0EFFF6CB140B1007819F08AFB50
:10EE1800462803D100224E495848BBE7012106A8DD
:10EE2800FFF778F906A94D48FDF701FC00286FD1D6
:10EE380006AA49494948FDF713FC002868D084F020
:10EE48000100C0B2FFF786F8AEE74D4813F0CAFFDD
:10EE5800054630B10078302803D019F059FB6928ED
:10EE680051D106A8FEF71AF800284CD03A493B4879
:10EE7800FDF7DDFB002895D03748FDF7D9FD0028C0
:10EE8800ADD03A49344818F08EFB0028A7D006A91F
:10EE980031481AF061F90028A1D02F4906A8FEF7D9
:10EEA80051F800289BD106A92B48FEF74BF80028FB
:10EEB80095D106A8FEF7FEF80246002898D006A9C4
:10EEC8002648FDF7B4FB04462B4813F08BFF4CB1E2
:10EED80020B1007819F026FB46289BD0012106A80E
:10EEE800FFF718F98DB12D78303D18BF4FF0FF3579
:10EEF80006A91A48FDF79BFB50B92A4606A91648E9
:10EF0800FFF76AF999E7002242E74FF0FF35EFE78C
:10EF180000220F491B483DE700210F4846B0BDE8D5
:10EF2800F041FFF7F7B802230B4A0D4906A8FCF792
:10EF38003BFC0A9817F0B9F9064606A8FCF71AFD33
:10EF480006A8FCF77FFC002E7FF4ACAC66E400BF9B
:10EF5800423C0020FF4300208E7000203C17012017
:10EF680038170120883E002011420020AF3B0020C6
:10EF7800E841002059420020134400201F4400208B
:10EF880038420020BE3D00202DE9F043924C89B064
:10EF980094F83D52D4F8501245B1042D8F4840F0F2
:10EFA800A18109B0BDE8F043FFF7C6B98B4E0A4608
:10EFB8008B49304617F0E0FF0746002800F097819C
:10EFC80005703378433B122B00F2F980DFE813F029
:10EFD80013008800F700F7009400A000F700F7007E
:10EFE800F700A900B200F700C600D100F700F7004B
:10EFF800F700F700EF00052278497A4817F0AAFFD2
:10F00800002840F0DC800B23774D84F83D3294F8DB
:10F018003D32002B00F06B812021284619F06BFA55
:10F02800002800F0648180464FF0000929466F48A7
:10F0380008F8019BFDF7A0FE43466D4A4FF4805146
:10F048006C4819F0AFFA6C49404619F02BFB05469D
:10F0580050B16A49103519F025FB08B180F80090C5
:10F06800284618F090F80546D4F8503207F10409FC
:10F078004FF000081E4494F83D32042BA6EB090615
:10F08800C4E9908540F0218158495D485D4FFDF7FE
:10F09800CEFA002800F015814346544A5A4903A87D
:10F0A80084F84882FCF780FB03A907F16C0017F08D
:10F0B800F0F803A8FCF7C6FBF86F17F0F6F800287D
:10F0C80040F0CA80002251495148FEF799FE0021BC
:10F0D8000420FEF74DFF09B0BDE8F043FDF714BD6D
:10F0E80007223E494B4817F035FF002867D10C230B
:10F0F800494D84F83D328AE704223849474817F0D9
:10F1080029FF00285BD10223454D84F83D327EE774
:10F1180005223249434817F01DFF00284FD1032329
:10F1280072E705222D49404817F014FF002846D100
:10F13800052369E7052229493C4817F00BFF08B960
:10F148000A2361E706222549394817F003FF0028FA
:10F1580035D10923374D84F83D3258E708221F4935
:10F16800354817F0F7FE50BB0123344D84F83D3283
:10F178004DE704221949324817F0ECFE08B9042378
:10F18800C2E7092215492F4817F0E4FE20B90723E2
:10F198002D4D84F83D323AE70A2210492B4817F0E2
:10F1A800D9FE60B908232A4D84F83D322FE707229B
:10F1B8000A49284817F0CEFE08B9062398E70D2318
:10F1C8002021064884F83D3219F095F9054608B122
:10F1D80001351CE7014D1AE70070002070892020D6
:10F1E800BE3E002037440020758920208E70002004
:10F1F8001F3C002070992020313C0020C03E002098
:10F208003C1701200865002038170120423C0020E7
:10F21800214200203D4400207789202045440020D9
:10F22800748920204A440020824400205044002051
:10F2380056440020768920205D44002078892020CB
:10F24800664400206B440020798920207544002002
:10F258007A89202080440020F86F17F005F880464E
:10F2680007F16C00FCF786FBB8F1000F7FF42AAFBA
:10F278000223204A204903A8FCF796FA03A91F484D
:10F2880017F007F803A8FCF7DDFAF86F17F00DF888
:10F2980058B194F8483243B9009300220023F86F1C
:10F2A80017F008F8F86F16F003FFAE4206D21448BC
:10F2B80013F098FD10B11348FEF792FD3146484609
:10F2C8006FE6012384F84832D2E7052B08D1AE4215
:10F2D80006D20B4813F086FD10B10A48FEF780FDF0
:10F2E8003146484609B0BDE8F043FFF709BA09B00E
:10F2F800BDE8F0838E700020381701207465002067
:10F30800884400209144002010B50E4CE06F16F0A0
:10F31800CCFF18B104F16C00FCF72CFB0A4B00225F
:10F3280083F83D2283F83E2283F83C22C3F850221A
:10F3380083F848229A605A7183F88E20C3E9902294
:10F3480010BD00BF08650020007000200E4908B5F8
:10F3580091F90800002806DB0C4B93F83C223AB1DF
:10F36800C0B2FEF766FCFF230B72BDE80840CBE78E
:10F37800142202FB00300122D3F8383280F89121A0
:10F38800C0F8A031EFE700BF08650020007000203A
:10F3980070B51C4D95F854324BB11B491B48FCF70E
:10F3A800FFFF1B4813F074FA184812F001FA194EBF
:10F3B800F06F16F07AFF18B106F16C00FCF7DAFA74
:10F3C8000024FF232C75337285F8544285F83D429A
:10F3D80085F85542C5F83442C5E90344FFF794FF60
:10F3E8002046FEF726FC0120FEF723FC0220FEF74C
:10F3F80020FC0320FEF71DFC0420BDE87040FEF74A
:10F4080018BC00BF00700020AB4400201465002029
:10F41800033F0020086500200A4B93F8562293F812
:10F428005702511C83F8561258B193F8581291425A
:10F4380006D893F85902904294BF002001207047E3
:10F448000020704700700020064A10B592F85A3222
:10F4580002EBC304013384F85C02C4F8601282F83A
:10F468005A3210BD007000200B4B93F8542A132A0F
:10F4780008D80A22027093F8542A013283F8542AD1
:10F48800013070470022027083F8542A93F8552AF5
:10F49800013283F8552AF3E7007000200138042868
:10F4A8000BD8DFE800F0030C12181E0009230B70BC
:10F4B80020234B7017238B700331084670470923AC
:10F4C8000B7018234B701923F5E709230B701A23C7
:10F4D8004B701B23EFE709230B701C234B701D2374
:10F4E800E9E709230B701E234B701F23E3E7F7B5E9
:10F4F8000546019116461C469DF82070FFF78CFFC3
:10F508000199A0BB28463546FFF79EFF002F2046ED
:10F5180014BF1523132305F8013B19F01EF82328FF
:10F5280006D82346294604449C4217D1284411E0B2
:10F53800631E06F1230113F8012F12F0800F18BF84
:10F548003F2205F8012B8D42F5D13E2306F1240018
:10F5580086F8233003B0BDE8F04085E713F8012BA7
:10F5680012F0800F18BF3F2201F8012BDCE730466C
:10F5780003B0F0BD2DE9F0418CB004460D461746A6
:10F58800129E9846E6B12F21304619F06BF800B16B
:10F59800461C4346114A262102A8009619F002F893
:10F5A800252802DD00238DF82D3000233A46294610
:10F5B8002046009302ABFFF79AFF0CB0BDE8F0813C
:10F5C800074A262102A8022500920124054A18F0BC
:10F5D800E9FF2528C8BF8DF82D60E6E7BA4400206A
:10F5E800D0440020C544002030B599B004462025F9
:10F5F80011F090F943F620638DF83A50ADF83830A1
:10F60800CDE9020105A902A817F0C6FD294603465F
:10F61800074A0DF13B0019F08DFD00232246022117
:10F6280000930EAB0120FFF762FF19B030BD00BF99
:10F63800D644002010B58CB0044611F0E6FBB7EEB6
:10F64800C07A642202A89FED106B27EE067BFDEEC0
:10F65800C77B17EE903AFDEEC07A93FBF2F102FBFE
:10F6680011330B4A2621009317EE903A18F09AFFAF
:10F67800002322460221009302AB0120FFF737FF47
:10F688000CB010BDAFF3008000000000000059402E
:10F69800EB440020F8B5069E0F469DF81CC01146A5
:10F6A800013E0822DFF84CE016F8014F0CB91D4660
:10F6B80017E014F0800FDEF8585A18BF3F2425448D
:10F6C80015F8205C2A445D1CDE2A03D82B4605F871
:10F6D800014CE9E7BCF1000F4FF03E0218BF0B20C8
:10F6E8001A70FFF7B1FE29463846FFF7D7FEBDE886
:10F6F800F840B9E6007000202DE9F04300248DB0F1
:10F7080002460E461A4B214620460094FFF7EFFEAC
:10F71800184F0546DFF86890DFF86880E0B2FEB160
:10F7280003F09AF8A8B1144B144A262102A80094B1
:10F7380018F038FF97F85C3AC6F1200021461A1BEA
:10F74800C0B2534253412A46009302ABFFF7CFFEA3
:10F75800054601340F2CE1D128460DB0BDE8F083F1
:10F7680097F85C2AA2420CBF4B464346DCE700BF31
:10F778001845002000700020FB4400201D45002093
:10F788000D4500200645002013B500240246194BFC
:10F798004FF0FF3109200094FFF7A9FE164B0246EF
:10F7A800214610200094FFF7A2FE144B0246214682
:10F7B80011200094FFF79BFE114B024621461220B0
:10F7C8000094FFF794FE0F4B024621461320009445
:10F7D800FFF78DFE0C4B9B784BB10C4B1B7833B16C
:10F7E80002460B4B214617200094FFF780FE02B01B
:10F7F80010BD00BF18450020234500203C450020CF
:10F808005645002076450020007000200EF90020A3
:10F8180096450020F8B501F1100704460E4611463A
:10F828003846154616F0FEFAF0B1B36CEBB19B887A
:10F8380023603846FBF707FF202284F824000021C4
:10F84800201D033417F0DAF96A1E1F3512F8013F3C
:10F858004BB1A3F1610119299CBF203BDBB2AA423D
:10F8680004F8013FF2D10120F8BDF36C002BDFD082
:10F878009B6A5B09DCE738B591F82420054690F8C7
:10F8880024300C469A4205D0002B0CBF01204FF0C3
:10F89800FF3038BD20220431043019F04DFC002817
:10F8A800F7D12A6823689A42F3D034BF4FF0FF306B
:10F8B8000120EEE72DE9F04307468BB0884606465F
:10F8C8000125454502D30BB0BDE8F08306F1280CAD
:10F8D8006C46B1462836BCE80F000FC4BCE80F00E0
:10F8E8000FC49CE8030084E803002C464946684698
:10F8F800FFF7C1FF002814DACE4609F1280C013CB5
:10F90800A9F12809BEE80F00ACE80F00BEE80F0017
:10F9180014F0FF04ACE80F009EE803008CE8030035
:10F92800E4D124B2EC46013504EB8404EDB207EBD4
:10F93800C404BCE80F000FC4BCE80F000FC49CE867
:10F94800030084E80300BCE72DE9F04F9E4D8FB01B
:10F958009E4B9F4C9B6813F0800F0BD1012384F8BA
:10F968005D3A9A4B9B681E0600F11B814B2011F0F3
:10F97800EBFFF6E74FF0000994F85D3A23B9954B91
:10F9880093F88030180604D4002384F85E3A84F88B
:10F998005F3A94F85E3A03F0FF06002B56D18E4B7F
:10F9A8004FF001088D4F1E708D4B1E708D4B1E70D1
:10F9B8008D4B84F8606A1E7084F8616A02F060FEFC
:10F9C80084F8628A3846D7F80034A7F82465C7F85F
:10F9D800043487F82365C7F8286587F82C65C7F8C5
:10F9E8003065C7F8346507F063FB87F822857F4FD9
:10F9F800D7F800343846A7F82465C7F8043487F8E0
:10FA08002365C7F8286587F82C65C7F83065C7F8F7
:10FA1800346507F04DFB764B87F82285D3F8002430
:10FA2800C3F81464C3F8042483F81864C3F81C6486
:10FA3800C3F8206483F80D84A3F80E6483F8106477
:10FA4800032384F8636AA67084F8643A94F8623AE7
:10FA580013B994F8653AEBB92B884FF40032FF21BB
:10FA6800644823F400731B041B0C2B8017F0C6F8A2
:10FA78004FF4C022FF21604817F0C0F84FF400523D
:10FA8800FF215E4817F0BAF84FF40042FF215C48A6
:10FA980017F0B4F85B4E737C002B2BD010F03AFFB4
:10FAA800594B9A6822F001129A609A68D107FCD4DF
:10FAB8009A6B22F001029A63534B9A6BD207FCD4DB
:10FAC800C203400C5A6518659A6B42F001029A63AA
:10FAD8009A6BD707FCD59A6842F001129A604B4B93
:10FAE8004B4A1A604B4B1A684B4B1A6010F012FFC6
:10FAF8000023737494F8623A484F002B00F07E8319
:10FB08000023354ADFF838B12B80DFF8D4A03B70EA
:10FB1800DFF8D0808BF8003084F8623A1370404ADE
:10FB28008AF8003088F8003013702F4A137094F860
:10FB38005F3A002B40F065824FF4005239493A4849
:10FB480017F0FAF92B889BB243F010032B8094F836
:10FB5800663AC3B903212E2011F070F833491D4BC2
:10FB68004868334AD3F88430B3FBF2F303EB8303DA
:10FB78004A68121A9342FBD82E4B9B689E031ED4E8
:10FB8800002084F8660A94F8663A002B5AD1B9F135
:10FB9800000F40F036822B88274AC3F300131370F6
:10FBA8002FE24FF00109E7E6013EE9D0184600913F
:10FBB80004F076F8214B00990028F5D0E1E70526F6
:10FBC8004FF000011D4BF1E7E8E9002000C00042BA
:10FBD8000070002008650020D2E9002030080120CC
:10FBE800E3E90020D0E900209BEA0020B00F0120C3
:10FBF800E001012050DC022070892020507C022086
:10FC080070092020F0EB002000400D4004EC00209B
:10FC1800B58B00000CEC002008EC0020A0EA0020C6
:10FC2800E2E90020F8080020501C0220001000E043
:10FC380040420F0000800042EEE900203C170120FE
:10FC4800A2EA0020FDF70CFB064600289FD094F896
:10FC58005E3A03F0FF0063B9A84A92F880305BB2BD
:10FC6800009303F093F9009B002B02DBA34A82F870
:10FC780080304FF48042A249A248FDF711FB2B883F
:10FC8800002800F0F0809BB243F010032B804FF463
:10FC980000529D499D48FDF703FB002800F0EA80CB
:10FCA8002B889BB243F040032B804FF400529849B5
:10FCB8009848FDF7F5FA002800F0DF802B889BB202
:10FCC80043F020032B804FF4006293499348FDF7DB
:10FCD800E7FA002800F0D4802B889BB243F0800319
:10FCE8002B808F494FF400528E48FDF7D9FA8C4982
:10FCF800002800F0CB802B8801F58052C4F8681AE0
:10FD08009BB292F8F90143F480732B80864BC4F8B8
:10FD18006C3A864BC4F8703A92F8F83103EB00233A
:10FD280083481FFA83FCD0F800E011FA83F341F806
:10FD38000CE0D0F804E0007AC3F804E0187292F8F6
:10FD4800F60192F8F5317B4A03EB002309A811FA72
:10FD580083F37949C4F8583A0023FBF725FD0D9839
:10FD680016F0A3FA002800F08E80012309A884F871
:10FD7800743AFBF7FFFD09A8FBF764FDB9F1000F22
:10FD88000FD194F85D3A63B95C4B93F8803018064C
:10FD980007D46A4B9B68990603D402F07FFD84F868
:10FDA800750A09A8002304AA654907F001F90D9806
:10FDB80016F07BFA002838D04FF4804261490D983C
:10FDC80016F0E8FA70B32B88B0F5804F9BB243F079
:10FDD80001032B8026D34FF480425B490D9816F01F
:10FDE800D9FAF8B14FF00109B0F5804F87F80090C3
:10FDF8002B889BB243F002032B8013D34FF480422D
:10FE080052490D9816F0C6FA60B18BF800904FF47D
:10FE180080422B884E499BB20D9843F00C032B80EF
:10FE280016F0B8FA09A8FBF7A5FD09A8FBF70AFD23
:10FE380094F8753A002B40F0E48094F8763A454FF0
:10FE4800DBB23B7094F8643A043B102B00F28C80D0
:10FE5800DFE803F04C8A8A39398A8A8A8A8A8A8A48
:10FE6800371E3335390013F010037FF410AF3A4AC8
:10FE780013700CE7394B187017E7394B187022E7E5
:10FE880084F8670A2DE784F8740A74E7207175E727
:10FE9800012304A88DF80F3007F0DCF89DF80F90C7
:10FEA80009F1FF33052B00F28380DFE813F06700C8
:10FEB8007300640094019401B1000223E9E706236A
:10FEC800E7E70323E5E704A807F0C4F8089816F065
:10FED800ECF90028E2D0089816F0CBF902F09AFB6A
:10FEE800052818BF04208DF80F00D7E701230DF16E
:10FEF8000F021C4904A807F05BF8CFE7086500204B
:10FF0800501C0220B2450020509C0220C44500200D
:10FF1800505C0220D9450020D0E10020ED450020AA
:10FF280050BC022004460020700920204B292020C4
:10FF38004A460020174600203817012000C000421A
:10FF4800809A2620501C0120505C0120509C0120E2
:10FF580050DC0120D1F80020EEE90020C3F8002091
:10FF68000EF90020777A0020002304A88DF80F30BE
:10FF7800FBF7DDFB92E7A44B01221A7009A8089948
:10FF880016F08CFA09A8FCF749FE064609A8FBF703
:10FF980059FC0DE0089909A816F080FA09A8FCF7A1
:10FFA8003DFE064609A8FBF74DFC002E2CD1002685
:10FFB80004A8FBF747FC26B994F85E3A002B40F0FA
:10FFC800168194F85D3A2BB994F85E3ACBB994F857
:10FFD800783BB3B18D4B9B689A0612D42B88DB050E
:10FFE8000FD58B4B8B4A1A608B4B8C4A1B78DBB234
:08FFF80013708B4A136843F4F7
:02000004600199
:1000000080531360894B8A4A1A600FB0BDE8F08FA5
:1000100001238AF80030CFE709A8089916F042FAC0
:100020000D9816F046F9002843D04FF4003281496C
:100030000D9816F0B3F90646D8B10123DFF80892FF
:1000400088F8003000233B701F462A8892B242F4A1
:1000500000722A804FF4005249460D9816F09EF91E
:10006000B0F5005F064404D3013709F50059302F7D
:10007000F0D198F80030CBB106F57F563F36C6F385
:10008000873684F8776B94F8773B1F2B0ED84FF0A8
:100090000008DFF8A091DFF8B0A143F6FC7B6649C9
:1000A0005FFA88F794F8773B9F420FD309A8FBF7D4
:1000B00065FC624B09A81E78F6B2FBF7C7FB002E61
:1000C0003FF479AF5E4B01221A7075E77E00032280
:1000D00008F10108F6B20F2E8ABF103E09EB463632
:1000E0000AEB463606EB0B0019F02AF852490028B5
:1000F000D6D1FF2FDAD006F5405393F8EA2FD2B2CB
:10010000009293F8EC2F93F8F11F93F8F28FD2B28C
:1001100093F8F3CF41EA082B93F8F47F93F8F51F97
:100120005FFA8CFC93F8F6EFFFB293F8F73FC9B291
:100130005FFA8EFEDBB24FEA9819019394F8773B91
:1001400094F877ABDBB2BAEB981F41D902F1030800
:1001500003EB9803DBB2202B3AD8042A38D841EAC3
:100160000E2E3449CBF30D0B01EB89314CEA0729F4
:10017000019FBB441FFA80FCE64506D8CAB906F5C4
:100180004056002386F8EA3F90E7BBF5804F00F128
:1001900001001DD211F80BC0009FACEB07080CF05A
:1001A000800C08F07F0848EA0C0801F80B80CB446B
:1001B000E0E79B0006F57F500021013B2D30DBB2CC
:1001C0005F1AFFB247540131CFB29742F8D3D6E756
:1001D00000231A4A13701B4A82F8773B66E7089996
:1001E00009A816F05FF9B9F1040109A818BF0121A7
:1001F000FDF77CF8CDE6012384F85D3A84F85E6A69
:10020000FFF7AABB2B88C3F340033B70FDE600BF9A
:10021000E0E9002000C00042CCF80020501C012082
:10022000E6E90020C8F80020C06400209CEA002015
:100230007009202050DC022046460020D0E9002032
:10024000E3E9002000700020708920200020AF4BDF
:100250004FF400022DE9F04F1870B5B0AC4B187098
:10026000AC4BC3F88820AC4B1B780BB103F030F9D2
:10027000AA4DAB4CEB78AB4E072B40F0C381FCF79B
:1002800019FD002384F85E3A84F85F3A012384F86C
:100290005D3A1C20022110F0D5FCFFF77DF894F8A0
:1002A0008C3003F0FF000BB913F030F99E4B1B7834
:1002B000E3B19E48002380F80A3400F5856000F819
:1002C0001D3C00F81F3C80F83730036300F81B3CEE
:1002D00050F8282C80F87C3440F8242C80F87C30AE
:1002E00000F8203C8362C362FBF748FB904B1B780D
:1002F0000BB112F077FF8F4B1B7813B98E4B1B7825
:100300000BB112F0A9FE4FF0000801278B4B3760AC
:10031000414683F800808A4B8A4A83F800808A4BE2
:100320008A4883F800808A4BDFF8F4A183F80080C4
:10033000884B83F80080884B83F80080874B83F8D4
:100340000080874B83F80080864B1A601022864B12
:1003500083F80080854B83F80080854B83F800800C
:10036000844B84F8008083F80080834B83F80080FE
:10037000824B83F80080824B83F8008016F042FCA9
:10038000804B0322804883F80080804B83F80080F4
:100390007F4B83F800807F4B1A707F4B83F800807F
:1003A0007E4B83F800807E4B6F702F7083F8008047
:1003B0007C4B83F800807C4BA3F800807B4B83F858
:1003C00000807B4B83F800807A4B83F800807A4B67
:1003D00083F80080794BA3F80080794B84F8798BFF
:1003E00083F80080504B83F80080514B83F80080E5
:1003F000744B83F800804F4B83F80080724B1F7062
:100400004D4B83F80080714B83F80080704B1F8048
:10041000704B83F80080704B83F800806F4B83F83B
:1004200000806F4B83F800806E4B84F8758A83F8E8
:1004300000806D4B83F800806C4BA0F824851A690E
:1004400080F823855A616A4BC0F828851A6980F8BC
:100450002C855A61674BC0F83085D3F80024A3F887
:100460000E84C3F8042483F81084C3F8148483F83A
:100470001884C3F81C84C3F82084D0F80034C0F872
:100480003485C0F8043406F017FE5B48D0F8003419
:10049000A0F82485C0F8043480F82385C0F82885A6
:1004A00080F82C85C0F83085C0F8348506F004FE4D
:1004B000524B84F803801A695A61514BD3F880205B
:1004C000C3F88420EB78032B40F0F78102F05AFD4B
:1004D00084F8627A94F8643A043B122B00F2ED81BE
:1004E000DFE813F0C502B700EB01D802D802EB0138
:1004F000EB01EB01EB01EB01EB01EB01C502C502E6
:10050000C502C502C502CD02D00200BFE1E900204C
:100510000DF900200080004204F900200865002049
:1005200000700020C06400200FF9002010F90020A6
:10053000A6EA00205DEB0020C6F80020C5F80020E8
:10054000EFE9002050DC0220C4F8002088EA0020F7
:10055000A5EA0020EBE90020D0F80020EAE900201D
:10056000D2F80020F4E90020F0E90020C1F80020D2
:10057000C0F80020E0E90020E5E90020E2E90020E1
:10058000E4E9002098EA002030080120D4E90020A6
:10059000FCE90020CC640020D6E90020D3E900204B
:1005A000D5E90020D7E90020D8E90020DAE90020C9
:1005B000DBE90020D1E90020F8E90020FAE9002079
:1005C000EDEB0020C7F80020CD640020E6E9002014
:1005D000C464002009F90020A1EA00205CEB00209F
:1005E000ECEB0020BA010120B8010120D4F8002072
:1005F000ECF80020E0010120B00F0120C40101202F
:1006000000EA002094F85E3A002B3FF442AE3368D3
:10061000B3F5805F0DD3EB78032B3FF43AAE0023A4
:10062000032084F8633AA37084F8640AFCF79AFD07
:100630002FE6884B1B889B0505D5012384F85D3A7E
:10064000FCF738FB25E6844B1B78DBB284F8653A6F
:10065000F6E71C20012110F0F5FA4FF480227F4BC1
:100660000120C3F888200022531102F01F0101323B
:1006700003F1382300FA01F1A02A03F160034FEAE5
:1006800083031960F0D1764D2B68013301D1043D0D
:10069000FAD10435C5F30B032BB125F47F6525F0A2
:1006A0000F0505F5805500236E4A6F4905A8FBF735
:1006B0007FF82022002114A816F0A4FA4FF0FF338F
:1006C000DFF8ACB118930AAB1393C5F1C02303F55F
:1006D000FE030193DDF86880B8F1000F16D0DDE964
:1006E0001837A846DFF88CB1FF1AA7F10B09A94407
:1006F000C84580F0D5800B225946404616F02EFCA6
:10070000002800F0118508F10108F1E705A8F9F7C4
:10071000FEFD814658B105A8F9F70DFE0A2880466E
:10072000F4D00D28F2D04FF001098DF870001CAB09
:1007300003EB09070AE009F1010905A8F9F7FBFD38
:100740008046B9F1600F07F8010B0DD0B8F10A0F20
:1007500007D0B8F10D0F04D005A8F9F7D8FD00288F
:10076000E9D1B9F1000F06D009F1D0030DEB03096F
:10077000002309F8613C0023DDF84C8016939DF8B6
:1007800070303A2B40F08C801CA817F0EAFE0A2843
:1007900040F2868002AA59460DF1710017F03AFF27
:1007A00000287DD01CA817F0DCFE029B5B000B33F9
:1007B000984275D314AA2D490DF1730017F02AFF42
:1007C00000286DD015AA59460DF1770017F022FFC9
:1007D000002865D0149B0DF179099DF808709DF8EB
:1007E000542057FA83F7C3F3072317441F44169A7C
:1007F000029B9A4240D103AA5946484617F00AFF85
:1008000000284DD0039B1F44FFB2002F48D1159BF9
:10081000002B40F0C580149B179F169A1F4419990E
:10082000BB188B4288BF1993189B9F4200D2189720
:10083000199B07F120470199781905F120478B4250
:100840002ED8B7F5000F1399C0F0D28016F078FBC0
:10085000BAE000BFE8E90020C2F8002000800042B2
:10086000FCBF7F60534600203817012060460020FF
:10087000B85500206546002004AA5946484617F09E
:10088000C9FE68B1169B09F10209049A08F8032011
:10089000169B18F803200133FF2B17441693A6D993
:1008A00005F12043B3F5000F80F0DD807C4FBD42A1
:1008B00040F2CC8005A8FAF7C9FFFFF749F894F891
:1008C0008A3B43B910F06CF840F2E973984202DDBC
:1008D000012384F88A3B0021084612F061FE94F857
:1008E0008B3B93B194F88A3B7BB994F88C3063B915
:1008F0006C4BE36394F8413023B963644FF4807325
:10090000A4F84030012384F88C300125002384F8BA
:100910005E5A84F85D3A3268D20440F1D58084F89A
:10092000633A0222A370032384F8643A5E4B83F88F
:10093000F82F04F0EBFF5D49088880B2002800F032
:10094000758333685A4A3F2B30685A4B40F22883EC
:10095000B0F5007F3068C0F01183B0F5006FC0F0D3
:1009600003833068B0F5805FC0F0F9824FF4807087
:1009700010800C2018700888118889B201404E48F8
:1009800000F0818319780639062900F27183DFE8C7
:1009900011F052032C036C036C035D0369037403B1
:1009A000013B042B3FF67CAF01A252F823F000BFBD
:1009B0006DE1000079E1000049E0000087E10000FE
:1009C00091E1000001231A931B9B01331B9381E6E5
:1009D000139B1B885BBA9BB21B011793F4E7139B15
:1009E0001B885BBA1B04F8E7139B1B681BBAF4E770
:1009F00040EA02039F077FF453AFDAF87C7B27B10C
:100A0000DAF8803B98427FF44BAF8318C71B8946C6
:100A100001EB0208CAF8803B284B03F68431C84535
:100A2000D2D0D3F87C0B19F801EB421C1844032AEE
:100A3000C3F87C2B80F884EBF1D93846043712F0E8
:100A4000F7FC00221D4BC3F87C2BE6E7C5F30B0334
:100A500033B92846F6F780F810B1284610F026F989
:100A600005F5805523E7284617F0B6F922E700235D
:100A7000134A137084F8883B84F8673A1DE784F8BA
:100A8000617A1AE700230E4A84F8607A13700D4ADF
:100A9000137012E70A4B84F8897B1F700023E9E783
:100AA000FFBF7F6020EC002070192020E8E90020C3
:100AB000C4640020E6E90020EDE900200070002079
:100AC000C2F80020EEE9002094F88C3BB3B1FCF7AB
:100AD000CBFB98B1AA4AAB4B02F580601D7092F82F
:100AE000003402F5A06294F88D1B002B137808BF28
:100AF0000020002B08BF002212F09EFB94F8603A01
:100B000043B1FCF7B1FB28B112F09EF910B10123FB
:100B100084F8793B94F8613A9B4D4BB32B783BBBFF
:100B20009A4BB3F8008018F4007821D1FCF79CFBB5
:100B3000F0B1934F414697F8003707F5E060002B7E
:100B4000934B93F8F82F08BF0020B2FA82F25209B3
:100B500012F0DEFE002800F0C98001238D4A1370D8
:100B60008D4B85F8008093F83C340BB987F800373B
:100B70008A4B1B7843B194F88E3B2BB14FF4005253
:100B800087498848FCF790FB874B1B7803F0FF02EE
:100B9000002B00F0D580854B4FF00109784F83F88A
:100BA0000090834B07F50078824A1B78DBB2137004
:100BB00097F8003207F54077002B3B7808BF4FF0DD
:100BC0000008002B08BF0027B8F1000F40F091800B
:100BD00084F88F8B002F40F09D8084F8907B734BBE
:100BE0001B782BB9744B1B7813B1744B01221A700C
:100BF00094F8893B002B38D094F8883BBBB1002394
:100C0000624F2B703B889B0511D44FF400526C4906
:100C10006C48FCF749FBB0F5005F08D33B889BB2FA
:100C200043F400733B80336843F48073336094F87B
:100C30008C3003F0FF00C3B9019012F067FC94F808
:100C4000883B03F0FF01002B7CD04D49019891F8BF
:100C5000003601F5C061002B08BF002112F0A0FC96
:100C60000123594A1370594A13702B78002B70D105
:100C7000464B1B8883F40073C3F3402384F8613A26
:100C800094F8753A002B66D0336843F40063336000
:100C9000002384F8753A94F8913B3BB194F8672AA5
:100CA0000123002A00F0AF80494A137094F8923B68
:100CB000002B3FF440AE94F8933B002B7FF43BAE07
:100CC000444B40254FF480314FF480574FF4005C83
:100CD0004FF4404E43F242081A6A900740F1958063
:100CE000C3F828E05962C3F82880F5E7294B18704B
:100CF0003EE74146384818F033FA40B1414637489C
:100D000006F00CFD4000C0B284F88F0B62E784F857
:100D10008F9B5FE73946304818F022FA50B13946C8
:100D20002F4806F0FBFC002814BF0323002384F89F
:100D3000903B54E794F88F3B013B18BF0123F6E743
:100D40002A704CE7084612F02BFC264B01221A7041
:100D50008BE7002392E7244B1B7843B1234B1B788E
:100D6000002B98D1336843F40073336093E7204B32
:100D70001B78002B3ED0336843F40063F5E700BFD7
:100D800080992620A6EA0020D1F80020E8E900207A
:100D9000701920200FF9002010F900200EF9002012
:100DA000507C022071460020C2F80020EFE90020AC
:100DB000C3F80020C4F80020EEE90020C5F80020A8
:100DC0007089202088460020CE640020C7F80020CB
:100DD000C6F8002000800D40AF3B00203008012005
:100DE000B00F0120EDEB0020D2E90020E2E9002065
:100DF0009BEA0020AC4B1B78002B3FF44CAF3368D0
:100E000043F48063B1E7A94A4FE7900402D4C3F8E2
:100E100024C061E7D00401D45F625DE7002ABFF619
:100E20005BAF12F4803001D0996255E7520601D4CD
:100E30005D6251E79E4A9F4DD2F8803043F0030334
:100E4000C2F880304FF040429B4B9A634FF44042CF
:100E50005A630522186003F58F130A20C3F8B420E3
:100E60000822C3F8A422954B5A6842F080625A6067
:100E70004FF08062C3F8842010F06AFDD5F840314D
:100E800043F00203C5F84031D5F8407117F002076E
:100E9000FAD1D4F8BC3B0121DFF88482C4F8943B3A
:100EA00008F12C00C4F8BC8B0DF0F0FC08F18C00AC
:100EB000DFF8708204210DF001FD3B464246012718
:100EC000013342F8047B202BFAD17D4C4FF4807221
:100ED0000021A4F1780015F095FE0023032284F888
:100EE0008830C5F89070C5F8A821C5F84831C5F814
:100EF0005481C5F84C31C5F85831724B724AC5F867
:100F00004031D5F8843143F48053C5F88431D5F8A5
:100F10005831D5F854316D4BC3F800224FF0E0231F
:100F20004FF480326420C3F80C21694BC5F8483176
:100F3000D5F8483143F01203C5F84831D5F84831A7
:100F400043F44023C5F84831624B8AF8937BC4F8D8
:100F5000AC30614BC4F8B03010F0FAFCEBE44FF465
:100F6000007010800B2005E54FF400701080306891
:100F7000B0F5806F2CBF0A200920FBE47F280BD935
:100F80003068FF2804D94FF4007010800820F1E485
:100F9000802010800720EDE4402010800620E9E446
:100FA0000728306810D90F280AD930681F2803D9BC
:100FB000202010800520DDE4102010800420D9E4DA
:100FC000082010800320D5E401280AD930680328BE
:100FD00003D9042010800220CCE4022010800120DC
:100FE000C8E4012010800020C4E43C4B3C490B6065
:100FF000037833B93B4B4FF40021C3F8841001232D
:101000000370394B1B78002B47D0384B1B7823B12A
:10101000138803F03003002B3FD03368DB043CD44B
:10102000334B4FF48072C3F88820012035B0BDE8FF
:10103000F04FFCF797B82F4B1B7803B32E4B2F497B
:101040001C782F4B002C08BF0B46CFE72D4B19788F
:101050000F29197804D910392B4B03EB4133C5E71D
:101060002A4BFAE72A4B1B785BB1264B1978F3E73A
:101070001978284B03EB8133B8E7274BB6E7204BB1
:10108000B4E7264BB2E70378002BBAD0154B4FF4E8
:101090000024C3F888400170B3E7154B4FF4807209
:1010A000C3F88420C1E700BFD0E900205DEB002039
:1010B00000C00F4000022E4000A00D400080004202
:1010C000F8800020158B010061730100006C002086
:1010D0000400000379A000002DA10000D0E1002051
:1010E000C864002000400042EEE90020EFE9002043
:1010F00000C00042EAE90020EBE90020503C032058
:10110000509C0220E5E900207089202050DC02205C
:10111000ECE90020501C012050BC02207049202026
:10112000947B0020008000203A4629464FF0C040C2
:10113000F5F722FD232830B402D1804B1878C0B2D5
:10114000431EDBB21F2B2BD87C4A5B005178DBB2ED
:10115000814203D05178C9B211705070784A7949F0
:101160000B70136843F48063136013683F2B13689C
:101170001DD9B3F5007F13682AD3B3F5006FC0F013
:10118000988013687049B3F5805F23BF4FF4807077
:101190006E4C0C234FF400703CBF6C4C0B2333E0BF
:1011A000212844D0664A13683F2B1368E1D8072BE7
:1011B00013681CD90F2B72D9136863491F2B83BF87
:1011C0002020624C052310209CBF604C04231BE0B0
:1011D0007F2B69D913685C49FF2B83BF4FF40070E4
:1011E0005A4C082380209CBF584C07230CE0012B4D
:1011F0006BD913685449032B83BF0420534C02233B
:1012000002209CBF514C012308802370504B18884A
:101210000B889BB203407BD02378063B062B00F261
:101220008780DFE803F06361151559115700434BC0
:101230005A78212A03D05A78D2B21A705870404A8C
:10124000136823F480638FE7424B1B78002B6DD02B
:101250003C48414B007803EB40334048404C23600E
:10126000037833B93F4B4FF40024C3F88440012383
:1012700003703D4B1B78002B43D03C4B1B7823B1B4
:101280000B8803F03003002B3BD01368DB0438D409
:10129000374B4FF4807230BCC3F8882070472A491E
:1012A00008202A4C0323AFE727494020274C062378
:1012B000AAE74FF400732449244C0B801368B3F55C
:1012C000806F2CBF0A2309239FE71F4901201F4C71
:1012D000002399E7274BC0E71A4B18780F28187896
:1012E00022D91D4B1038B6E7234BB6E7234B1B78AA
:1012F000C3B1234C234B24482478002C08BF034659
:10130000ABE71B4B4FF4807230BCC3F884207047AE
:1013100012480478002CACD0124C4FF40025C4F8CD
:101320008850A5E7174B98E7184B94E7184B94E7BC
:101330002078184B03EB80338FE700BF086500204F
:10134000C0640020E5E90020C4640020E6E9002034
:10135000E8E90020ECE9002070892020EDE9002078
:10136000C864002000400042EEE90020EFE90020C0
:1013700000C0004250BC0220D0E10020EAE9002079
:10138000EBE90020509C0220503C032050DC02205E
:1013900070492020501C012038B5824C2378012B45
:1013A00001D12E285ED1431E1F2B5DD921380F2875
:1013B00058D8DFE800F0585C5727AB575708575705
:1013C0005757578C5762784B1878FFF7B3FE774B17
:1013D0001A78150700F1A6801A7812F0040218BFD7
:1013E000012222701A78900709D5714A117831B913
:1013F000012470494FF400001470C1F884001B7878
:10140000D9072FD500236C486C4903706C4C0B70C6
:101410006C4923806C480B706C4903704FF000409E
:101420000B706B4A6B4C6C4923704FF48024C1F8ED
:1014300084006A495068014069485160C2F8884098
:10144000082403704FF480005A49C1F884004FF417
:101450000021C2F884406348C2F888100221624A21
:101460000370D17038BD2120BDE8384062E62120EC
:10147000FFF760FE0123237038BD4C4B1A7812062B
:1014800062D44D490024484A0C70107801285FFA54
:1014900080FC67D01078102875D01278202A05D1EA
:1014A0000324474A4FF480500C701080087800F0F5
:1014B000FF0200285CD1414B0A70414C1A70414830
:1014C0004149424B228002700A701A7038BD364B77
:1014D000364A197812789142C4D11A78012AD1B2C9
:1014E00056D01A78102A55D01B781F2BBAD13F4AF4
:1014F0000120002330491070304D314A23703148AB
:101500000B702B7030491380304A27E0284B1A7833
:10151000002AA7D10120274A4FF400011870C2F811
:10152000841038BD31490120002208702249227000
:1015300022480A7022490270224C0A80224823491C
:10154000227002700A704DE700231B491B4A0B7082
:101550001B4C13701B481C491C4A238003700B70E2
:10156000137038BD164A81F800C0A2F800C09DE78C
:1015700001201649114A08701B78DBB213701078ED
:101580008008013070E702200D4A087014808DE752
:10159000217038BD0023154807492370074A03709E
:1015A000D5E700BFD6E90020DAE90020DBE900201A
:1015B000E1E9002000800042D1E90020F8E90020A4
:1015C000FAE90020D4E90020FCE90020E4E9002049
:1015D000004000423017012000C00042F8E3FCFF49
:1015E0000AF90020EDE9002008650020D3E9002079
:1015F00007494FF0FF30074B0022086001201A60B6
:101600001A715A719A71DA711A7208715A727047A6
:101610000C660020B8E4042030B50C882344FF2B6E
:101620000CDC0468064D2244064C2D682468641BBB
:10163000A24203D80B800260012030BD0020FCE7ED
:101640006C7A0020707A0020D0F85417F0B511B3EE
:10165000B0F85A57B0F85847AC421CD952EA0304C4
:1016600019D0D0F870470027D4F1FF36B24273F199
:10167000000C3CBF16461F4637430CD06A1C34444E
:1016800092B2C0F87047A0F85A27601C41F8224077
:1016900018BF0120F0BD0020FCE7002070470020AB
:1016A00070474FF0FF307047407C70470120704713
:1016B000007F70470020704790F8D034C3B1D0F855
:1016C00084244AB1D3694FF400719279013B91406F
:1016D00089B2A3FB01017047D0F888340BB1D3F86D
:1016E0003034D0F888140029F3D0D1F83C14F0E756
:1016F00018461946704710B501230F220446FFF71C
:101700008BFF28B1204601230F22BDE8104083E75C
:1017100010BD70B504460D461E4612B946B90120EB
:1017200070BD01231322FFF777FF0028F6D1F7E7FA
:1017300029462046BDE87040DDE707B5054BCDE9F9
:101740000012054A4FF4807116F030FF03B05DF8C7
:1017500004FB00BFDF470020EF4700200430FAF70A
:101760006ABF70B50D460646144600F21C417DB1B5
:10177000D0F81C25204615F0E3FBD6F81C052B46B7
:10178000094AC0F58071204416F010FF012070BD99
:101790004FF48072204616F0F5FE207884F8FF5052
:1017A000003818BF0120F2E7F84700202DE9F04F7C
:1017B0001423DFF86081B2F5006F87B003FB00836C
:1017C000054628BF4FF4006201919B684C491646BC
:1017D0004C480093FAF7E7FD29464A48FAF7EEFD30
:1017E0002C21484810F025F831464648FAF7EAFD22
:1017F00044480FF06DF9444811F04EF818B30DF15C
:10180000160010F0CEFFF0B19DF8163000243A2BF0
:101810001ED02C2B18D13A2700208DF817400A240F
:10182000834681460DF1170010F0BBFF80B39DF891
:101830001720BA425FD0303AD1B2092903D804FB4D
:101840000B2B5E45EDD20024204607B0BDE8F08F9B
:101850002C27E1E788550136B2423AD147E0F2D170
:101860002A4811F019F80028EDD01423009903FB41
:1018700005839A68914205D15A68A2428CBF121B17
:1018800000225A6014233A6803FB0583DA60DBE721
:10189000B9F1000FD7D09DF81720BA42D3D11C4F11
:1018A0000024DFF860A0D7F800905C45D7D23A68F2
:1018B00047F22F53A2EB09029A42C4D850460DF0CA
:1018C0005BFF0028F1D0019B1919EED0ABEB0402AD
:1018D00000260C48CDE9021210F023F80028DDE9BB
:1018E0000212B7DA01228AF80C20002EDDD034442F
:1018F000D7F80090D9E7B9F1000FA4D0CFE700BF27
:101900007C47002014650020FE470020033F002094
:1019100038720020907100200A460A2109F053B95C
:101920000430FAF7A1BE2DE9F04F074690F8D00435
:1019300087B0002800F0D980D7F8843433B3DE694B
:10194000013ED7F8900440BB4FF00008D7F884441C
:10195000002C00F08C80656A002D0ADAE36900250E
:1019600003F10109E3790C2B52D14FF0020ACA4569
:101970003DD32C46B8F1000F1BD0D7F89004B8B176
:10198000036800215B6C984798B911E0D7F8886428
:10199000002ED6D0D6F83064D3E70368DB6B9847C7
:1019A0000028D1D0D7F8900498B9D7F89004B0B9EE
:1019B0000024D7F88434301B002B00F08E809B79F4
:1019C0004FF40071994089B2A0FB010107B0BDE856
:1019D000F08F03681B6C98470028B5D1E5E70368D2
:1019E00001215B6C984780460028AFD1E0E704AA4C
:1019F000514620460AF0DEF9002802DA4FF0FF35A2
:101A0000B7E702D0049B03B901350AF1010AAEE73A
:101A1000CDE9049594F838222369D2071BD400221B
:101A2000E579206884F83822202D4FF0FF32A16933
:101A300004ADD0F800C0C4F8442204F5127213D1EA
:101A400001952B4D0095DCF81850A8470028D5D0FB
:101A5000059D65628DE704F50E70039309F070FD36
:101A6000039B0028DBD1C9E70195224DEAE7D7F8AF
:101A70008894B9F1000F2ED0D9F82CA4254609F589
:101A8000047B5146002258460AF1010A09F0C1FDC3
:101A900008B3013805F5805110F801CFBCF1FF0FF4
:101AA00007D108340835D9F830349D4210D31C1BB7
:101AB00060E7BCF1000FF5D00822012313EA0C0FF8
:101AC0004FEA430318BF0134013ADBB2F6D1E9E72C
:101AD000A942E1D1D5E700244CE7D7F888140029C2
:101AE0003FF472AFD1F83C146EE701466EE700BFD9
:101AF0002D570100FF5601002DE9F04FD0F890540A
:101B000095B01E46069025B90027384615B0BDE8A9
:101B1000F08F2B682846DB699847B0F5405F074691
:101B2000F2D94FF4007016F04FF904460028EBD0BC
:101B30002B68B7F1806FDB6940F26C82CDE90C5005
:101B400028469847B0F5801F814609D2894930461A
:101B5000FAF717FC884930460027FAF712FC06E22C
:101B60000023012201335200DBB2202B04D0914527
:101B7000F8D81C2B40F2D380A3F10B02C2F347022A
:101B80001A2B0192019A4FF0000186BF0133012701
:101B90004FF40057204688BFC3F346034AF6552B3F
:101BA00088BF9F40BB004FEA47080393A9EB870318
:101BB000D34003FA02FA4FF40072029315F022F8B0
:101BC00001230AEB470A2246002184F8BF31284648
:101BD00084F8C0314FF60763C4F8C681A4F8C23157
:101BE0004FF6FF73C4F8CAA1A4F8C4312B68A4F857
:101BF000FEB15B6A98470028ACD04FF40072002118
:101C0000204614F0FFFF5D4B4FF4C372F4212360B4
:101C100003F16B6304F17800C4F8408003F54F438F
:101C2000C4F848A0C4F858806D33636042F22003C2
:101C300023812023A372029BE3650423C4E918399E
:101C40004FF480734FF00009A4F86830092384F83A
:101C50006C30019B84F86D3048F20103C4E91477BD
:101C6000A4F86E3014F0CEFFA4F8FEB1CB46ABF171
:101C70006A03012B06D9BBF1700F1CBF14F80B309F
:101C800003EB79090BF1010BBBF5007FEFD12B685A
:101C90002246414628465B6A984700283FF45AAFDF
:101CA0002B68224608F10C0128465B6A98470028F9
:101CB0003FF450AF5A460021204608F1010A14F0C3
:101CC000A1FF4AF65523A4F8FE3108F10903079352
:101CD000631E059304F2FF130493059B13F8012F71
:101CE00002EB7909049A9A42F8D12B6822465146B0
:101CF00028465B6A984700283FF42CAF2B682246A1
:101D00000AF10C0128465B6A984700283FF422AF8D
:101D10000AF1010B079B9B4503D0DA46DDE7082259
:101D20002EE70AF1030A4FF400720021204614F056
:101D300069FF059A12F8011F049B01EB7909934290
:101D4000F8D12A6859462846536A224698470028FF
:101D50003FF400AF2A680BF10C012846536A224673
:101D6000984700283FF4F6AE0BF10101514507D02A
:101D70008B46DEE70B48002062480020EB7690455A
:101D8000221F04F5FE7042F8049F9042FBD12A689E
:101D90002846536A2246984700283FF4DBAE2A685B
:101DA0000BF10D012846D2F824902246C84700289E
:101DB0003FF4D0AEC1493046FAF7E3FA029B4FF444
:101DC000007200214FEA8309204614F01BFF2046D1
:101DD00009F20729F8234744DFF800B34FEA592AEC
:101DE0004FF000084FEA99391322FF2100F8013B18
:101DF00014F008FFB8FBF9F309FB13831BB959462C
:101E00003046FAF7BEFA2B68224607EB080128464F
:101E10005B6A984700283FF49DAEB8F1000F05D1EA
:101E20004FF400724146204614F0ECFE08F1010820
:101E3000C245DFD1019B4FF00109A149304609FAA3
:101E400003F9FAF79EFA029F0737FF0807F2FF131C
:101E5000B9EB532F4FEA532AFFF47CAE4FF40072D4
:101E6000002120464FF0000814F0CCFE0723237019
:101E70002B682246039928465B6A4144984700280C
:101E80003FF468AEB8F1000F01D184F8008008F18A
:101E90000108C245ECD18B493046FAF772FA0023AB
:101EA000039A98464A44CDE90A3309921FFA88F00A
:101EB0000AF01AFC4045014668D009A808F097FDD1
:101EC00000283FF447AE08F10108B8F5803FEDD196
:101ED000DDF82C80C8F30800002840F089804FF41A
:101EE0000072019B02FA03F34345FFF433AE7649D7
:101EF0003046FAF746FA4FF0020A019B4FF400729F
:101F0000002120460AFA03FB039B9B4414F07AFE4F
:101F1000812303228221C4F834A084F820300023D6
:101F200084F840100A9922706164E365C4E91528B9
:101F30009846C4E90E732B6822460BEB080128462D
:101F40005B6A9847074600283FF404AEB8F1000FDB
:101F500005D14FF400724146204614F053FE08F1BB
:101F60000108C145E7D159493046FAF70AFA204637
:101F700015F032FF002F3FF4C7AD2B6828461B6ACF
:101F800098470698043008F079FBBEE508F1010A8D
:101F9000BAF5803F08D01FFA8AF00AF0A5FB824507
:101FA00002D10AF1010AF3E7AAEB080BBBF5007FA7
:101FB0001BD34FF6FF7109A808F019FD00283FF464
:101FC000C9AD1FFA8BF109A808F011FD00283FF4F4
:101FD000C1ADD04679E71FFA88F109A808F10108D8
:101FE00008F005FD00283FF4B5ADC245F3D86CE715
:101FF000DDF834A0C0F500720021504414F002FE58
:102000000C985246099903685B6A984700283FF488
:10201000A1AD64E7CDE9116010952846984700F21C
:10202000FF730E90DB0A062B099301D8284992E52D
:10203000102B3DD9202B3DD9402B3DD9802B4FD99A
:10204000B3F5806F4ED9B3F5004F8CBF802240228C
:10205000B0F5800F8DF84F2080F09A804FF4807398
:102060004FF0000E0A93A0EB030CBCFBF2FC0CF249
:102070000111090A4F0007F1A108984534D80B91C6
:10208000BEF1000F00D00A93A3EB080303F1800117
:102090000D91ACF6F571B1F5704F29D30D4930466D
:1020A000FAF76FF91198002800F035810A4953E5D5
:1020B0000222CDE70422CBE70822C9E7214800200D
:1020C000C03E00202E4800204548002054480020F3
:1020D0007248002087480020A9480020484E002070
:1020E0001022B5E72022B3E780334FF0010EBAE7A4
:1020F0008133012109A80C9302FB0C73ADF84C103D
:102100002133B3F5803F0F9334BF042306238DF8AA
:102110004E3008F029FD0028C4D009A808F0FAFCC8
:102120004FF40073A4F811300B9BE382802384F8F2
:102130002430292384F82630784BC4F827304FF018
:102140002033C4F82F30C4F82B30C4F8323044F2B6
:1021500046131098E38643F25413129A23873623CA
:102160000D9984F83A3003685B6A9847002899D043
:102170000A9A10210C9BD21A09A808F077FC07468E
:102180001198002F8ED000283FF4F1AE6449ECE6A0
:102190004FF400534FF0000C42F209080D934FF436
:1021A00080430A93C71AB7FBF2F707F18101C90907
:1021B00008EB41094FEA410E994504D903F5005354
:1021C0004FF0010CEEE70B91BCF1000F00D00A9329
:1021D0004FF6F4718F427FF661AFA3F5005102FB19
:1021E000073309A8A3F50052A1EB0E010F9289B2A3
:1021F0004C4AADF84C1001F50051934294BF0B23AB
:102200000C230C918DF84E3008F0AEFC00283FF402
:1022100049AF09A808F07EFC0222434BDDF82C9060
:10222000C4E90B238023C4F8249084F84030292388
:1022300084F84230394BC4F843304FF02033C4F8AF
:102240004B30C4F84730C4F84E3044F24613109E69
:10225000A4F8523043F25433DDF834803046A4F809
:1022600054303223129F414684F8563033683A4640
:102270005B6A984700283FF415AF33683A4608F187
:10228000060130465B6A984700283FF40BAF4FF4D5
:1022900000720021384614F0B5FC244B3A4608F190
:1022A0000201C4F8FC31304633685B6A9847002865
:1022B0003FF4F8AE33683A4608F1080130465B6AED
:1022C000984700283FF4EEAE194B3A4608F1010159
:1022D0003046236003F1FF5303F500532033C4F865
:1022E000E4314FF0FF33C4E97A3333685B6A9847CF
:1022F00000283FF4D7AE33683A4608F1070130466C
:102300005B6A984700283FF4CDAE9DF84F2020210E
:1023100002EB490230E7074629E600BF87D61200E4
:102320009B4800200004FB0001000600000055AAA5
:102330005252614130B5D0F8905485B0044625B969
:10234000002084F8D00405B030BD90F8D02490F877
:10235000D134002A36D0FE2B0FD094F8D234362B4D
:1023600014D82E4A190102EB03135258DB68926805
:102370001A4214BF01200020E3E72B6828465B6D5A
:102380009847431CE9D038B10120DAE72B68694649
:1023900028469B6C9847D4E794F8D134FE2BCFD1D4
:1023A00003212E200EF04EFC1D491E4B48681E4A8C
:1023B0001B68B3FBF2F303EB83034A68121A9342E0
:1023C000FBD8BDE7FE2B1BD1184B9B6813F4003FD5
:1023D000B6D0201D08F052F90028D5D103212E20B7
:1023E0000EF030FC0E490F4B48680F4A1B68B3FBD8
:1023F000F2F303EB83034A68121A9342FBD89FE778
:1024000090F8D234362BE4D8044A190102EB0313B6
:102410005258DB6892681A42DAE700BF6C29002044
:10242000001000E08C65002040420F000080004258
:10243000254B1B78F0B587B08BB1244A92F8003455
:1024400002F5806002F5A062002B214B197808BFCD
:1024500000201378002B08BF002210F0EDFE1D4B6A
:102460001B780BB91C4B1B781C4E337803F0FF070D
:1024700033B3164C1A4D94F8003704F5E064D5F8E0
:102480003804002B08BF002413F013FFB8B9D5F8A7
:102490005434B3F5C02F15D98CB1034622461149E7
:1024A00001A8F9F785F901A905F5856013F0F5FE96
:1024B00001A8F9F7CBF9D5F8380413F0FAFE30701B
:1024C00007B0F0BD3846FAE7A6EA0020809926203A
:1024D0008D7B00205DEB0020C6F800200FF9002066
:1024E00010F900203817012010B5C6B006AAFFF772
:1024F00038F90446D0B1002306AA0E4901A8F9F71D
:1025000057F9059813F0D5FE044660B1059813F00D
:10251000BDFEB0F5007F01A871F100012CBF0124C0
:102520000024F9F72BFA01A8F9F790F9204646B0F4
:1025300010BD00BF3817012010B5C6B001461B4AB8
:1025400006A8FFF7FAF801A8002306AA1849F9F728
:102550002FF9059813F0ADFE30B9002401A8F9F762
:1025600075F9204646B010BD059813F08FFEA0F512
:10257000D850084318D14FF4D8520E49059813F09B
:102580000DFFB0F5D85F34BF0024012401A8F9F78E
:10259000F5F9002CE1D0084B084A93F8223803F0F3
:1025A000070382F8003BD9E70024EFE7B948002091
:1025B0003817012070492020000020207059202069
:1025C0002DE9F041144B4FF0000E441C0826D3F8BF
:1025D00000807346E41ACD5C04EB030C75B90EF170
:1025E000010E0CF101005FFA8EFE1DB910607046FD
:1025F000BDE8F0810CF105042026EBE715F0800F13
:102600000CBF2F463F27474417F8200C0644DE2E08
:10261000E5D80133DFE700BF587A002010B52E213E
:1026200016F024F8E8B1441C1249204616F098FD33
:10263000C8B11149204616F093FD88B10F492046D4
:1026400016F08EFD88B10E49204616F089FD70B156
:102650000C49204616F084FD002814BF03200620F4
:1026600010BD0320FCE70120FAE70420F8E705206D
:10267000F6E700BFD5450020C0450020264E0020CB
:10268000C4480020C84800201F4BFF2200213020F2
:1026900010B51A701D4B1E4A197001231D4C137082
:1026A0001D4A13701D4A11701D4A11701D4A117088
:1026B0001D4A11701D4A11701D4A11701D4A11707A
:1026C0001D4A11701D4A107020461D4A11701D4A86
:1026D00011701D4A11701D4A11701D4A11701D4A5A
:1026E00013701D4A13704FF4006214F08BFA1B49EB
:1026F00004F5007015F0A3FC04F5C0601849BDE8AE
:10270000104015F09CBC00BF88650020C2F8002076
:10271000767A00208099262024820020C3F80020A9
:10272000EEE900200EF900208E7B0020897B00203E
:10273000927B0020E08700208B7B002091650020A9
:102740008C7B00208D7B0020887B0020917B0020EB
:10275000677A0020787B002004700020AF3B0020C7
:10276000CC480020F7B5154604460E4602681746C9
:1027700012F8013B202BFAD0092BF8D0303B092B63
:1027800002D9002003B0F0BD0A2201A9384614F096
:10279000FBFA019BBB42F4D0B042F2D82360286020
:1027A0000120EFE7F0B5C7B0054617460A460146D7
:1027B00006A81E46FEF7C1FF022306AA124901A879
:1027C000F8F7F6FF059813F074FD0446A8B13246F9
:1027D000394601A8F7F795FD054601A8F9F7CEF8A7
:1027E000B54204D2002406A90748F8F74BFD01A81A
:1027F000F9F72CF8204647B0F0BD06AB2A4603494E
:1028000010F030FFEEE700BF38170120E04800204D
:1028100070B5C6B016460A46014606A81D46FEF724
:102820008CFF002306AA0D4901A8F8F7C1FF0598FF
:1028300013F03FFD044658B12A463146059813F07F
:10284000ADFDA84201A834BF00240124F9F796F891
:1028500001A8F8F7FBFF204646B070BD38170120ED
:1028600010B50D4C40F66E130C492246FFF7D0FF11
:1028700070B104220A49204616F062FC48B9A388C8
:10288000022B05D1E08840F66E13C31A5842584116
:1028900010BD0020FCE700BF00002020FE48002003
:1028A0000949002030B57E4DADF5137D2B781B0610
:1028B00006D5FF2300242B7020460DF5137D30BD77
:1028C0002B785BB20F2BF4DC2878FFF7C9FF0028C8
:1028D000EFD0297812A8734AFEF72FFF002312AA1F
:1028E000714903A8F8F764FF079908A813F0DAFD07
:1028F000002108A8FAF7FAFC002840F08A8000249A
:1029000008A8F8F7A3FF002C00F0C3806749684AC5
:102910000B7A1A31003B18BF0123137011F8113CD8
:10292000644A003B18BF0123137011F8103C624A3F
:10293000003B18BF0123137011F80F3C5F4A003BA6
:1029400018BF0123137011F80E3C5D4A003B18BFFD
:102950000123137011F80D3C5A4A003B18BF0123A4
:10296000137011F80C3C584A003B18BF0123137038
:1029700011F80B3C554A003B18BF0123137011F8A6
:102980000A3C534A003B18BF0123137011F8073C5F
:10299000504A003B18BF0123137011F8063C4E4A01
:1029A000003B18BF0123137011F8053C4B4A003B54
:1029B00018BF0123137011F8043C494A003B18BFAB
:1029C0000123137011F8033C464A003B18BF012352
:1029D00013704FF40062444B184614F0B1FA002211
:1029E000424B80F8FF2180F8FF2280F8FF2380F817
:1029F000FF2480F8FF2580F8FF2680F8FF2702706B
:102A000001221A7003A8F8F721FF002C3FF451AF00
:102A100052E728784FF40033354A3649FFF7F8FE7D
:102A200000283FF46CAF28784FF40053324A334902
:102A3000FFF7EEFE00283FF462AF297852A8304A33
:102A4000FEF77BFE002352AA17490DA8F8F7B0FE47
:102A5000119813F02EFC0446B8B100234FF4003255
:102A600011980093002313F029FC044650B14FF451
:102A700080222449119813F091FCB0F5802F34BFC7
:102A8000002401240DA8F8F779FF0DA8F8F7DEFE61
:102A900036E72A7820461C4952B210F0E3FDB1E730
:102AA000886500200E4900203817012000002020F2
:102AB000C2F80020767A0020C3F80020248200208B
:102AC000EEE900200EF90020897B0020927B002097
:102AD000E08700208C7B00208D7B0020887B0020FD
:102AE000917B0020677A00208099262099EA0020B7
:102AF00050DC022018490020507C0220234900208D
:102B00002D49002070892220384900202DE9FF47F7
:102B100005460E46904600244FF0010901220DF1B2
:102B20000F01286913F03AFC9DF80F70ED2F3BD18F
:102B300001220DF10F01286913F030FC9DF80F30D0
:102B4000ED2B21D101220DF10F01286913F026FC94
:102B500001220DF10F0128699DF80F7013F01EFC82
:102B60009DF80F0000239AB214FA83F1974289B2BC
:102B700007D82744BCB2A045D0D8204604B0BDE851
:102B8000F08701337054EEE704F1010A37554FF036
:102B9000FF324FF0FF331FFA8AFA2869CDF8009010
:102BA000544613F08BFBE6E7631C37559CB2E2E713
:102BB00010B5044600F58160F8F748FE204610BDC8
:102BC00010B5044600F58560F8F740FE204610BDBC
:102BD00010B504465030F8F739FE204610BD38B520
:102BE0000D462E2115F042FD00286AD0441C3649BE
:102BF000204616F0B5FA00284CD03449204616F08D
:102C0000AFFA002849D03249204616F0A9FA002828
:102C100045D03049204616F0A3FA002842D02E496C
:102C2000204616F09DFA00283CD02C4B1B885B06F2
:102C30000AD52B49204616F093FA002835D02949A9
:102C4000204616F08DFA80B32749204616F088FA00
:102C500070B3264B1B7823B12549204616F080FA25
:102C600048B32449204616F07BFA38B3224920465F
:102C700016F076FA10B3214B1B780D2B21D1204989
:102C8000204616F06DFA0023984214BF0C2018203D
:102C90002B7038BD03230D20FAE70223FBE7032343
:102CA0001320F5E704231420F2E701230E20EFE7B9
:102CB00001230F20ECE701231620E9E70523152067
:102CC000E6E700230C20E3E7C0450020D5450020BF
:102CD000C8480020264E0020C4480020E8E9002013
:102CE000584900205C49002060490020747A002087
:102CF00064490020684900206C49002002700020CF
:102D00007049002030B56A4B87B00025694A01A898
:102D100069491D700223F8F74BFD059813F0C9FAB5
:102D2000002800F0BF80654C059884F8FF5184F8B6
:102D3000FF5084F8FF5284F8FF5384F8FF5484F85E
:102D4000FF5584F8FF5684F8FF5713F0B5F95C4B34
:102D500001A85C491A7852B20DF0D6FE5A4B5B4975
:102D600001A81A780DF0D0FE594B5A4901A81A78DB
:102D70000DF0CAFE584B594901A81A780DF0C4FE4F
:102D8000574B584901A81A780DF0BEFE564B5749CB
:102D900001A81A780DF0B8FE554B564901A81A78CB
:102DA0000DF0B2FE544B554901A81A780DF0ACFE57
:102DB000534B544901A81A780DF0A6FE524B5349C3
:102DC00001A81A780DF0A0FE514B524901A81A78BB
:102DD0000DF09AFE504B514901A81A780DF094FE5F
:102DE0004F4B504901A81A780DF08EFE4E4B4F49BB
:102DF00001A81A780DF088FE4D4B4E4901A81A78AB
:102E00000DF082FE4C4B4D4901A81A780DF07CFE66
:102E10004B4B4C4901A81A780DF076FE4A4B4B49B2
:102E200001A81A780DF070FE494B4A4901A81A789A
:102E30000DF06AFE484B494901A81A780DF064FE6E
:102E4000474B484901A81A780DF05EFE22464649D4
:102E500001A80DF059FE04F58072444901A80DF057
:102E600053FE04F50072424901A80DF04DFE04F531
:102E70004072404901A80DF047FE04F580623E49CA
:102E800001A80DF041FE04F5A0623C4901A80DF037
:102E90003BFE04F5C0623A4901A80DF035FE01A8D9
:102EA000F8F76CFD01A8F8F7D1FC07B030BD00BF02
:102EB000398200207449002038170120809926208B
:102EC000886500208B4900205C7A0020A249002000
:102ED000C2F80020B7490020767A0020CC490020B3
:102EE00024820020E7490020C3F80020FF49002089
:102EF000EEE90020174A00200EF90020304A002099
:102F00008E7B0020444A0020897B00205A4A002002
:102F1000927B00206D4A0020E08700207F4A00203D
:102F20008B7B0020954A002091650020AB4A002051
:102F30008C7B0020BC4A00208D7B0020CE4A0020E4
:102F4000887B0020E54A0020917B0020F94A002080
:102F5000677A00200F4B0020787B0020244B002054
:102F600004700020384B0020504B00205E4B0020A6
:102F70006C4B0020804B0020944B0020A54B002080
:102F8000B64B0020024B1B7803B1BBE6704700BF75
:102F9000398200202DE9F0470646ADF5067DE8B1FF
:102FA0000346AD4A4FF4807106A815F0FFFAFF28DA
:102FB00002DD00238DF8173101A8002306AAA749D6
:102FC000F8F7F6FB059813F074F9002840F04782F3
:102FD000A34B01221A70FFF7D5FF64E0FFF754FB03
:102FE0004FF480729F4906A815F0CCFAE4E746AD8D
:102FF0000A2101A82A460FF073FE00232B542B78D8
:10300000772B05D86C2B14D8002B3DD0642B2DD0FA
:103010000F222946384613F0A1FF002840F0C58151
:10302000EB7B914AA3F1310CDCF1000343EB0C0381
:1030300028E06D3B0A2BEBD801A252F823F000BF29
:103040006F090100B9070100B9070100B9070100C4
:10305000B9070100B9070100910A0100B907010091
:10306000DD0A0100B9070100190B010010222946F1
:103070007E4813F073FFE8B92B7C7D4AA3F131053C
:103080006B426B411370013401A8F7F740F9002837
:10309000ADD101A8F8F772FC002C99D0003E704B1E
:1030A00018BF01261E7001A8F8F7D0FB0DF5067DAC
:1030B000BDE8F087162229466E4813F04FFF30B95D
:1030C000AB7D6D4AA3F1310043424341DAE713225D
:1030D00029466A4813F042FF30B9EB7C684AA3F1F5
:1030E00031014B424B41CDE713222946654813F08D
:1030F00035FF30B9EB7CA3F1310253425341624AB0
:10310000C0E710222946614813F028FF48B9FF2282
:103110004AA95F4815F036FA5E4B002283F8FF2279
:10312000B1E7102229465C4813F018FF824640B9E7
:10313000FF224AA9594815F025FA564B83F8FFA3F8
:10314000A1E70D222946564813F008FF40B96B7BD2
:10315000544AA3F1310ADAF1000343EB0A0391E781
:1031600012222946504813F0F9FE40B9AB7C4F4A71
:10317000A3F1310EDEF1000343EB0E0382E70D22D3
:1031800029464B4813F0EAFE824648B9FF220DF269
:103190002511484815F0F6F93E4B83F8FFA472E775
:1031A00029460D22444813F0D9FE054600287FF435
:1031B0006BAFFF220DF22511404815F0E3F9354BB6
:1031C00083F8FF555FE7132229463D4813F0C6FEFA
:1031D00040B9EB7C3B4AA3F1310CDCF1000343EB3B
:1031E0000C034FE70F222946374813F0B7FE30B9DA
:1031F000EB7B364AA3F131056B426B4142E711226A
:103200002946334813F0AAFE30B96B7C314AA3F14A
:1032100031004342434135E70F2229462E4813F03F
:103220009DFE30B9EB7B2D4AA3F131014B424B415E
:1032300028E729460B222A4813F090FE054600286D
:103240007FF422AFFF220DF22311264815F09AF9E0
:10325000104B83F8FF5616E7C54B002038170120A6
:103260003982002074490020787B0020DA4B00204E
:10327000C2F80020EB4B0020767A0020024C0020A0
:10328000C3F80020164C0020248200202A4C002085
:10329000809B2620809926203B4C0020809C262065
:1032A0004C4C00208C7B00205A4C00208D7B002051
:1032B0006D4C0020809D26207B4C0020809E262087
:1032C000894C0020047000209D4C00200EF9002045
:1032D000AD4C00208E7B0020BF4C0020887B00205E
:1032E000CF4C0020809F26208EB9122229465F48AD
:1032F00013F034FE58B90DF5957013F04CFF1028FB
:103300005B4B28BF4FF0FF3040B21870BBE6294638
:103310001022584813F022FE054600287FF4B4AE70
:103320004AA813F038FF0E2898BF0546524BEDB25D
:103330001D70A8E60E222946504813F00FFE30B942
:10334000AB7BA3F13102534253414D4A9AE60D2221
:1033500029464C4813F002FE00287FF495AE6B7BA3
:10336000494AA3F1310ADAF1000343EB0A0389E683
:1033700011222946454813F0F1FD40B96B7C444ABF
:10338000A3F1310EDEF1000343EB0E037AE60C22CB
:103390002946404813F0E2FD00287FF475AE49A8A5
:1033A00013F0F9FE3C4BC0B2AFE71122294640466C
:1033B00013F0D4FD30B96B7C384AA3F131056B4270
:1033C0006B415FE614222946484613F0C7FD30B929
:1033D0002B7D334AA3F131004342434152E611228F
:1033E0002946304813F0BAFD30B96B7C2E4AA3F160
:1033F00031014B424B4145E6102229462B4813F040
:10340000ADFD30B92B7CA3F1310253425341284A20
:1034100038E60A222946274813F0A0FD824648B91B
:10342000FF220DF59171244815F0ACF8234B83F879
:10343000FFA128E6002E7FF427AE0A222946204865
:1034400013F08CFD00287FF41FAE1C4BFF220DF5FE
:103450009171184615F096F880F8FF6013E6002485
:10346000184FDFF86480DFF864900DE6DB4C002035
:1034700088650020EE4C00205C7A0020FF4C002084
:10348000897B00200E4D0020927B00201C4D0020E7
:103490008B7B00202E4D002091650020E0870020CE
:1034A000EEE90020724D0020917B0020844D002029
:1034B000677A0020954D0020809A2620809926204A
:1034C000A04D00203B4D00204B4D00205D4D0020C5
:1034D0002DE9F0430446C7B0AF48B04DF8F74EFAB7
:1034E000002C00F06E82AE4A06A82978FEF725F976
:1034F000002306AAAB4901A8F8F75AF9059812F07B
:10350000D8FE044698B1A84BA84C1A784CF2600338
:103510000598002A08BF1C4612F0B8FE002908BF13
:10352000844201A80CBF01240024F8F727FA01A85F
:10353000F8F78CF9002C00F044829D4C40F66E1296
:103540000021204613F05EFB9A4B4FF480729A499B
:103550001B6804F63C00236002232371002363717F
:103560006E23A3710923E371944B1B6823F4C053AA
:10357000C4F81A38924B1B88A4F81E38914B1B785C
:1035800084F82038904B1B7803F0FE0384F8213830
:103590008E4B1B7884F822388D4B1B7884F82338A7
:1035A0008C4B1B7884F824388B4B1B7884F8253897
:1035B0008A4B1B7884F82638894B1B7884F8273887
:1035C000884B1B7884F82838874B1B7884F8293877
:1035D000864B1B7884F82A38854B1B7884F82B3867
:1035E000844B1B7884F82C38834B1B7884F82D3857
:1035F000824B1B7884F82E38814B1B7884F82F3847
:10360000804B1B7884F830387F4B1B7884F8313836
:103610007E4B1B7884F832387D4B1B7884F8333826
:103620007C4B1B7884F834387B4B1B7884F8353816
:103630007A4B1B7884F83638794B1B7884F8373806
:10364000784B1B7884F83838774B1B7884F83938F6
:10365000764B1B7884F83A38754B1B7884F83B38E6
:1036600013F06EFC734B1B7884F83C39724B1B785B
:1036700084F83D39714B1B7884F83E39704B1B78C8
:1036800084F83F396F4B1B7884F840396E4B1B78B8
:1036900084F841396D4B1B7884F842396C4B1B78A8
:1036A00084F843396B4B1B7884F844396A4B1B7898
:1036B00084F84539694B1B7884F84639684B1B7888
:1036C00084F84739674B1B7884F84839664B93F880
:1036D0000D3484F84939654B93F8223584F84A391A
:1036E000634B93F8223584F84B39624B1B68C4F85E
:1036F0004C39614B1B68C4F85039604BD3F85064A7
:10370000D3F84404D3F84814D3F84C24D3F85434F1
:10371000C4F8580904F11A00C4F86439584BC4F8C5
:103720005C191B78C4F860294FF400622372554B72
:10373000C4F854691B7854496372544B1B78A372C4
:10374000534B1B78E372534B1B782373524B1B78FC
:103750006373524B1B78A373514B1B78E373514B2C
:103760001B782374504B1B786374504B1B78A374E5
:103770004F4B1B78E3744F4B1B7823754E4B1B78D4
:1037800063754E4B1B78A3754D4B1B78E3754D4B02
:103790001B78237698E000BF9865002042820020C5
:1037A0000E49002038170120418200206F000200DE
:1037B0000000202009490020777A0020C064002002
:1037C000E8E90020A1EA00205CEB002009F90020D4
:1037D000A3EA0020A4EA0020C5F80020EFE90020B9
:1037E000C4F80020A5EA0020D0F80020EBE9002072
:1037F000EAE90020D2F80020D1F80020C1F800202A
:10380000C0F800208E7B0020D2E90020E3E90020F0
:10381000E0E90020E2E90020E5E90020E4E90020F9
:10382000D4E90020FCE90020607A0020797B0020A8
:103830008D700020617A00200FF90020A6EA002098
:103840005DEB0020C6F80020EDEB0020C7F800205B
:10385000CE640020937B0020BA010120B801012032
:10386000CD6400205EEB0020E00101203008012043
:10387000B00F0120BC010120C001012010F900207F
:10388000C2F80020767A002080992620C3F8002014
:1038900024820020EEE900200EF90020897B002020
:1038A000927B0020E08700208B7B00209165002028
:1038B0008C7B00208D7B0020887B0020917B00206A
:1038C000677A0020787B0020494B1B786376494B50
:1038D0001B7884F86839484B1B7884F86939474B62
:1038E0001B7884F86A39464B1B7884F86B39454B52
:1038F0001B7884F86C39444B1B7884F86D3913F0CD
:103900001FFB4FF40033414A41492878FEF74AFF34
:1039100088BB2A783F49404F00200FF0A3FE3F4E5E
:1039200095F800800624A7F10409414606A856F838
:10393000042BFDF702FF06A93846F8F77CFE18B104
:1039400006A94846F7F79EFC013C14F0FF04ECD1B1
:10395000334BFF221A70334A002313702A780F2A40
:1039600032D1314A1370002C2ED0032047B0BDE86D
:10397000F043F9F7F7BB4FF4C0232C4A2C492878C1
:10398000FEF710FF0028C4D04FF40053294A2A49FB
:103990002878FEF707FF0028BBD0224640F66E13BA
:1039A00026492878FEF7FEFE04460028B1D095F996
:1039B00000201B4B1A700122214B1A70FFF7E2FA0C
:1039C000C9E72A781F49A6E7FEF732FDC4F10704CC
:1039D0001D4AE4B21369D4541369013303F00F0391
:1039E00013610122194B1A7047B0BDE8F08300BF84
:1039F00004700020D0E90020777B0020D6E9002069
:103A0000D3E90020096500200865002050DC022071
:103A100018490020AB4D00203C17012040270060D2
:103A20008865002004F90020388200207089202059
:103A30002D490020507C022023490020FE48002010
:103A400039820020CA4D0020C401012003700020EB
:103A50002DE9F0410022D0F88C344FF0FF3100F511
:103A600004750446C0F88834C160C0F81C121146C1
:103A7000C0F8802480F8442480F87924A0F87A24BF
:103A8000C0F88404C0F8403443600270C0F81432B7
:103A900080F81022284607F0BCFD00285DD090F881
:103AA000BE2112F07F0258D190F8C231002B54D0C1
:103AB000D0F8C6612846314607F0ABFD0546002820
:103AC0004BD077490522033013F048FA014600280D
:103AD00043D195F86C30092B3FD12B6D04F58967E4
:103AE0003344C4F824346B6DC4F82834AB6D3344CC
:103AF0004026C4F82C34EB6DC4F830342B6EC4F877
:103B0000343495F86D300125C4F82004204684F83B
:103B10004534093305FA03F3C4F83C34013BC4F8D7
:103B2000383412F081FA384684F8446407F0E0FE35
:103B300094F8791489B93822384613F063F8594B50
:103B400084F87964DA68C4F8684484F87B5402B96C
:103B5000DC60544B01205C619FE0022300224FF0A7
:103B6000FF31012704F128082372D4F888346163F7
:103B70004046C4F844121146C4F88424E271A4F803
:103B8000482484F84A24C4F880442360E760E36250
:103B900084F82820C4F83C3284F8382207F039FD34
:103BA000002875D090F8C231002B71D090F8BE512A
:103BB00015F07F056CD1D0F8C6612A4640463146E3
:103BC00007F027FD002863D0B0F80B30B3F5007F75
:103BD0005ED1037C2372013BBB4259D8427B092151
:103BE000531E227163713B469A4245D1A571C38A27
:103BF00023610BB9436A2361C389B0F811203344B0
:103C0000216962815201A361077C02F2FF1201FB6C
:103C10000733236203EB5223B0F81320636102B928
:103C2000026AF61A1644EE40731CE3614FF0FF334C
:103C3000636240F6F4739E4225D94FF6F4739E42B8
:103C400023D9C36A2362202304F58965E3712163C4
:103C50002846C4F8401208F011FB94F84834BBB968
:103C60002146284606F0D1FE90B10E4B1A69002A73
:103C70007FF46FAF1C616CE7013908D001355B0040
:103C8000EDB2DBB2B0E70C23DEE71023DCE7A57171
:103C90000020044BC4F880045861BDE8F08100BFE7
:103CA000E64D0020B8E40420FF232DE9F04F002763
:103CB00093B07E4C064680F8BC3400F592637C4D90
:103CC00080F8C81480F8981480F8997401932776C6
:103CD0006F716776A77607F0C9FB3946384606F05C
:103CE000A1FF80B901236B7140F28E23E361019B38
:103CF000C6F88C346B79002B40F0D380304613B07B
:103D0000BDE8F04FA4E60327DFF8D4814FF4D57166
:103D1000404606F087FF00B3664B1B69B3F5D57FBD
:103D200004D006236B714FF42573DFE70123A376DC
:103D3000DFF8B0810CF044FFDFF898910746DFF818
:103D4000A8A1DFF8A8B10021484606F06BFFA8B98A
:103D500017236B714FF42A73C8E7013FD6D1A37EB6
:103D6000002BE5D107F082FB3946384606F05AFFB2
:103D7000A37E002BDCD14FF44018DBE741465046D0
:103D800006F050FF0028E3D00CF01AFFC01B584586
:103D9000DED8484B1A69002AD5DA1A69002146484C
:103DA00022621B695A0044BF0123637606F03AFF82
:103DB00020B902236B7140F2B12397E700213F48FD
:103DC00006F030FF20B903236B714FF42D738DE79C
:103DD000384F3B493B693B481B0C1B04636207F0AF
:103DE000B9FA20B907236B7140F2B9237EE736494F
:103DF000364807F0AFFA20B908236B714FF42F73E0
:103E000074E7616A324806F00DFF20B905236B7133
:103E100040F2BF236AE7616A2E4806F003FF10B341
:103E200002212D4806F0FEFEE8B1BB6A02A96FF040
:103E30007F4023F00603BB62BB6A43F00203BB6210
:103E40004FF010137B6407F043FA88B946F2A817C5
:103E5000052006F0D7FE384607F0A8FA07F0EDFA7D
:103E60000123237643E714236B7140F2C3233DE71C
:103E70009DF815309B07E9D502A9184895F80580EB
:103E8000E76907F025FA9DF8183018B103F00F0321
:103E9000012B03D085F80580E761D7E74CF2503756
:103EA000D6E7002013B0BDE8F08F00BFB8E40420CF
:103EB0000C66002000002C400000090200001A03DC
:103EC000E0E4042000000909F0E404200000090AED
:103ED00000001B0700001A3700001A06F1FFFF80E0
:103EE00000001A08000030400000022940420F0084
:103EF0002DE9F74F8B4C20460BF03EFC18BB8A4E49
:103F00000446DFF85C823546DFF82C92DFF854A2D5
:103F10007378E7B243B37268E2B9D9F80030326916
:103F20009B1AB3F5FA7F1FD351467E48F8F73BFA48
:103F300039467C48F8F74AFA7C480EF0ADFC384622
:103F4000F9F77BFE10E020460BF05EFCC0B2F9F7FB
:103F500085FED0E7402A4146384628BF4022FDF77B
:103F600025FC7378002BD8D101341436052CCFD121
:103F70006F4E96F90030002B06DB96F90000002802
:103F800028DA03B0BDE8F08F0027DFF8DC814FF0BE
:103F9000140998F800303B44B3FBF4F202EB8202C0
:103FA0009B1A09FB0352517861B9526852B13370C0
:103FB0000133B3FBF4F202EB82029B1A88F8003063
:103FC000FBF7A6F9042FD8D096F900300137002B63
:103FD000DFDBD2E7574F3B7853B9574B1A681423AE
:103FE00003FB0053D968521A47F22F518A4204D971
:103FF00003B0BDE8F04FFBF7ADB95A68002AC0D056
:104000004E4C4F492378F3B94E4BD3F800C0CCF552
:1040100080536144042819DD96F80090B9F1040F2B
:104020000DD849493F48F8F7BFF948480EF034FC2D
:10403000002830D11423002203FB09535A603B7837
:10404000002B9ED0D4E74FF48053E3E79A4228BF79
:104050001A46002AE0D0C0B2FDF7A8FB0028DBD04A
:104060002678384D002E4BD12B683949C418344876
:1040700022462C6012F084FF0246B8B3FAF788FF9C
:104080002E60344B1B78002BD9D0B1E70A2303FBF9
:104090000828834607E000244FF0140AA34626466A
:1040A000A0460AFB095A0DF107000EF07AFB70B327
:1040B0009DF80730A3F13002D1B20929E6D92C2BA3
:1040C0002BD00D2B01D00A2B21D1B1451FD1BBF133
:1040D000000F08BF4FF000082C2BCAF8048015D140
:1040E000013604460020F6B28046D2E7B4F5805F80
:1040F000C7D319491948F9F787FEF9F73DFFC0E71B
:104100002860FAF745FF00232B60BAE7044607480A
:104110000EF0C2FB002C8DD091E7B145D7D02046E0
:10412000DEE700BF1465002090710020033F0020EF
:10413000106500203C720020387200203D72002083
:1041400070892020507200208C4700209B4700205F
:10415000BE3E00203E720020423C0020F64100207E
:1041600000E50420FB4200205572002030B5EBB082
:10417000054602A8F7F7ADFA0023234A06A823490B
:1041800011F0F0FF06A8F7F786FA044668B306A810
:10419000F7F75DFA044628B316A8F7F79AFA2A4605
:1041A00006A91AA80EF02CFD0446C0B12AA91AA827
:1041B00011F03CFE28B31AA8F7F749FAD8B100234A
:1041C00009208DF80330124B01AA2AA9D8710020CA
:1041D000FEF7F6F90F4B18711AA808F057F816A851
:1041E000F7F784FA06A808F051F802A8F7F77EFA64
:1041F00020466BB030BD0DF103012AA8FEF7EFFC9D
:10420000E1E70446E8E700BF777A00203C17012089
:10421000B8E404200C6600202DE9F047ADF5255DDB
:1042200000240246624B86B0214620460094FBF7EC
:1042300062F9604B0246FF2193F800310120B3FA86
:1042400083F35B0900935C4BFBF755F9054602A825
:10425000F7F73FFA06A82346584A594911F082FF5A
:1042600006A8F7F718FA002800F0988006A8F7F7D4
:10427000EEF9002800F08F801AAE16A8F7F729FA99
:1042800006A9304611F09BFD3046F7F704FA0028E6
:1042900074D03046F7F7DBF958B904EB84006AAB09
:1042A0002AAA16A903EBC000FBF7B8FA08B101343B
:1042B000E4B21AA807F0EAFF16A8F7F717FAFD2CE0
:1042C000DBD1214604EB840400262AAF6400DFF82A
:1042D00004816AA8FBF7F2FAB4425CD016A80DF18B
:1042E0006809F7F7F6F96AAB06A9484653F826209D
:1042F0000EF086FCA8B33946484611F097FD68B326
:104300006AAB4146384653F8269014F029FF00283E
:104310004FF02E0138460CBF1523132305F8013B3F
:1043200014F0A4F970B300F1010A2649504614F0C4
:1043300017FF014650B32449504614F011FF0028DE
:104340004FF0040C14BF0321022100234A466046AB
:10435000CDE900732B46FBF7A1F905461AA807F033
:1043600095FF1A4B16A81B68AB4212D3184B0A369E
:104370001B78FF2B0DD0F7F7B9F9ADE716A8F7F7C3
:10438000B5F99EE74FF0040C0321DEE74FF0030C74
:10439000DBE7F7F7ABF906A807F078FF02A8F7F715
:1043A000A5F928460DF5255D06B0BDE8F08700BFEC
:1043B0001845002080992620EC4D0020104E00204A
:1043C0003C170120C0450020D5450020707A002010
:1043D0005A720020809A26202DE9F04FADF5295D14
:1043E000002402465F4B89B0214620460094FBF72B
:1043F00082F8054604A8F7F76CF908A823465A4A3C
:104400005A4911F0AFFE08A8F7F745F9002800F067
:10441000A08008A8F7F71BF9002800F09780DFF8C4
:104420005C8170AF6CAE0DF5E0793046F7F751F96D
:1044300008A9484611F0C3FC4846F7F72CF90028B4
:104440007ED04846F7F703F9A8B904EB8400ACAB7B
:104450002CAA314603EBC000FBF7E0F958B12E213E
:104460002CA814F003F930B14146013014F078FE65
:1044700008B90134E4B2384607F008FF3046F7F7D0
:1044800035F9FE2CCED1214604EB84044FF0000810
:104490000DF170096400DFF8E4A0ACA8FBF70EFA98
:1044A000444553D018A8F7F714F9ACAB08A948460F
:1044B00053F828200EF0A4FBA0B32CA9484611F015
:1044C000B5FC60B3ACABFF222CA9304653F828B042
:1044D00014F058F800232E2130468DF8AF3214F036
:1044E000C5F80346D8B151460130039314F038FEA5
:1044F0000746A0B9039B1E4918702CA814F030FE83
:1045000000282B4639460CBF15221322022003F83F
:10451000012B5A46CDE90067FBF7C0F805461CA8F9
:1045200007F0B4FE134B18A81B68AB420CD3124B18
:1045300008F10A081B78FF2B06D0F7F7D7F8AFE78A
:104540003046F7F7D3F89EE7F7F7D0F808A807F05A
:104550009DFE04A8F7F7CAF828460DF5295D09B0B5
:10456000BDE8F08F18450020F94D00203C170120D0
:1045700080992620707A00205A7200200B4E00206D
:10458000F0B5E9B00746384E6846F7F7A2F80023C1
:10459000354A04A8354911F0E5FD04A8F7F77BF882
:1045A000054600285AD004A8F7F751F80446002819
:1045B00038D07B1C36D014A8F7F78BF83A4604A9FC
:1045C00018A80EF01DFB0446F8B118A8F7F73FF83D
:1045D00028A9044618A811F029FC08B3304613F0A6
:1045E000C0FF074628A813F0BCFF3844FD2817D8A1
:1045F000012F03D91E49304613F072FF28A91A482B
:1046000013F06EFF18A807F041FE14A8F7F76EF834
:1046100004A807F03BFECCB10125FCF7E9FF15E04B
:104620000024EFE72F211048002714F01FF898B15D
:10463000B04201D00770EBE713F093FF012801D9D6
:104640007770E5E73D4604A807F020FE6846F7F7D7
:104650004DF8284669B0F0BD0446D9E70449304614
:1046600013F0EDFCD8E700BF777A00203C1701205B
:10467000AF3B0020924B2DE9F041924DC2B013F8B0
:10468000302003EBC003904E07465C682B783270F5
:10469000062B11D18D4B01288D4A1B68517A03F5E9
:1046A000805383F8FD1F07D18A4B4FF0FF3119600B
:1046B0000023D37105232B703378302B38D8DFE8F3
:1046C00013F04F023100C701AD01C201E101E90160
:1046D000F001F7014902FB01270252025902600270
:1046E0006702EA02EA02EA02EA029102CF029102BA
:1046F000EF026E02FB02FB02180318034E03EA03EB
:104700007304690488040E049700970097009700CB
:10471000ED03940499043F0346034B03970097006D
:10472000970097001E2C1DD9A4F1F4030B2B08D978
:10473000694B1B7813B1694B00221A70002030704E
:10474000A6E2F53C0A2C00F23781DFE814F05801AC
:104750004001420138014401460148014A01540127
:1047600056015A011E2CE3D801A353F824F000BFD0
:10477000951F01009D1F0100D91E0100AF1F010000
:10478000C11F0100C51F0100C91F0100CD1F01008D
:10479000D91F0100DD1F0100EB1F0100F91F0100FF
:1047A000FD1F01000120010005200100092001007A
:1047B0000D20010011200100152001001920010029
:1047C0001D2001002B200100312001003B200100B1
:1047D000452001004B200100552001005F20010011
:1047E000E920010037210100572101000323337024
:1047F00001204DE23A4B012000221870394B1A700B
:104800000323337044E2384A137883F001031370B2
:10481000314B01221A708BE7344AF5E7344AF3E74B
:10482000344AF1E7344B1B885D0681D5334AEBE708
:10483000334AE9E7304B1B88DC067FF579AF314A14
:10484000E2E72D4B1B8898067FF572AF2E4ADBE717
:104850002E4AD9E72E4AD7E72E4AD5E72E4AD3E784
:104860002E4AD1E72E4ACFE72E4ACDE72E4ACBE794
:104870002E4AC9E7204B1B8819067FF559AF2C4AF1
:10488000C2E70EF0E9FB53E72A492B4813F0D7FBA8
:10489000BEE7124B002283F80022B9E725492748DA
:1048A000F4E70E4B002283F80023B1E70B4B002204
:1048B00083F80024ACE7094B002283F80025A7E722
:1048C0005C720020637A0020647A00206C7A0020F9
:1048D000B8E404200C66002039820020809926204C
:1048E0005F7A00205E7A0020787B00200470002030
:1048F000C2F80020767A0020E8E90020C3F8002002
:1049000024820020EEE900200EF900208E7B00209A
:10491000927B0020E0870020897B0020887B00209C
:104920008B7B00208C7B00208D7B0020917B0020E6
:10493000677A0020AF3B0020809B2620809C2620A9
:10494000AD49AE480A78AE4CAE4BA2B10278D2B2B5
:104950001A70207800F0FF0210B11A7882F001027C
:104960000A701A7802F0FF0312B1A74B1B78DBB272
:10497000A64A1370DCE62278D2B20A70007800F002
:10498000FF0210B10A7882F001021A70E9E7A04B29
:10499000A04A197839B9117829B99F4908780121B5
:1049A00018B91970C4E6002119701170C0E69B4A4D
:1049B000137883F00103DCE713232B70B8E60022A1
:1049C000974B114610460FF037F80E23F5E70F23EB
:1049D000F3E71023F1E70C23EFE70323EDE70423CC
:1049E000EBE74FF480728F498F4813F0CBFDFCF753
:1049F000FFFD0523E1E70223DFE70123DDE71223C3
:104A0000DBE78A4B012093F80021002A3FF4F8AE3F
:104A1000002283F80021864B187089E685492046DC
:104A200011F05CFD8049844814F09AFB00283FF4A3
:104A3000DFAEFF227C49804813F0A4FD7B4B0022AF
:104A400083F8FF21E4E67B49204611F047FDCFE6DD
:104A50002046764C794911F041FD7349204614F007
:104A60007FFB00283FF4C4AEFF226F49204613F0BD
:104A700089FD0023204684F8FF30FEF78BFAFEF70D
:104A800081FA55E66E4B93F8880000283FF450AE4B
:104A90000523B6E66B4BE4B2654A1C700123137024
:104AA0008BE74FF4807268495F4813F06BFD9FE617
:104AB0004FF480726549F7E7DFF884C1DCB19CF8F8
:104AC0000530002B93D00CF1B4070CF18C040FCF00
:104AD0000FC40FCF0FC4DCF800300133CCF8003026
:104AE000012397E803008CF80430002384E80300D6
:104AF0008CF806307DE79CF80430002B3FF477AF4C
:104B0000DCF8003013B1013BCCF800300123EFE7B3
:104B1000DFF84881D8F800309C4213D02046FFF7D8
:104B200025FB00283FF465AF1522454BC8F800402F
:104B30001F72B7FBF2F102FB11775F7206230020B0
:104B40002B70A5E04FF0FF330022C8F800303C4B3B
:104B5000DA714EE72046FFF713FD00287FF449AFD6
:104B60003B4B1B7829E72046FFF70AFD0028F7D0CA
:104B7000072322E72046FFF703FD0028F0D0082393
:104B80001BE72046FFF7FCFC0028E9D0092314E7C7
:104B90002046FFF7F5FC0028E2D00A230DE7204667
:104BA000FFF7EEFC0028DBD000242A4B244F202204
:104BB0001C802146284B07F1DD0087F8DC401C7083
:104BC00012F020F82022214607F1FD0012F01AF819
:104BD0000EF055FD08B10B23EFE64FF0FF30FFF765
:104BE000CFFC06E72B78072B3FF402AE2046FFF7F9
:104BF000C7FC0028B4D0FBE5C5F80020C2F80020AF
:104C0000EEE90020EFE90020C3F80020C4F80020FE
:104C10005DEB0020C6F80020677A0020937B00201F
:104C200095EB0420AF3B0020777A00208099262066
:104C3000398200200F4E0020809A2620F94D002056
:104C4000B8E4042091650020154E00202A4E002073
:104C50000270002044820020388200200C66002070
:104C60002B78AB4F072B05D02046FFF789FC08B9FE
:104C70003B78A2E6FF22A749A74813F083FCA74B85
:104C8000002083F8FF073B78002B3FF4B1AD2B7079
:104C900042B0BDE8F0812B78073B012BA6D8A7E5F1
:104CA0002B789B4F073B012B04D92046FFF768FC6C
:104CB0000028DDD03B7842E72B78072B11D1984BA9
:104CC0004FF480723478A3F5807092491A2C08BF93
:104CD000184613F057FC0123924A1370924A13703E
:104CE0003EE7092BEBD02046FFF74AFC0028E6D12F
:104CF00036E72B78864F072B1AD18C4B4FF48072F6
:104D00003478A3F5807083491C2C08BF184613F033
:104D100039FC3B78002B7FF412AF854A01231370D6
:104D200032781C2A01D1834A13707F4A13709FE79F
:104D30000A2BE2D02046FFF723FC0028DDD197E7BD
:104D40000020764B83F80004714B1B789FE700200E
:104D5000724B83F80005F7E76D4B1B78EFE6764D55
:104D6000FAF71AFB2B78002B7FF4E2AC734B1B781D
:104D700003F0FF0423B17249724813F060F9D7E4DD
:104D800020460EF0C3FB22464FF4E1316E480AF094
:104D90009FFB6E496C48F7F707FB6D480DF07CFDF3
:104DA0006C496948F7F700FB6B480DF075FD00286A
:104DB0006FD002AA222164480DF092FF02AB0722B5
:104DC0001C541946654812F0C9F800285CD05D4FA4
:104DD00002AB634A262100933846624B13F0E6FB90
:104DE00025285B48C8BF87F825400DF055FD5E4972
:104DF0005548F7F7D9FA56480DF04EFD00283BD03C
:104E00005A495148F7F7CFFA05214F48F7F7DEFA2C
:104E10004F480DF041FD78B355494B48F7F7C4FAB8
:104E20004B480DF039FD38B352494748F7F7BCFA03
:104E300047480DF031FDF8B14F494348F7F7B4FA50
:104E400043480DF029FD0020F8F7F7FE0120F8F7A0
:104E5000F4FE0220F8F7F1FE0320F8F7EEFE04203E
:104E6000F8F7EBFE454BFF221A700022444B1A70F4
:104E7000FAF74EFA01232B702B78002B7FF458ACF5
:104E800031480CF099FC53E43E492E4813F0D7F812
:104E9000F2E73D49F9E7FAF77FFA49E43B4BE4B220
:104EA00093F8A428A2427FF65BAE002004F5957427
:104EB00083F80A0483F80B0483F8090483F85F0479
:104EC000C3F8580483F80D04D3F80024C3F804246D
:104ED00053F82420C3F850240EF010FD40E62C4B6C
:104EE000E4B293F8DC20A2427FF622AC04F007057E
:104EF000E00803EBD40494F8FD202A41D2073FF5E3
:104F000017ACDD3301211A5CA9404A401A540FE462
:104F100002700020777A002080A026208099262029
:104F2000809C2620C2F8002039820020809E262006
:104F30008C7B00208D7B0020547200208C70002020
:104F4000C14600201470002014650020424E00204D
:104F5000033F002041470020C8470020D7470020DA
:104F60006E5400209A4600204A47002056470020F1
:104F70006B470020B6470020A8470020106500209E
:104F800055720020A7460020D946002010F90020C5
:104F9000B8E404201F4B01201A78944202D0E4B2F6
:104FA0001C7038E528232CE4E4B20F2C3FF6C0AB8C
:104FB0002046FDF755FC00283FF4BAAB2046FDF72C
:104FC000BBFA00283FF4B4AB134B83F81D41112307
:104FD000B5E5124B002264B21A70114B1C7001240B
:104FE000104B1C70FDF7CEFF02E4E4B2094B1C70BD
:104FF000FFF7FEBB0C4A202312F8011B29B9013B25
:1050000013F0FF03F8D1FFF793BB084B1B782B700D
:10501000FFF7EEBB5C7A0020B8E4042080992620DC
:10502000886500203982002095E504200270002068
:105030002DE9F04F2DED028BADF5285D054681B0D1
:1050400026AE22A8F6F745FB0023A04A3046A04929
:1050500011F088F83046F6F71EFB074688B126A8FF
:10506000F6F7F5FA029000283AD1029B2A460299F7
:105070000093984BFAF73FFA029E054634463746AE
:105080009EE195498EAC914812F0D9FFFCF7B0FA39
:105090008AA8F6F71EFB8D4A3B468D49204611F043
:1050A00061F80DF5206322AA3046A3F5FB63596829
:1050B000516099681B7B91602146137307F0FBF8E0
:1050C0008AA8F6F713FB3046F6F7E5FA0146002802
:1050D000C5D12A467F4B0090FAF70DFA054696E3B4
:1050E0007E4B00247E4E4FF0FF311B780920009448
:1050F0009A1F0393534253412A4608EE103A794BC4
:10510000FAF7F9F9B379054696F80490002B00F008
:10511000ED81B9F1000F00F038828C360EAF0FCE62
:105120000FC70FCE0FC796E8030087E803003AAE1B
:1051300036A8F6F7CEFA26A9304610F040FE3046E3
:10514000F6F7A9FA002859D04AAA36A918A8FAF7FA
:1051500065FB00284BD00EA918A8FAF790FB002891
:1051600045DCFF2C24D0661CF6B26FF027032827FD
:1051700017FB04378AAB1F444CB3394618A8FAF71B
:105180007EFB0028A7F1280721DA07F1280E07F196
:10519000500C013CBEE80F00ACE80F00BEE80F0069
:1051A000ACE80F009EE80300E4B28CE80300E3E7FC
:1051B0008AA918A8FAF763FB002818DD42F2B0723A
:1051C00094A98AA8264612F0F1FEFE24CDE724B267
:1051D0008AAB18AF04EB840403EBC4040FCF0FC4F5
:1051E0000FCF0FC497E8030084E8030034463AA8C1
:1051F00007F04CF836A8F6F779FA98E736A8F6F7EC
:1052000075FA394A0DA9002C126814BF0123002336
:10521000A5EB02020A6018A90A60344A11780CAAA8
:1052200011800DF13202118023D0049310AB0CA930
:10523000A3F10C00FCF75FFA049B06460DF1320265
:1052400018A8069201220699FCF763FA8346002EFD
:1052500040F03A81002840F03781039B3446B14644
:10526000062B00F0448237461D4B00221A711A604B
:105270007AE04E46E2E736AB059922A80793002371
:10528000079A13600DF12F02137036AB089201924A
:105290004AAA009318EE103A10F0CAF88046002E81
:1052A00000F0D382002800F00683089B0CA9079A1F
:1052B0000DA81B781268FCF7AFF98046002840F073
:1052C000F282BBF1000F40F0C9821FE0777A002024
:1052D0003C17012018450020AF3B0020637A0020D6
:1052E000B8E40420474E00206C7A00205A72002057
:1052F000D8465746CB46059B0AF1FF3A4646283B1F
:105300005FFA8AFA0593BAF1FF0FB4D1049B13B97F
:10531000FF2C18BF0027B7F10009A4EB0704039B7B
:1053200018BF4FF0010914F0FF0414BF0126002636
:10533000062B2DD0002F97D07B1E28228AA9DFF8BC
:10534000E88202FB031C08F18C0EBCE80F00AEE8FB
:105350000F00BCE80F00AEE80F009CE8030001233B
:105360008EE8030088F80430DFF8BC820DF1380EB7
:1053700008F1B40C88F80560BEE80F00ACE80F0037
:10538000BEE80F00ACE80F009EE803008CE80300C5
:105390000021A54B9971B9F1000F06D02A46A34B05
:1053A0000A200091FAF7A7F805464EB100232A46D5
:1053B00001210A2000939E4BFAF79DF805460296BC
:1053C00026A806F063FF029B002B00F02082002C31
:1053D00000F01D820DF1E80836A8F6F77AF9954A33
:1053E00000239549404610F0BDFE0DF5206322AA2A
:1053F00026A8A3F628135968516099681B7B916011
:105400004146137306F057FF36A8F6F76FF926A842
:10541000F6F741F9002800F0FA813FB28AAB07EBBA
:10542000870703EBC7070023029336A80DF1E809AD
:10543000F6F74FF9D7F800A026A9484652460DF0D6
:10544000DFFB8046002800F0B8810DF5947B4846CC
:10545000594610F0EBFC002800F0AC81774A97F831
:10546000249013689A4540F062812B4609F113019C
:1054700003F8011BB9F1000F00F05F8118A90020AB
:105480004FF009090870126818A90D78924540F08C
:10549000CB8100216A4A1278FF2A00F08A81B8F194
:1054A000000F40F0BF8113223E20043303F8042C88
:1054B000202203F8020C03F8032C03F8012C0BEB59
:1054C000010CA1EB030E51E16FF02702282304F138
:1054D000FF3A274613FB04238AAA5FFA8AFA049448
:1054E000D31805930DF12F0309930CE7B9F1000FC1
:1054F00006F18C0608BF00264FF000083AAC36A82B
:10550000F6F7E7F826A9204610F059FC2046F6F7F2
:10551000C2F8044600285AD04AAA36A918A8FAF7B1
:105520007DF900284CD02EB1314618A8FAF7A7F91A
:10553000002845DDB8F1FF0F29D008F101034446EA
:105540005FFA83F86FF02703282717FB04378AAB2D
:105550001F4434B3394618A8FAF791F90028A7F187
:1055600028071EDA07F1280E07F1500C013CBEE8AF
:105570000F00ACE80F00BEE80F00ACE80F009EE89B
:105580000300E4B28CE80300E3E74E46B4E70DF510
:10559000275118A81831FAF772F9002810DAFE24FA
:1055A000D0E724B28AAB18AF04EB840403EBC40445
:1055B0000FCF0FC40FCF0FC497E8030084E8030098
:1055C0003AA806F063FE36A8F6F790F896E736A8F4
:1055D000F6F78CF81B4B0EAA0DF132011B680EA8D2
:1055E000EB1A136018AA13600DF13202144B1B78EA
:1055F00013800DAA138023464A46FCF78AF80DABA8
:1056000006464A46059318A801230599FCF781F838
:105610000746002E7CD100287AD1039B062B40F050
:1056200080800646044662E0B8E404204A4E00202A
:105630005C4E0020777A00203C1701200C66002089
:105640005A7200206C7A002036AB8AA82821069373
:105650000023069A01FB0A0122A813600CAA13700A
:1056600036AB079201924AAA009318EE103A0FF057
:10567000DFFE0490002E00F00281002839D10BF1EA
:1056800001035FFA83FB002F40F0FD803846374668
:105690003E460AF1010A07465FFA8AF39845D3D8D5
:1056A000C3453CD3B8F1FF0F16BF002601265C4668
:1056B000002C039B08BF0026062B18D0002E32D0EA
:1056C0008CB3631E28228AA9DFF8FCE102FB0317D2
:1056D0000EF1B40C0FCFACE80F000FCFACE80F0009
:1056E00097E8030001238CE803008EF805300027BB
:1056F0004EE6079B0DF13201069A0EA81B78126840
:10570000FBF78AFF0028BAD1002FC9D00746BCE0BA
:105710004FF0000A0CAB5446D3460893BCE7012671
:10572000C6E7044606460027674B5F7130E6F9F787
:1057300077FE00283ED1654A97E618A9584603939C
:10574000FDF74DFA614A8146039B9CE60399A1E669
:1057500011F0800F5E4818BF3F210068084410F820
:10576000200C0244DE2A09D803F8011B03EB0E01CA
:10577000CDE9031C1CF8011B0029E9D1514648461C
:105780000593F9F765FE059BB8F1000F04D01946A3
:105790002846F9F787FE03461846F9F769FE049A8A
:1057A000034612782AB14B4A4FF000081268904223
:1057B000CCD91D463AA806F069FDDFF8188136A855
:1057C000D8F80030AB4239D3434B1B78FF2B35D090
:1057D000F5F78CFF029B28370133DBB29C42029322
:1057E0007FF423AE86B13C4B1B78FF2B0CD0D8F84E
:1057F00000309D4208D800232A4601210A20009348
:10580000364BF9F778FE054626A806F03FFD22A89C
:10581000F5F76CFF28460DF5285D01B0BDEC028B55
:10582000BDE8F08F08224AE6012229464846CDE924
:1058300000B25246F9F732FF0346BAE7F5F756FFD2
:10584000D0E7002F7FF424AF2AE7BBF1000F3FF42D
:105850005DADB8F1000F3FF44CADB046099B36AAE0
:10586000069918A81B781268FBF7D6FE8346002815
:105870007FF43FADB8F1000F7FF43DAD46E5002F5A
:105880003FF40EAF3746049B4BB136AA089B0599EF
:1058900018A81B781268FBF7BFFE0028D1D001348E
:1058A0000298E4B2F4E6CDF810A0BBF1000F3FF48B
:1058B00022ADD846D2E7CDF810A0BBF1000F7FF49F
:1058C00017ADB04617E500BFB8E404200C66002011
:1058D000587A0020707A00205A7200205C4E002016
:1058E0001FB50390F7F7C0FC039A014628B1104694
:1058F00005B05DF804EBFFF79BBB034B0090F9F795
:10590000FAFD05B05DF804FB184500202DE9F04FC5
:10591000704B0026704FADB01E70704B704D1E70F6
:10592000704BDFF810921C686F4B3E701B782E7026
:1059300089F80060132B00F29580DFE813F0140063
:10594000FF008C039103BB03B305B705EF052C06DD
:1059500030063C06A0095706A3067A09DD09E309CB
:10596000E5093D0AA60A2246604B00210120009667
:10597000F9F7C1FD5E4B0246FC2101200096F9F7C4
:10598000BAFD5C4B0246FA2101200096F9F7B3FDFF
:10599000594B0246F72101200096F9F7ACFD574B11
:1059A0000246F92101200096F9F7A5FD544B024665
:1059B000022101200096F9F79EFD524B0246FD217F
:1059C00001200096F9F797FD4F4B0246FE2101207A
:1059D0000096F9F790FD012102464C4B08460096CF
:1059E000F9F789FD00234A4A04464A4922A8F5F7F7
:1059F000DFFE2698DFF8409110F05BFC002858D0BD
:105A00004FF0010A22A889F888A0F5F7B7FF2246CF
:105A10003B4B022150460096F9F76DFD3E4B024686
:105A2000002105200096F9F766FD0446002399F849
:105A30001E11334A01200093384B002908BF13463A
:105A40002246F421F9F757FDF9F7F8FD344B0246E9
:105A50001B7803F0FF017BB3F9F7CAFD044622A8C7
:105A6000F5F7F4FE00232F4904F8013C086800F51F
:105A7000805393F8FC2193F8FB3103EB0223154A82
:105A800012789BB2013AC254096801F5805393F829
:105A9000FF0193F8FE212B7802EB002292B2002B3B
:105AA00001F034823B780133DBB28B542DB0BDE87A
:105AB000F08F89F88800B9E71B4B187800911B4BD1
:105AC0001B49002808BF0B4602210120F9F713FDEE
:105AD000C4E700BF5A720020557A00205672002099
:105AE000547A00206C7A0020637A00209A4E0020BD
:105AF000A94E0020B84E0020C14E00206453002063
:105B0000C23E0020D24E0020E54E0020F84E00207C
:105B100053460020381701200A4F00206A4E00200B
:105B20008A7B0020687A00208C700020C14600200B
:105B3000794E002057720020B8E40420002122464C
:105B4000B24B08460096F9F7D6FCB14B024603214A
:105B50001B780120AF4E0093AF4BF9F7CCFCAF4B55
:105B6000024604211B780120DFF84C830093AC4BE4
:105B7000F9F7C1FC33780246052100930120A94BB7
:105B8000F9F7B9FC3378044603F0FF0A002B7BD009
:105B9000A54B0246062101201B780093A34BF9F781
:105BA000AAFCB8F800300446580609D5A04B224696
:105BB000072101201B7800939E4BF9F79CFC0446BB
:105BC0009D4E96F80032002B00F0078206F5007B10
:105BD0009A48594613F0C4FA002800F0EB8122A835
:105BE00000235A469649F5F7E3FD269810F061FB2D
:105BF000002800F0DC812246924B17210120CDF8CD
:105C000000B0F9F7BBFC044622A8F5F7B7FE4FF049
:105C1000000A22A8F5F71AFE96F800323BB9224690
:105C200000931621884B0120F9F765FC044696F88D
:105C30000033002B01F08981DFF880B27F4859469C
:105C400013F08EFA002800F0CD8122A800235A46D6
:105C50007B49F5F7ADFD269810F02BFB002800F0EE
:105C6000BE812246794B19210120CDF800B0F9F709
:105C700085FC044622A8F5F781FE22A8F5F7E6FD8B
:105C8000BAF1000F00F0C681714E224611210120A9
:105C9000337800936F4BF9F72EFC337804467BB3CF
:105CA000DFF81CA20246644E12219AF8003001204F
:105CB0000093694BF9F71FFC96F8001406F5806312
:105CC000024600294FF001004FF01A0108BF0023DF
:105CD0000093624BF9F752FC9AF8003004467BB10E
:105CE00096F8002506F5A0631B21002A02464FF016
:105CF000010008BF00230093594BF9F73FFC04460D
:105D0000B8F80030D90609D5564B224609210120A2
:105D10001B780093544BF9F7EEFB0446B8F80030BB
:105D20009A0625D5514E22460A2101203378009348
:105D30004F4BF9F7E0FB33780446CBB122A80023A0
:105D40004C4A3F49F5F734FD269810F0B2FA60B19D
:105D5000494B22460B2101201B780093474BF9F752
:105D6000CAFB044622A8F5F709FE22A8F5F76EFD46
:105D7000434E22461321012033780093414BF9F71B
:105D8000BAFB3378024663B1B8F800301B0608D579
:105D90003D4B142101201B7800933C4BF9F7ABFBE2
:105DA00002463B4C0C21012023780093394BF9F734
:105DB000A2FB2378024643B1374B0D2101201B780B
:105DC0000093364BF9F797FB0246354E0E21012022
:105DD00033780093334BF9F78EFB33780446002B6E
:105DE0007DD0314E02460F210120337800932F4B96
:105DF000F9F781FB33780446002B70D02C4B262119
:105E00002C4A22A812F0D2FB00235BE018450020A8
:105E1000787B0020C2F80020244F0020047000206E
:105E2000334F0020474F0020767A0020554F002046
:105E3000C3F80020694F002080992620AF3B002046
:105E400038170120A74F0020934F0020BF4F00209C
:105E50008C7B0020C34F0020D14F0020DE4F00205C
:105E6000DB4F0020EEE90020E14F00200EF900207A
:105E7000F44F0020714600208E7B00200950002046
:105E8000917B002028500020677A0020425000209B
:105E9000927B00205A500020E08700207C50002098
:105EA000897B002099500020887B0020AD50002085
:105EB000809F2620BF500020E8E90020809C2620FB
:105EC0008D7B00202528224600934FF00201C8BF99
:105ED0008DF8AD30012022ABF9F70DFB0446624E80
:105EE00022461021012033780093604BF9F703FB21
:105EF0003378044643B100230246FB21012000937E
:105F00005B4BF9F7F8FA04465A4B1B7803F0FF0293
:105F1000002B00F08E802046F9F76AFB0446002330
:105F2000554A564918A8F5F743FC1C9810F0C1F9DA
:105F30000646A8B14FF000092246514B022101202C
:105F4000CDF80090F9F7D7FA4E4B024649460820A3
:105F5000CDF80090F9F7CFFA044618A8F5F70EFD32
:105F60000023494A454922A8F5F722FC22A918A88E
:105F700010F093F922A8F5F769FC1C9810F099F934
:105F800098B13EB922463E4B022101200096F9F716
:105F9000B2FA0446002122463C4B07200091F9F753
:105FA000AAFA044618A8F5F7E9FC18A858E586F8F7
:105FB00000022CE6364B2246082101201B78009374
:105FC000344BF9F798FA344B02461721009301201D
:105FD000324BF9F7D3FA04461EE69A461CE686F8D9
:105FE00000034AE6BAF1000F02D086F800034BE640
:105FF000274B2246082101201B780093254BF9F7F7
:106000007AFA254B0246192100930120244BF9F717
:10601000B5FA044696F80033002B7FF435AE002322
:1060200022461821012000931E4BF9F764FA04461A
:106030002AE63378002B3FF472AF1B4B012019780E
:1060400000921A4B1A4A002908BF13462246022121
:10605000F9F751FA62E72046FEF7BEF9044601E57A
:106060002046FEF7D9F8F9E78B7B0020C5500020C9
:10607000DE5000208A7B00202A4E002038170120A5
:10608000C23E0020F7500020154E0020065100208F
:10609000248200207E4F0020B04E0020A74F002019
:1060A000BF4F0020AB4F00208C700020C146002065
:1060B000794E00202246C54CC54BFE21009601209A
:1060C000F9F719FA237802460021B3FA83F3062080
:1060D0005B090093BF4BF9F70EFA237802460620BE
:1060E000191F4B424B4104210093BB4BF9F703FAB4
:1060F000237802460821A3F10800434243410620C9
:106100000093B64BF9F7F7F9237802460A21A3F179
:106110000A060620734273410093B14BF9F7EBF97D
:10612000237802460C21A3F10C0C0620DCF10003BD
:1061300043EB0C030093AB4BF9F7DDF923780246F0
:106140001021A3F1100E0620DEF1000343EB0E0335
:106150000093A54BF9F7CFF9237802461421A3F158
:1061600014080620D8F1000343EB080300939F4B6B
:10617000F9F7C1F9237802461821A3F1180906207E
:10618000D9F1000343EB09030093994BF9F7B3F9F5
:10619000237802461C21A3F11C0A0620DAF1000331
:1061A00043EB0A030093934BF9F7A5F923780246D2
:1061B0002021A3F1200B0620DBF1000343EB0B03AE
:1061C00000938D4BF9F797F9237802460620A3F147
:1061D00024014B424B4124210093884BF9F78BF962
:1061E000237802462821A3F1280043424341062098
:1061F0000093834BF9F77FF9237802462C21A3F112
:106200002C0606207342734100937E4BF9F773F915
:10621000237802463021A3F1300C0620DCF1000384
:1062200043EB0C030093784BF9F765F923780246AA
:106230003421A3F1340E0620DEF1000343EB0E03FC
:106240000093724BF9F757F9237802463821A3F1EE
:1062500038080620D8F1000343EB080300936C4B89
:10626000F9F749F9237802463C21A3F13C090620BD
:10627000D9F1000343EB09030093664BF9F73BF9AF
:10628000237802464021A3F1400A0620DAF10003F8
:1062900043EB0A030093604BF9F72DF9237802468C
:1062A0004421A3F1440B0620DBF1000343EB0B0375
:1062B00000935A4BF9F71FF9237802460620A3F101
:1062C00048014B424B4148210093554BF9F713F9D4
:1062D000237802464A21A3F14A0043424341062063
:1062E0000093504BF9F707F9237802464C21A3F1AC
:1062F0004C0606207342734100934B4BF9F7FBF8B1
:10630000237802465021A3F1500C0620DCF1000353
:1063100043EB0C030093454BF9F7EDF82378024665
:106320005221A3F1520E0620DEF1000343EB0E03CF
:1063300000933F4BF9F7DFF8237802465421A3F18D
:1063400054080620D8F1000343EB08030093394BAF
:10635000F9F7D1F8237802465821A3F1580906200D
:10636000D9F1000343EB09030093324BF9F7C3F86B
:10637000237802465A21A3F15A0A0620DAF10003D3
:1063800043EB0A0300932C4BF9F7B5F82378024648
:106390005C21A3F15C0B0620DBF1000343EB0B0354
:1063A0000093264BF9F7A7F8237802460620A3F1BD
:1063B0005E014B424B415E210093214BF9F79BF864
:1063C000237802466021A3F160003BE09165002044
:1063D00018450020205100202D5100203A51002066
:1063E00047510020535100205F5100206B51002085
:1063F00077510020835100208F5100209B510020B5
:10640000A7510020B3510020BF510020CB510020E4
:10641000D7510020E3510020EF510020FB51002014
:1064200007520020135200201F5200202B52002040
:1064300037520020435200204F5200205C5200206F
:10644000695200204342434106200093764BF9F7FE
:1064500052F8237802466321A3F1630606207342B3
:1064600073410093714BF9F746F823780246642193
:10647000A3F1640C0620DCF1000343EB0C03009352
:106480006B4BF9F738F8237802466821A3F1680EC0
:106490000620DEF1000343EB0E030093654BF9F792
:1064A0002AF8DBE52046FFF71BFAD7E5624EDFF856
:1064B000D0A1727A9AF804301344152B2CDD153BC9
:1064C000DBB2934228BF1346191E5C48A2EB0302BD
:1064D00018BF012189F80010317AA1EB030C80F874
:1064E00000C05748017004F58051204681F8FD2F07
:1064F000FFF7F6F90023DAF800100446514A0B20A2
:10650000039189F800301370F8F7A2FF0399F0792E
:10651000F8F79EFFFFF7A6BA0023D5E72046F9F764
:1065200037F9494B0246002114200096F8F7E3FFA3
:10653000464B0246002115200096F8F7DCFF444B3D
:1065400002461B7833B1434B002116200096F8F722
:10655000D2FF02460026404B1B2031460096F8F73A
:10656000CAFF3E4B024631461C200096F8F7C3FF97
:106570003B4B04461B885B067FF574AA394B0246E9
:10658000009600211920F8F7B6FF374B024600218C
:106590001A20009683E72046F9F7FAF85EE5334BB8
:1065A00022464FF0FF3109200096F8F7A4FF2D4B4B
:1065B00002460096E5E722462C4B4FF0FF310920BA
:1065C0000096F8F798FF244B024600211B20009606
:1065D000F8F791FF264B04461B78002B3FF442AAA4
:1065E00002461E4B00211C20009658E700211F4B3D
:1065F000224600960846F8F77EFF1E4B0246002111
:106600001D200096F8F777FF1B4B0246197829B139
:10661000022101200096F8F76EFF02460021174B79
:106620001E2000913BE700BF7652002083520020DD
:10663000905200209D520020B8E40420587200209F
:10664000597200205A720020AA520020C252002023
:10665000747A0020D8520020F95200200C530020F8
:10666000E8E900201F530020365300201845002081
:106670008D7B00204D530020147000205F530020BC
:106680000C660020DFF880932246BF4B00212320B8
:106690000096F8F730FF99F80030024633B1BB4B53
:1066A000002124200096F8F726FF02464FF000084C
:1066B000B74BFC210120CDF80080F8F71CFFB54B4B
:1066C000824626211A7804A81C78B34A64B2B34BD8
:1066D000009411F06BFFB24B214652461B782820E4
:1066E0005BB2E61A73427341009304ABF8F703FF01
:1066F000AC4B0246F6210120CDF80080F8F7FBFEF6
:10670000A94B0246F7210120CDF80080F8F7F3FEEF
:10671000A64B04461B78002B3FD099F8003003F0BD
:10672000FF06002B00F00F82A14B04A803F58A623C
:1067300003F2544392ED006A642293ED005AB8EEDE
:10674000466BB8EE455B9FED8E7B26EE076B86EEC3
:10675000054B24EE077BFDEEC77B17EE903AFDEE6E
:10676000C47B93FBF2F102FB1133924A2621009382
:1067700017EE903A11F01AFF04AB224641462C2046
:10678000CDF80080F8F7B7FE8B4B0246F821CDF824
:1067900000800120F8F7AFFE0446884E33781BB323
:1067A000DFF8689200212A2099F8002409F5806317
:1067B000002A224608BF00230093814BF8F7DEFE33
:1067C000804B04461B787BB199F8002509F5A0633E
:1067D0000021002A02464FF02B0008BF002300933F
:1067E000794BF8F7CBFE04464FF00009774B224671
:1067F00002210120CDF80090F8F77DFE744B02468F
:1068000049462520CDF80090F8F775FE714B0246F9
:1068100049463020CDF80090F8F76DFE6E4B0246E9
:10682000F5210120CDF80090F8F765FEDFF8E0A132
:106830000246664B02210120CDF80090F8F75BFE7E
:10684000664B024649462D20CDF80090F8F753FEDE
:106850009AF800300246DFF8BCB17BB1BBF80030DB
:1068600098060BD55E4B1B78052B07D85D4B494628
:106870002E20CDF80090F8F73EFE0246DFF8989102
:1068800099F8003073B1BBF8003059060AD5544B63
:106890001B78062B06D80021534B2F200091F8F7C8
:1068A0002AFE0246514B494993F81E0100230093EA
:1068B0004F4B002808BF0B46F4210120F8F71BFEC0
:1068C000F8F7BCFE4B4B02461B7803F0FF01002B90
:1068D00000F04481F8F78CFE474A04463B490EA875
:1068E0001378127803F0070312F0200F434A08BF11
:1068F0000A4626210092424A11F058FEBBF80030A9
:1069000013F0010F3F4B06D01A68120740F1338194
:1069100033228DF840201A68D00640F13C8149228C
:106920008DF841201A68910640F13C814D228DF886
:1069300042201A68520640F13C8144228DF84220E0
:106940001A68100640F13E814C228DF844201A68E6
:10695000D10540F13E8156228DF845201A68DFF8B6
:10696000BC9012F4007F00F03B815A228DF8462043
:106970001A68520540F13B8144228DF847204FE0D0
:10698000000000000000594018450020705300200E
:10699000A94E00205C7A00201D4500200D450020F6
:1069A0008865002006450020C14E0020617A002045
:1069B00010F9002083530020975300208C7B002087
:1069C000DE4F00208D7B0020DB4F0020C23E0020E8
:1069D000B2530020C3530020D8530020ED530020B1
:1069E000C8F80020055400201F540020B8E40420FB
:1069F0006A4E00208A7B0020A1EA0020884E0020F9
:106A000036540020C06400200FF900208099262011
:106A10000EF90020E8E90020C4F80020D2E90020A7
:106A20001B681B0540F1EA8053238DF84830002392
:106A300022460221012000930EABF8F75CFD99F885
:106A400000300446DFF868A31BB99AF80030002B29
:106A50004ED099F8003003F0FF02002B00F0D580F3
:106A6000B14BB2491878B24B1A78B24B520893F82E
:106A700000C0B14BBCF1000F08BF1946AF4BCDE9C8
:106A80000021AF4A2621002808BF1346AD4A18A8A6
:106A900011F08CFD9AF800300DF1880903F0FF0227
:106AA000002B00F0B580A84AA84BA3491B781078AA
:106AB000A74A002808BF0A46262148460092A54A50
:106AC00011F074FD18ABA44A26210EA8CDF8009051
:106AD00011F06CFD00232528224600934FF002019F
:106AE000C8BF8DF85D3001200EABF8F704FD0446F9
:106AF0003378002B3EF4B6AF984B994A1978D2F808
:106B0000A830DB69002900F08680D2F8AC1092F83A
:106B1000A1C08948934AC969BCF1000F08BF024669
:106B20000EA8CDE90012904A262111F03FFD26283B
:106B300002D100238DF85D3000232246022100930C
:106B40000EAB0120ABE4894B2621894A04A811F041
:106B50002DFD04AB2246022100961AE6854B1878DB
:106B60000091854B8549002808BF0B460221012072
:106B7000F8F7C1FCB0E61A68500701D53222C8E622
:106B80001A68910701D53122C3E61A68D2077FF54A
:106B9000C2AE3022BDE67A4A1278002A3FF4C2AE75
:106BA0006922BDE69AF80020002A3FF4C2AE6D22A9
:106BB000BDE699F80020002A3FF4C2AE64228DF8A9
:106BC0004320BDE66F4A1278002A3FF4C0AE6C2223
:106BD000BBE66D4A1278002A3FF4C0AE7622BBE6CF
:106BE00099F80020002A3FF4C3AE7A22BEE6674A35
:106BF0001278002A3FF414AF6422BEE6644B1B787F
:106C0000002B3FF414AF73230FE78DF8602041E7AA
:106C10008DF8882056E792F8A1004749514A00288C
:106C200008BF0A4626210EA800925A4A11F0BEFC5F
:106C300082E7594B002622464FF0250993F8A48895
:106C40003146564B3046B8F1FE0F0096DFF864A18E
:106C5000B34628BF4FF0FE08F8F74DFC0446F3B2E8
:106C600098457EF6FFAE09FB06A322463146272053
:106C7000CDF800B00136F8F73EFC0446EFE7474B8D
:106C800022464FF0FF3109200096F8F734FC00232C
:106C90000246434810F8011B002940F03A810133B5
:106CA000DBB2202BF6D100910120234B022134E1ED
:106CB00008EBD30203F007032220039192F8DD20B2
:106CC00042FA03F3224603F00103009309FB01A3F8
:106CD000F8F711FCDBF80030044698423EF6C2AEED
:106CE000304B03991B780131FF2B3EF4BBAECBB286
:106CF000B342DDD3FEF7B6BE00212046F8F700FD13
:106D0000FFF7ACB90121F8E7244B2246F721012017
:106D10000096F8F7F0FB244902460096234B212009
:106D200091F81D11FFF7BBBBE3E90020884E00205E
:106D3000E5E90020E0E90020C23E00207960002063
:106D40000B60002052540020EAE90020D2F8002015
:106D50008E4E00205E5400206C5400208D7B00205D
:106D6000A8EA0020964E002073540020D044002052
:106D7000A65300208C700020C1460020794E0020D0
:106D8000C5F80020C6F80020887B0020D0E900204C
:106D90009BEA00208754002010F9002018450020AD
:106DA00095E504205A720020B8E40420FB4400203A
:106DB000C2F8002095EB04200021674B2246009684
:106DC0000846F8F798FB654B044693F8F83F8BB1FB
:106DD000634B197811F020010CD1624B1B8803F032
:106DE0000303012B06D102465F4B26200091F8F7E2
:106DF00082FB04465D4B1B7863B15D4B1B784BB146
:106E00005C4B22461C2101201B7800935A4BF8F75B
:106E100072FB0446594B1B78EBB1594E327802F0A5
:106E2000FF0312B9574B1B78DBB2224600931D219A
:106E3000554B0120F8F75FFB3378044613B9514BEB
:106E40001B7843B1002322461521012000934F4BAC
:106E5000F8F751FB04464E4B1B78002B3EF402AE74
:106E60004C4E22461E210120337800934A4BF8F7FE
:106E700042FB33780446002B3EF4F4AD474B024608
:106E80000D211B780093464B5BE6464B4FF0000804
:106E900003F21F1983F8DC66434B1978FF293EF48F
:106EA000E1AD40F2BD5300E08046984544D818F863
:106EB000092008F101001F2AF6D900210846F8F739
:106EC000C7FA1323621C04F8243B19F8083008F1B0
:106ED00001081F2B11D913F0800F18BF3F2302F8B0
:106EE000013B9442F1D12B78132B08D80A2304F8E4
:106EF000013B2B7801332B70CEE71446F3E70023D8
:106F000023702B703B7801333B70C5E73B78FEF76D
:106F1000CCBD0021254B29200091DFF88880F8F7AF
:106F2000EAFA4FF02509044698F8DC600021DFF802
:106F300080A0DFF880B0DAE600297EF493AD064B3E
:106F4000224608460091FFF7AABABAF1000F7EF474
:106F50009BAEFFF764B800BF1845002070192020D1
:106F6000A1EA0020E8E9002095540020EEE9002085
:106F7000C2F80020C5F80020E14F0020917B0020DE
:106F80005DEB0020C6F8002028500020B2540020FD
:106F9000927B0020937B00205A500020E087002045
:106FA0007C500020B8E404205A720020C95400200C
:106FB00095EB0420707A0020F0B51F460B78C7B01F
:106FC00004460D461646002B3CD00B46204A4FF493
:106FD000807106A811F0EAFAFF2806AA01A8C8BF26
:106FE00000231C49C8BF8DF817310023F4F7E0FBDC
:106FF00005980FF05EF910B305980FF039F9D8B97C
:107000002846FBF70BFB30702FB14FF4807206A9B6
:10701000284611F0B7FA00234FF47A7201A82373BF
:10702000C4E901320C4A2260059A05932261F4F703
:107030000DFC204647B0F0BD01A8F4F79FFC01A865
:10704000F4F704FC002320463370F4F774FBF0E7F8
:10705000DE540020381701202C07002010B586B020
:1070600004460023114A01A81149F4F7A1FB059831
:107070000FF01FF9B0B105980FF0FAF878B94FF496
:107080007A7360602073A3600A4B2360059B0590B0
:10709000236101A8F4F7DAFB204606B010BD01A871
:1070A000F4F76CFC2046F4F746FBF2E7777A002011
:1070B000381701202C07002030B5044687B0D0F8DF
:1070C00018040FF0F6F870B104F581652846F4F75E
:1070D00055FC01A8F4F72FFB284601A90FF0DDF8B5
:1070E00001A8F4F7B3FB00234FF6FF7284F82035B4
:1070F000A4F85C27C4F86037C4F86437C4F868376C
:1071000007B030BDCA4B1B782DE9F04F0746ADF5EF
:10711000057D03F0FF04002B40F070820F2800F281
:107120006D82C44B93F8F83F5A1EDDB2534253416F
:10713000C14A0F28137017D1C04B2046DFF84CC34B
:1071400021461E784FF0FF08BD4B4FF001099CF817
:10715000DCE006F00706B3F800B0BA4B82B2934504
:1071600000F20882B84B1970FBF70CFFF8F714F91E
:10717000B64B1B7813B9B64B1B780BB10BF06CFFF9
:10718000B44B1B780BB10CF02DF8B348F4F7F6FBB9
:10719000B248FFF791FFB248FFF78EFFF6F764F8A9
:1071A000B049B148F5F747FA002800F01B82AF4913
:1071B000AD48F5F740FA30B9AC49AD48F4F788F876
:1071C000002800F016824FF48071A84BA94A44A809
:1071D000009711F0EBF944A9A348F5F72CFA30B960
:1071E00044A9A348F4F774F8002800F00282A24BE7
:1071F0004FF48071A14A04A8A14C009344AB11F054
:10720000D5F9022304AA9A4944A8F4F7D1FA44A96B
:1072100020460FF042F844A8F4F718FB20690FF05D
:1072200048F8002800F0E581964D0021532245A83A
:1072300005F50056449196F8FA4496F8FB34E4B20A
:1072400096F8FC94DBB296F8FDA496F8F6845FFA03
:1072500089F996F8F7B45FFA8AFA03930FF0D2FC33
:10726000039B5FFA88F85FFA8BFB0DF59B7044EA8D
:10727000032448EA0B28203449EA0A2908F10208C5
:10728000C4F30C04ADF8188104F11703DFF8A881EA
:10729000C3F30C032B4403F500531B788DF8103116
:1072A00004F11603C3F30C032B4403F500531B78BE
:1072B0008DF8113104F10C03C3F30C032B4403F5D7
:1072C00000531B788DF8123104F10D03C3F30C0346
:1072D0002B4403F500531B788DF8133104F114038C
:1072E000C3F30C032B4403F500531B788DF81431C2
:1072F00004F11503C3F30C032B4403F500531B786F
:107300008DF8153104F11303C3F30C032B4403F57B
:1073100000531B788DF81A3104F11103C3F30C03E9
:107320002B4403F500531A78574BD2B21B788DF8D3
:107330001B215B0003F00E0343EAD2138DF81C31CE
:1073400004F10E03C3F30C032B4403F500531B7825
:107350008DF81D3104F10F03C3F30C032B4403F527
:1073600000531B788DF81E31231DC3F30C032B44EF
:1073700003F500531B788DF81F31631DC3F30C0315
:107380002B4403F500531B788DF82031A31DC3F364
:107390000C032B4403F500531B788DF82131E31DBA
:1073A000C3F30C032B4403F500531B788DF82231F3
:1073B00004F10803C3F30C032B4403F500531B78BB
:1073C000ADF830918DF8233104F10903C3F30C03B8
:1073D0002B4403F500531B788DF8243104F10B0383
:1073E000C3F30C032B4403F500531B788DF82531B0
:1073F00004F10A03C3F30C032B4403F500531B7879
:107400008DF826312B1903F500531B788DF82731A1
:10741000631CC3F30C032B4403F500531B788DF856
:107420002831A31CC3F30C032B4403F500532FE0B6
:1074300004F900207019202041820020A1EA0020D8
:107440004482002080A12620388200205DEB0020AD
:10745000C6F80020A6EA002038FD002030080120F0
:10746000B00F0120035500203C170120DF4700200A
:10747000381701200D5500200E4900201F3F002025
:10748000986500207009202009F90020B8E4042044
:107490001B788DF82931E31C1234C3F30C03C4F3B9
:1074A0000C042B442C4403F5005304F500541B78C2
:1074B0008DF82A312378C3F380038DF82B318DF8B2
:1074C0002C3196F8FE3403F0010301338DF82D3191
:1074D00037238DF82E3198F800309B008DF832312B
:1074E000504B1B788DF833314F4B1B6843F300131F
:1074F0008DF834314D4B1B788DF8363196F8FA34CF
:1075000096F8FB2443EA0223C3F30C035A1C2133ED
:10751000A918023201F500519342097800F8011FC1
:10752000F6D1434B434E1B7830698DF866310EF02F
:10753000C0FE414D0446002864D0572244A930467D
:10754000F2F7DFFE57285DD101233C4A2F701370FC
:1075500000233B4A13703B4A137098F800303A4AB4
:1075600003331169DBB253541369013303F00F0382
:1075700013612CE0DA78724520D20CEBD20A02F0CB
:1075800007029AF8DDA04AFA02FA1AF0010F15D0A4
:107590005A79B3F800A0072A13D91AF4004F1DD066
:1075A000BAF5404F1CD3012D0CBF324600221A7190
:1075B00009FA02F283F806800A43D1B20130083397
:1075C000CCE5012D08D0214900200CF04BF82046D5
:1075D0000DF5057DBDE8F08F52B2E8E70522E6E73C
:1075E0000222E4E71A491B48F3F772FE00287FF4F1
:1075F000DEAD3A46184900200CF034F80024FAF7C2
:1076000017FFE4E72A78002014490CF02BF809480A
:10761000F4F7B4F90023094A04A90E481370F3F7EC
:1076200031FEE6E7A1EA0020C0640020ECEB002078
:107630005CEB0020986500204282002004F90020C5
:107640004082002006F90020C4010120E7540020F8
:107650000355002038170120315500201355002014
:107660002DE9F0410E46CAB00446114630460AAA3A
:10767000FAF777F830B92046F4F75DF820464AB0BB
:10768000BDE8F0810025234F4FF47A7396F82185E9
:1076900000978DF80C500495CDE90153B8F1000F17
:1076A0002ED10AAA1C49022305A8F4F781F8099BE8
:1076B00005A8CDF824800493F4F7C8F804980EF0D8
:1076C000F8FD034670B90122134905A886F8212563
:1076D0000AAAF4F76DF805A968460EF0DEFD05A8C4
:1076E000F4F7B4F800234FF47A72684627602373E6
:1076F000C4E90132049A04932261F4F7A7F8BDE7C4
:107700002B460AAA044905A8F4F752F8099B0995E3
:107710000493E4E72C070020381701202DE9F047F7
:107720000446CAB00E46FFF7C7FCD4F8540720B190
:1077300010F052FB0023C4F854370023C4F870370C
:10774000C4F85837C4F86C37C4F85037C4F81C353F
:1077500084F8213526B1304610F003FFFF2806D902
:10776000002584F81C5428464AB0BDE8F08704F28E
:107770001C453146284610F062FC284610F0F1FE08
:107780002B189D4209D1FB28C4F81C050FD90025F0
:1077900084F81C54C4F81C55E5E713F8012D2F2A72
:1077A000F1D05C2AEFD02E2AEBD1581BEBE704F581
:1077B0008168002221460AA8FFF752FF0AA9404625
:1077C0000EF06BFD0AA8F4F741F8D4F818040EF097
:1077D00070FD00287AD000250123102201A9D4F8D9
:1077E000180484F82035A4F85C57C4F86057C4F82E
:1077F00068570EF0D3FD0F2865D90622644901A809
:1078000011F09EFC08B9BDF80D50D4F81804C4F866
:1078100050570EF03BFDD4F85037984271F10001FB
:1078200051D3D4F818040EF031FDD4F85037C71AEC
:1078300061F10009B7F5007F79F1000343D301211D
:107840002046FAF751FE68BB0125681C80B2800013
:1078500010F0BAFAC4F8540790B300237A0AA4F8D7
:107860005857036042EAC9524FEA59232046F9F7B4
:10787000EBFE054638B30126DFF8189170E0B5F548
:10788000FA7F2E4636BF6B0040F2E7339BB21D46AF
:1078900029462046FAF728FE48B15545EFD1013573
:1078A000ADB2D2E70225012640F2E73AF0E7013611
:1078B000B6B2B5421CD8013EB5B2B5F57A7FEED36B
:1078C0000023A4F858374046F4F758F80025D4F8B8
:1078D000540784F8205584F81C54C4F81C5518B17A
:1078E00010F07AFAC4F85457A4F8585700253AE72C
:1078F000A5EB060A204606EB6A0A1FFA8AFA5146E9
:10790000FAF7F2FD20B10AF1010A1FFA8AF6AA4637
:107910005546CEE70AAA31462046F9F722FF38B38A
:1079200005A800230AAA4946F3F742FF09980EF07A
:10793000C0FCD0B109980EF0A9FC074605A88846FE
:10794000F4F71CF820467A0A4FEA582342EAC85254
:10795000F9F77AFE48B1013605A8F3F777FFB6B21A
:10796000B4F85837B342D5D802E005A8F3F76EFF54
:10797000D4F85427D2E900239B1AC4F86437D4F80A
:107980005037C4F86837D4F87037C4F86C37EAE673
:1079900050550020381701202DE9F0410E46D0F84F
:1079A000541788B0044600294AD0D0F870379E4258
:1079B00046D290F82035B0F85C576BB14FF6FF73A4
:1079C0009D4209D0D0F860379E4205D3F31AD0F813
:1079D00064279342C0F08380B4F85A27AA420CD996
:1079E000D4F86077BE4207D3D4F864373B449E4254
:1079F0003CD36B1C9BB201E02A4600239A4203D879
:107A0000002384F820351BE0D51A03EB6505ADB2E1
:107A100051F82570A800BE4202D30B185B68E6E758
:107A20002A46EBE7002358E04FF6FF7384F8200561
:107A3000C4F86007A4F85C37C4F86407C4F86807A2
:107A4000002010E0D4F860270023D4F86817B21A99
:107A5000D4F81804009301EB42220EF02FFC00280A
:107A6000EED0C4F86C6708B0BDE8F081D4F8180413
:107A700004F581680EF01DFC10B14046F3F77EFF5F
:107A80002A46214603A8FFF7EBFD03A940460EF066
:107A900004FC03A8F3F7DAFED4F87037D4F818041E
:107AA000C4F86C370EF005FC0028BDD001236A1C19
:107AB000C4F8607784F82035D4F85437A4F85C57BC
:107AC00003EB820153F8223051F8042C9B1AC4F8BE
:107AD0006437002DA6D1D4F85037C4F86837D4F8ED
:107AE0006C379E42AED10120BDE790F825252DE9E7
:107AF000F041044686B090F8243552B10022292B7B
:107B000080F825250CD180F82225D4F80034E254E1
:107B1000ECE0182B2ED8072B04D8002B00F0E080C7
:107B20000023D8E0083B102BFAD801A252F823F02A
:107B3000A55401000B550100B7550100C9520100C1
:107B4000C9520100C9520100C9520100C9520100C5
:107B50002556010075530100C9520100C9520100A8
:107B6000C9520100C9520100C9520100C9520100A5
:107B700031540100372B00F08A813A2BD0D1D0F854
:107B8000003490F82215C154C021D0F800340133DC
:107B9000C3F30903C0F80034D0F80034C154FF2106
:107BA000D0F800340133C3F30903C0F80034D0F82F
:107BB0000034C1548021D0F800340133C3F30903E9
:107BC000C0F80034D0F80034C15455E0D0F828157E
:107BD000D0F8703799425DD2FFF7DEFE002859D009
:107BE000D4F8003404F5A86194F822250191E254F8
:107BF000FF22D4F800340133C3F30903C4F800347E
:107C0000D4F80034E2544FF40072D4F80034D4F8BD
:107C100018040133C3F30903C4F800340EF0BEFBAB
:107C2000D4F80054D4F86C37FE22013501990133A1
:107C3000C5F30905C4F86C3705F50076D4F80034AF
:107C40006019C6F30906E254B54202D84FF4007237
:107C50000AE0C5F5806701913A460FF071F9019984
:107C6000A5F50072204639440FF06AF9C4F80064A3
:107C7000D4F800340022E254D4F800340133C3F3C2
:107C80000903C4F8003440E7D0F82815D0F870375D
:107C9000994204D394F8223543F0400323E0FFF7E0
:107CA0007BFE0028F6D0D4F8003494F82225E25464
:107CB000FF22D4F800340133C3F30903C4F80034BD
:107CC000D4F80034E254D4F800340133C3F3090388
:107CD000C4F80034082384F8233506B0BDE8F081E9
:107CE000012380F82235D4F80024A354D4F80034BA
:107CF0000133C3F30903C4F8003411E7D0F80034AA
:107D000090F82225C254D0F800340133C3F309039C
:107D1000C0F80034D0F82835D0F80024190E81546A
:107D2000C3F30741D0F800240132C2F30902C0F8BE
:107D30000024D0F800248154C3F30721D0F8002494
:107D4000DBB20132C2F30902C0F80024D0F80024EB
:107D50008154D0F800240132C2F30902C0F8002493
:107D6000C1E74E4B02AA03F1100716461868083304
:107D700053F8041C1546BB4203C52A46F6D1D4F875
:107D80007037B3F5806F2ABF9B0A002303F1FF33DE
:107D90001A0C5BBA8DF80F20ADF8103094F822253C
:107DA000D4F80034E254FE22D4F800340133C3F393
:107DB0000903C4F80034D4F80054D4F80034013571
:107DC000E254C5F3090505F110076019C7F3090767
:107DD000BD420DD9C5F58068314642460FF0B0F876
:107DE000A5F57C7206EB080120460FF0A9F80BE020
:107DF000034606AD3246083303CAAA4243F8080CCC
:107E000043F8041C1646F5D1C4F8007430E7244B3F
:107E100002AA03F1100716461868083353F8041C29
:107E20001546BB4203C52A46F6D1D4F8003494F86F
:107E30002225E254FE22D4F800340133C3F30903AF
:107E4000C4F80034D4F80054D4F800340135E254B6
:107E5000C5F3090505F110076019C7F30907BD420D
:107E6000B8D8034606AD3246083303CAAA4243F8DF
:107E7000080C43F8041C1646F5D1C5E7D0F82825B0
:107E800090F82235B2F5007F7FF406AF2BE701238F
:107E900090F8222580F8253537E600BFDC2C00203D
:107EA00057550020407D7047826803460069C2F341
:107EB000080210B48154586801EB70015960996848
:107EC0000131996040F2FF118A420AD1D8681968DD
:107ED0000268546A4A1C1A601A6923465DF8044B0A
:107EE000184701205DF8044B70472DE9F041054625
:107EF0000C461F465618B44201D101200CE02B68F5
:107F000020460699D3F82480B847214602462846E1
:107F10000134C0470028EED1BDE8F0812DE9F843D7
:107F2000089D06460C46174603EB0108444502D15E
:107F30000120BDE8F88333683A46214630461B6984
:107F400004F1010998470028F3D02046099A3946E0
:107F50004C46A847EAE71368B3F5807F30B51C4666
:107F600028BF4FF4807401EB4405A94202D31B1BC8
:107F7000136030BD31F8020B0028F6D15068013093
:107F80005060F2E71368802B30B51C4628BF802470
:107F900001EB8405A94202D31B1B136030BD51F8CD
:107FA000040B0028F6D1506801305060F2E70378E6
:107FB00013F0C00319D18279C37902F00302817AE8
:107FC0009B0043EA8223027A43EA9213427A02F048
:107FD00003020133520042EAD112417901F00F014C
:107FE0000A44073A03FA02F07047402B0BD1437A58
:107FF000C279013302F03F0203EB0243027A03EB42
:1080000002208002704700207047007D70471FB536
:1080100003686946DB6C984710B16846FFF7C7FFF5
:1080200005B05DF804FB036810B45C690123A44645
:108030005DF8044B604738B5036804460D461B6A7B
:10804000984700B1257738BD2DE9F0411E46C37C25
:1080500004460D46022B174602D183698B4209D094
:108060002368294620461B6E984710B90020BDE8BA
:10807000F081A5610025AE4207EB45210BD1A36934
:10808000207F3344A3610028F1D1236820465B6E32
:10809000BDE8F041184723682046DB6D984700286B
:1080A000E4D00135E7E72DE9F0471F46C37C0446DD
:1080B0000D46022B1646DDF8209002D183698B42D3
:1080C00009D02368294620461B6E984710B9002026
:1080D000BDE8F087A56105EB060845450BD1A3690E
:1080E000207F3344A3610028F2D1236820465B6ED1
:1080F000BDE8F047184749462846B8472368014677
:108100002046DB6D013598470028E6D1DFE7074BB5
:108110000020074A9863196B116011681963996C04
:1081200021F0810199641071704700BF00002C405C
:1081300050DC0420024B586A00F00100704700BF79
:1081400000002C40034B04481B6B1840B0FA80F031
:108150004009704700002C4001000F00034B586A93
:1081600080F08070C0F30060704700BF00002C40BA
:10817000014B1879704700BF50DC0420034B586A4C
:1081800080F40060C0F3C020704700BF00002C40A6
:10819000034B586A80F48060C0F38020704700BFB2
:1081A00000002C40034B04481B6B1840B0FA80F0D1
:1081B0004009704700002C4002007F11014B1878E5
:1081C000704700BF11660020014B1868704700BF60
:1081D00050DC0420054B03F1100253F8040B9342CA
:1081E00041F8040BF9D10120704700BFF0E40420EE
:1081F000054B03F1100253F8040B934241F8040BB2
:10820000F9D10120704700BFE0E40420024B0120B7
:108210001B680B60704700BFD8E404200048C6E626
:10822000E0E40420044B1B7823B1044B187802309F
:10823000C0B2704701207047D2E40420D1E404208A
:1082400037B502AB03E90600C27C0B46002A39D0E1
:1082500072B6C27CD10708D54FF0E0244569D4F846
:10826000801129408162C4F88011950708D54FF02C
:10827000E0248569D4F884112940C162C4F88411CE
:10828000540708D54FF0E024C569D4F88811294077
:108290000163C4F88811110708D54FF0E024056A7E
:1082A000D4F88C1129404163C4F88C11D20608D54A
:1082B0004FF0E021446AD1F8902122408263C1F856
:1082C000902162B68268934226D01C4A83609269EC
:1082D0001B49C2F30114C2F3826251F824400132F7
:1082E000B4FBF2F12BB38B420BD8B1FBF3F2B1FB31
:1082F000F2F18B4200D20132B2F5817F03D2022A21
:1083000003D8002302E040F20112931E59080A0428
:1083100042EA01221343C360036800221A61032268
:108320005A62C2681A64019A1A6601221A6103B07D
:1083300030BD9442EAD30A46DDE700BF00C00F40DB
:10834000EC2C0020C37C13B3D90704D5816A4FF00D
:10835000E022C2F800119A0704D5C16A4FF0E0226A
:10836000C2F80411590704D5016B4FF0E022C2F89E
:1083700008111A0704D5416B4FF0E022C2F80C1126
:10838000DB0604D5826B4FF0E023C3F81021704761
:108390000368FF221B685A66DA6D12F4F81FFBD0DF
:1083A000586FC0B2704738B5084D041D2B6819448A
:1083B00089B22046FFF7ECFFFF2801D1012038BD2C
:1083C0002B68CB1A1B04F4D50020F8E73872002084
:1083D00000231370014B9B68184700BF50DC04203A
:1083E000B1F5807F30B52FD810294FF020042DD95A
:1083F00020292DD980292DD9B1F5FC7F2CD9B1F5B3
:108400007C7F2BD9B1F5FC6F2AD9B1F57C6F94BF75
:108410008023FF2313FB04F3B2FBF3F1B1F5806F6C
:1084200020D203FB1123B2FBF4F5B3FBF4F304FBFE
:108430001522DBB20132D2B203708B08817023F0B7
:108440003F031A43427030BD3F24D3E70223E1E7E4
:108450000423DFE70823DDE71023DBE72023D9E748
:108460004023D7E73F22FE2340F2FF31E4E770B517
:10847000046840F2012525611C46A9B111F8015B91
:108480000668013B756605682E6FB60704D46D6FEC
:108490000AB102F8015B013C05686D69ED07F2D590
:1084A000002BEAD11CB970BD90F83C50E8E7036896
:1084B000196F8907F6D45B6F0AB102F8013B013CE2
:1084C000F0E7002070477047002070470020704799
:1084D0000120704710B5046889682468A0474000EF
:1084E00000F0FE0010BD70B50A46044603699968A5
:1084F000490639D54021966803F134059160116829
:10850000196051685960D168D96011691961516960
:10851000596191699961D1699C62D961D16AD962C5
:10852000116B1963D2E90D0185E80300D16BD963A2
:1085300019460868012819D10A6019461060002000
:108540000D68AA4214D1002248620A6294F83420CD
:1085500012F0FD0F0E4A13D1D068586270B9136142
:10856000D16001209E6070BD1B68C0E70968E0E72C
:108570000D68C1E9085008462946E1E70362EFE7C4
:108580005069586210B993615161EAE70362FBE7F1
:1085900050DC0420826812F0FC0F08B507D11204E9
:1085A00003D5836ADB6B03B19847012000E000200C
:1085B00008BDD0E908231BB11A6222B1536270478B
:1085C00002490A61F9E7014AD360704750DC042090
:1085D000D0E908231BB11A6222B1536270470349E4
:1085E0008A61F9E7014A5361704700BF50DC0420FB
:1085F000C36B014670B4D3B1C56A03F55D7403F56E
:108600005970012250F8046FB5420BD193F87803EA
:1086100020EA020283F87823586940B1036870BCED
:108620009B6818475200A042D2B2EBD1F4E770BC6D
:108630007047F8B5044600F1100500F12806002740
:1086400055F8040F20B10368A168DB6998472F60D3
:10865000B542F5D1F8BD406910B103681B6A1847EF
:108660007047A0F10C0006F033B97047A0F10C0080
:1086700006F03EB9A0F10C0006F0B6B90120704733
:10868000704700220023C0E95223C0E954237047F9
:10869000A0F1180006F0B1B9A0F1180006F0B4B9C5
:1086A000A0F1180006F0B3B9A0F1180006F0B2B9B5
:1086B000A0F1180006F0B1B98B78834210D0CB78C6
:1086C00083420DD00B7983420AD04B79834207D085
:1086D0008B79834204D0CB791B1A5842584170479A
:1086E0000120704712F0400FF0B5274D18D000243C
:1086F00005F1100604EB44039F5D97421BD190F8EF
:1087000060202B4412F0010F01D0987CF0BD5A7C00
:1087100093F91130002B01DB90B2F7E702F07F02F2
:1087200000231A4C14F81360964208D105EB43035A
:1087300093F84100EAE70134102CDBD1F0E7013374
:10874000192BEFD154061DD490F8603011F0220F90
:108750004FF0000018BF42F040029B070C4B48BF8F
:1087600082F0400213F8014B944208D180B211F01C
:10877000110F0ABF203000F01F0080B2C6E70130A1
:108780006028EFD10020C1E7EC2C00202C2D002028
:108790005E2D002090F88030013BDBB280F8803005
:1087A00023B98360C0F8943080F881307047436704
:1087B000009B83670223C367012380F88230002374
:1087C000C0E91B1280F883307047A0F10C0006F05E
:1087D0002DB9A0F10C0006F04BB9A0F10C0006F089
:1087E0004EB9A0F10C0006F04DB9A0F10C0006F056
:1087F0004CB90023C360704770477047024BD8697B
:1088000008B10268DA61704750DC0420024BDA6973
:10881000D8610260704700BF50DC04202DE9F843A6
:10882000CF8880460D461646B7F5804F99460AD840
:10883000FFF7E4FF014630B1FFF7E0FF044628B937
:108840000846FFF7E3FF0020BDE8F883002F64D05F
:10885000FFF7D4FF20B90846FFF7D8FF2046F0E71E
:1088600095F800C001234FEADC1C43604FEA0C235B
:108870008CF0010C43EA074343F0004343F08003CC
:10888000836026F47F63C66023F00F0303F58052F4
:10889000026103F50052426103F5405203F5804343
:1088A0008261D8F80020C3610860046082620122FE
:1088B0001C4B4A608B6025F47F63CD6023F00F036F
:1088C00003F58050086103F50050486103F54050FE
:1088D00003F580438861CB61134B626043EA0C234C
:1088E000D8F800002763A3600023E3604FF48053AF
:1088F00023614FF4005363614FF44053A3614FF47D
:108900008043E3612B6863636B682260C4E90A06F5
:10891000C4E90E39BDE8F843E5E54FF0010C086005
:10892000C5E700BF800208008080008030B4037E6D
:10893000092B6BD8DFE803F005112B313A474C5176
:10894000575F334B33490B624FF400234B6201F105
:1089500030020023203130BC60E72E492E4B91F8C5
:1089600030281C6801322346802A28BF01224BB9D7
:1089700081F83028120442F4A062C1E908231A46A3
:108980002649E8E75D7DAA42ECD09B68EFE7204BE3
:1089900020490B624FF49013D8E7214B1D490B621D
:1089A000204B4B6201F134020023D3E71949438C79
:1089B00091F830401A4A43F0FF6342EA044243F41C
:1089C00080230A62EDE71349438C91F83140F1E7C7
:1089D0001049438C91F83240ECE7134B0D490B6280
:1089E0004FF41023B2E70B490F4A4B8E0A62A1F8ED
:1089F00032381B04AAE7074991F835301B0443F4C9
:108A000010630B6200231A464B62A3E730BC704729
:108A10008006000150DC04204882002070DC042025
:108A2000800600030000FC0780060002836A186BC2
:108A300090F824300133DBB2182B80F8243000D8B2
:108A400074E7024B002283F83428704750DC04207E
:108A500038B5044671B190F8B6338B420AD301237E
:108A600090F8B92303FA01F52AB190F8C3332B43E8
:108A700084F8C33338BD80F8B933074BC0E9DC3123
:108A8000034600F55C718068FFF7C8FE94F8C333B5
:108A900023EA0503ECE700BF2303080038B590F88C
:108AA000B63304468B420AD3012390F8B92303FA64
:108AB00001F52AB190F8C4332B4384F8C43338BD90
:108AC000002980F8B93341F4802100F5677214BFA2
:108AD000A323A023C0F8741300F55C71C0F87033B1
:108AE00003468068FFF79AFE94F8C43323EA05032F
:108AF000E3E738B5044671B190F8B6338B420AD338
:108B0000012390F8B92303FA01F52AB190F8C5338F
:108B10002B4384F8C53338BD80F8B933064BC0E920
:108B2000DC31034600F55C718068FFF777FE94F84E
:108B3000C53323EA0503ECE72301100038B50446EA
:108B400071B190F8B6338B420AD3012390F8B92360
:108B500003FA01F52AB190F8C9332B4384F8C933DD
:108B600038BD80F8B933074BC0E9DC31034600F566
:108B70005C718068FFF752FE94F8C93323EA05035D
:108B8000ECE700BF2301140038B5044671B190F83A
:108B9000B6338B420AD3012390F8B92303FA01F5C7
:108BA0002AB190F8CA332B4384F8CA3338BD80F811
:108BB000B933074BC0E9DC31034600F55C718068CE
:108BC000FFF72CFE94F8CA3323EA0503ECE700BF55
:108BD0002303040038B51546826804460AB1AA4248
:108BE0002DD149B191F83120022A28D091F83000D6
:108BF000012801D1012A08D0124A934205D0124A15
:108C0000934219D1C4F898100EE0D4F894205AB9C0
:108C1000C4F8941041B140F62123C1E90D320B464E
:108C200034319868FFF7FAFD94F880300120A56090
:108C3000013384F8803038BD044A9342E2D00020EA
:108C4000F9E700BF0600010001000C0080000100F0
:108C5000F8B590F83430044613F0FD0F54D1036892
:108C600023F01F0398421CD1594BD3F8402122F026
:108C70002002C3F84021D3F8442112F40042FAD173
:108C8000C3F85821534B186948BB206930F01F03C3
:108C900040F099804F4BD3F83828C3F83848226009
:108CA000F8BD19681A4621F01F039C42F9D1636888
:108CB0001B0403D5536843F40043536023681360D7
:108CC000434BD3F8402142F04002C3F84021D3F88F
:108CD00044219706FBD52022C3F84421D2E7836ABA
:108CE000056AA34207D1FFF764FC236933F01F0232
:108CF00005D0984201D12846C6E71B68F6E798429E
:108D0000F9D0FFF783FDF6E73348202150F8043B04
:108D1000DE0706D423F01F039C4224D1236840F8C9
:108D2000043C0139F2D1236BB4F848001B7DB4F840
:108D30004A20022B94F84E6024D12849FF2A1CD9DE
:108D4000244B98690028A0D0836A056AA34207D102
:108D5000FFF73EFC236933F01F022FD098422BD13E
:108D60002846EFE713461A68D507DAD422F01F0227
:108D70009442F7D122681A60D3E78B5C9B1B8B541B
:108D80000244DBE7B4F84C30C700144D03EBC203D8
:108D900094F84F102B441F2AD2D81D780244AD1BE3
:108DA0001D709D786D1A9D70DD786D1ADD701D79CE
:108DB0006D1A1D713B44EEE71B68CCE79842CFD09B
:108DC000FFF724FDCCE70168FFF720FD08465DE7CB
:108DD00000022E4050DC0420008000208080002013
:108DE000F8B50546E0B1C46800271A4ECCB96C68E6
:108DF00024BB2868FFF72CFF17490B6883B1AB42EF
:108E00009A6823D104BB0A601A692AB11149D1F8C2
:108E100040081060C1F84028104A116819601360BA
:108E2000F8BD236820461B6998476368D6F83C283C
:108E3000A7606260C6F83C481C46D7E7A66B204690
:108E4000FFF706FF3446D3E7A260DDE71C46134672
:108E5000D4E700BF50DC042048820020BC7B002007
:108E600010B5446863681A6811685A6811421AD0CC
:108E70002268002111610521227C1344187C07F02F
:108E800011FF627C63680521134493F8240007F006
:108E900009FF6368A27C05211344BDE8104093F8E4
:108EA000380007F0FFBE10BD38B5857C044675B9A3
:108EB000D0E902124068FFF7C3F92946207C07F089
:108EC000A1FEFF2160680DF045F90123A37438BDB0
:108ED00003682DE9F3411B6A044601920D46984749
:108EE00000283AD0A37C13B92046FFF7DDFF0C2DF4
:108EF0002AD1606845F04001271D032600900DF13E
:108F000004080DF027F9009818F80610013E0090AB
:108F10000DF020F9721C0098F6D1002D0CBF9521A0
:108F200087210DF017F90A213846FFF731FA384644
:108F3000FFF72EFA0306207503D5013989B20029FF
:108F4000F5D102B0BDE8F0814FF496712046FFF7ED
:108F50002AFA0028CDD1002DCBD0FF20F1E7837C69
:108F600013B504466BB10121007C07F04BFE60682D
:108F7000FF2101900DF0EEF80198FFF7E3F90023CF
:108F8000A37402B010BD7FB503680E46694604465F
:108F9000DB6C1546984780B19DF80A305A0611D40B
:108FA00003F03F039DF80B205B0043EAD2136A1CD9
:108FB0003243134206D02723637420460025FFF76F
:108FC000CEFF26E0637D20212046032B1CBF7602C6
:108FD0006D023246FFF77CFF08B12623ECE72A46F4
:108FE00021212046FFF774FF02460028F5D12621F3
:108FF0002046FFF76DFF0028EFD142F210712046A6
:10900000FFF7D1F9054608B92823D5E72046FFF731
:10901000A6FF284604B070BD70B5C37C0446012B82
:1090200010D0867C0EB9FFF73FFF201DFFF7B0F987
:10903000B0F1FF0518BF012516B92046FFF78FFFD5
:10904000284670BD0025FBE7F7B5194F04461346C7
:10905000061D3D6805F59675ADB230460193FFF7E4
:1090600097F9FF28019B207514D0FE281DD1606858
:10907000FF2280F83C200A460021FFF7F8F9002380
:1090800030462375FFF784F93046FFF781F9012058
:1090900003B0F0BD3A68AA1A1204DED51D2320469B
:1090A0006374FFF75CFF0020F2E71823F7E700BFC7
:1090B0003872002070B500220D463A210446FFF7B1
:1090C00007FF30B1122320466374FFF748FF0020EA
:1090D00070BD291D261D3046FFF75AF901F8010D14
:1090E000A942F8D12046FFF73AFF0120F0E70368D4
:1090F00070B59B6D0D4604461646984703284FF001
:109100001101204618BF6D022A46FFF7E1FE30B17B
:109110000B23637420460025FFF721FF0BE04FF47B
:10912000007231462046FFF78FFF05460028F1D038
:109130002046FFF714FF284670BD38B503680D467A
:1091400004469B6D984703284FF01201204618BF34
:109150006D022A46FFF7BCFE30B10C232046637433
:10916000FFF7FDFE002038BD0120E074FBE738B5B5
:1091700000240C2105462246C474FFF7A9FE30B135
:10918000092328466B74FFF7EAFE204638BD2846BF
:10919000FFF7E5FE0120F9E7F8B5044617461E463D
:1091A000FFF7CBFF88B90020F8BD4FF400722046CE
:1091B000FFF74AFF0028F6D00135AE4207EB452104
:1091C000F3D12046BDE8F840D1E70025F5E72DE9C9
:1091D000F84306460C4617461D46DDE90889FFF7A9
:1091E000ACFF98B12544AC4203D13046BDE8F8430A
:1091F000BDE74FF4007239463046FFF725FF28B12E
:1092000020464A4639460134C047ECE70020BDE815
:10921000F883C27C022A02D103685B6E1847012AD8
:1092200000D1A4E701207047F8B51E46C37C044670
:109230000D46012B174602D183698B4207D0294680
:109240002046FFF77AFF08B90020F8BDA561002588
:10925000B54207EB452109D1A369207F2B44A361C7
:109260000028F2D12046BDE8F84080E74FF40072B4
:109270002046FFF7E9FE0028E6D00135E8E72DE9B2
:10928000F0471E46C37C04460D46012B1746DDE918
:10929000089A02D183698B4208D029462046FFF7FD
:1092A0004CFF10B90020BDE8F087A56105EB06086A
:1092B000454509D1A369207F3344A3610028F2D139
:1092C0002046BDE8F04752E74FF400723946204689
:1092D000FFF7BAFE0028E5D0284652463946013548
:1092E000C847E5E737B515460446406801900CF0DD
:1092F00031FF294625464FF4007300220198FFF7FD
:10930000B6F855F8040FFF2101900CF023FF0198E7
:10931000FF210CF01FFF2846FFF73AF8207500F0F8
:109320001F00052807D0202320466374FFF717FE8F
:10933000002003B030BD0120FBE713B501914FF4CD
:1093400016710446FFF72FF8019A30B9242363748D
:109350002046FFF704FE002005E0FC212046FFF731
:10936000C1FF0028F4D002B010BD036870B59B6D3A
:109370000D4604461646984703284FF0180120462C
:1093800018BF6D022A46FFF7A3FD30B10D236374A9
:1093900020460025FFF7E3FD0AE03246FE21204685
:1093A000FFF7A0FF05460028F2D02046FFF7D7FDC3
:1093B000284670BD10B4047F34B103689C6A012351
:1093C000A4465DF8044B60475DF8044BCDE72DE9FA
:1093D000F0411E460368044617461B6E9847A8B91D
:1093E0002046FFF7BCFD0020BDE8F081DB6D204684
:1093F00098470028F4D00135B54207EB4521236892
:10940000F4D120465B6EBDE8F04118470025F3E734
:109410002DE9F0411F46036804460D461B6E1646B3
:10942000DDF81880984798B12E44B54205D12368DD
:1094300020465B6EBDE8F041184741462846B847D4
:10944000236801462046DB6D013598470028ECD1A2
:109450002046FFF784FD0020BDE8F08138B50368A1
:109460000D4604469B6D984703284FF0190120468E
:1094700018BF6D022A46FFF72BFD30B10E232046A0
:109480006374FFF76CFD002038BD02230120E374F4
:10949000FAE738B54FF416710446FEF784FF054627
:1094A00030B91E2320466374FFF759FD284638BDA6
:1094B000FD2160680CF04EFE2046FFF750FD0023B2
:1094C000E374F3E710B504460EF086FC204610BDA9
:1094D00010B504460EF080FC204610BD10B50446C1
:1094E0000EF07AFC204610BD10B504460EF074FC58
:1094F000204610BD0346104610B5DC68A14205D0D9
:1095000058680368BDE810401B6918474FF40072A3
:1095100003F110010DF014FD012010BD2DE9F04FF5
:1095200089B0054698460191A349139FD1F8384860
:10953000069264B123680493C1F83838FFF75EF9E6
:10954000064640B9049BC1F83848236000242046F1
:1095500009B0BDE8F08F6022002120460DF052FBDB
:109560003C220021301D0DF04DFB012240233260D2
:10957000B360019B2661032B2563626184F835800B
:1095800084F8343040F01E81129897428B4B394654
:1095900038BF11464343287D02284FEA134366D162
:1095A0000F2903F157034FF0000CDFF8149228BF86
:1095B0000F215B0901398A40B2F5807F104628BF30
:1095C0004FF48070C108012938BF0121A4F844106C
:1095D0004FF0FF318A46E0464FF0000E19F808B010
:1095E00080449B44DE4538BFDE46B8F1FF0FF5D915
:1095F000D64538BF61460CF1010C38BFF2466045D4
:10960000E9D1BAF1BB0F00F2CE80DBB20E46A4F86E
:109610004800A4F84A1084F84E30FF2E15D9012FC7
:1096200023D9022F18D101F0010255239340DBB258
:10963000C90884F836300023A4F8461084F837307F
:10964000069B002B40F0C080C6E019F806C09C4481
:1096500009F806C00644E0E7042AD9BF01F0030276
:10966000112301F007020123E0E7FF23E0E70520D3
:1096700042EA5207B94204D901384FEA4202F7D10F
:10968000202291B20791A4F84410B8F1000F0DD137
:1096900084335B090593022300934FF0FF310020D0
:1096A0000F4603910290DDF808E02AE066330221BC
:1096B0005B0905910093F0E718F801AB009B059951
:1096C00098F801908A4498F802C0994498F80310D9
:1096D0009C44CA4519441AD9E2451ED9514538BFA0
:1096E0005146039B994238BF58460BF1010B3CBFD2
:1096F00077460391BBF1040FDED19644BEF11F0FF4
:109700000FD82F4B4FF0000B03EBCE08D4E7E14509
:1097100003D9494538BF4946E3E7614538BF61464B
:10972000DFE70299013191420291BCD1039BBB2B2F
:1097300039D8079B00EBC70C2149BEB29DF814E055
:109740004FEAC208A4F8483061449DF80030A4F8FC
:109750004A60A4F84C0084F84EE084F84F301F2F84
:109760000AD90123A4F84660834084F836301C23CC
:10977000834084F8373063E791F800C01744F4441D
:1097800081F800C091F802C09C4481F802C091F8B1
:1097900003C09C4481F803C091F804C09C4481F844
:1097A00004C04144DBE73046FFF730F8049B2360F8
:1097B000014BC3F83848C9E650DC0420AB2A01004D
:1097C00080800020069B1BB16B68002B3ED16C6033
:1097D000019B2A7D002B3FD000210A46069B1B02DD
:1097E00043EA8133129943EA0143697D0B43297DA2
:1097F00043EA013343EAC26343F07043636094F881
:109800003630AA7D43EA024394F8372043EA022324
:10981000EA7D43EAC25343F08043A360019B33F0E7
:10982000020324D12E4B44F00201D3F85821D2B9BF
:10983000626842F4004262602160C3F85841D3F884
:10984000402142F02002C3F8402180E61A469B6B7B
:10985000002BFBD19463BBE7012A4FF001018CBFC1
:1098600000220122BAE71368236011606FE6019BB2
:10987000032B7FF46CAEB4F8440044F00206B4F855
:109880004610184D1F293FF662AE55F821208F0073
:10989000D3070AD402F0060E22F01F03BEF1020F16
:1098A000B3F844C00DD160450BD92260EE5101449C
:1098B000E8E79C42FBD01A68D20706D41B6823F065
:1098C0001F03B3F844208242F3D21A469442EED0EA
:1098D000126832F01F02F9D11A6822601E60E6E7B2
:1098E00000022E40008000202DE9F04F012A85B0B3
:1098F00004460F461D46DDF838C003D0002005B0F1
:10990000BDE8F08FBCF1180FF8D91B795A1E012A57
:10991000F4D869790329F1D16A7A082AEED9A87AAC
:109920002128EBD195F80EE0BEF1000FE6D006201D
:1099300011FB0E019142E1D102F10906B445DDD3DC
:10994000002105F10F0801EB410018F80090B9F172
:10995000220F58D12918487C097C41EA0021B4F82B
:109960003C078842A4F8BC10C8D3072111FB03614F
:109970008C45C3D3012BA95D49D10729BED12A4407
:10998000917A0529BAD1117B0329B7D1D07A567BB8
:1099900092F80EE092F80FC010F00F02AED000F077
:1099A000F0008028AAD146EA0E263846CDE9006CA0
:1099B000FFF7B4FD0023E0602361A685E368384625
:1099C0004E4A4F49DA630023B4F8BC20C4E905339A
:1099D000C4E90733C4E90933AB7884F83E37AB797F
:1099E00084F83030EB7984F83130AB78616304F17E
:1099F000340143EA024304F56672A3632346FEF78B
:109A00000DFF01207BE7013171459CD376E70729E3
:109A10007FF474AF2A44937A052B7FF46FAF137BE6
:109A2000032B7FF46BAF92F80BA0D37B1AF00F00DF
:109A3000567B92F80EC002933FF460AF137C072B65
:109A40007FF45CAF537C052B7FF458AFD17C0329A6
:109A50007FF454AF92F8128092F81490537D927D67
:109A6000039218F00F023FF449AF0AF0F00B46EAF8
:109A70000C2649EA0329BBF1800F1FD118F0F00A28
:109A80007FF43CAF029B024638460291CDE9006369
:109A90000123FFF743FD039BE060424602993846ED
:109AA000CDE900935346FFF739FDB3B21FFA89F6AB
:109AB000A385144B2061E685C3637FE7BBF1000FEC
:109AC0007FF41CAF08F0F008B8F1800F7FF416AFF8
:109AD000039B38460391CDE900930123FFF71EFD58
:109AE000029BE060524603993846CDE900635B462D
:109AF000B6B2FFF713FD1FFA89F3D9E71DB40100D1
:109B000081060022995D01002DE9F341254E804632
:109B10000F4615463468D4B1236828220021204618
:109B200033600DF06FF8E5750823002584F8148084
:109B3000A77520462A462946CDE900352B46FFF772
:109B4000EDFC206038B93368236034600446204659
:109B500002B0BDE8F081144AD2F8403833B1196838
:109B6000C2F840181D705D709D70DD7023610F4953
:109B70002368D9630E491964012182F834180D4A0B
:109B800083F83510136833B9146000232046237618
:109B9000FEF7CCFEDBE71A469B68002BFBD19460F6
:109BA000F3E700BFBC7B002050DC04207D7901007E
:109BB000D5610100488200202DE9F74F8F4CD4F881
:109BC00044617303C4F844612CD435033BD4B0071B
:109BD00005D58B4B4FF000091D69002D44D171074D
:109BE00000F18580F2010CD5864B1A78012A40F0ED
:109BF000C38002221A70D4F8843143F48073C4F80D
:109C00008431B30140F1E48000227D481546D0F84C
:109C1000483811469446002B40F0BF80002A40F09F
:109C2000C280D3E0764B1D69002DCED02846FEF7CA
:109C3000B1FCD5F8208020B12846FEF7BAFCFEF72B
:109C4000E5FD4546F0E76E4B9D69002DBFD02846E7
:109C5000FEF7A0FCD5F8208020B12846FEF7B8FC1E
:109C6000FEF7D4FD4546F0E7AB68D5F8208013F049
:109C7000800A21D113F07C0F1ED02846AB46FEF798
:109C800098FC4046C5E908AAD5F828A0B0B9DBF889
:109C90000030DBF80030CAF81030CAF80C00CAF8FF
:109CA0001800286AF0B9DAF8403013B12862284663
:109CB00098472846FEF7AAFD45468EE7836A026A62
:109CC0009A450DD10192FEF774FC019A404508BFF8
:109CD0009046C0E90899CBF8200083461046D5E7A6
:109CE0005846FAE7016AFEF791FD0846DAE7D4F82C
:109CF000845145F02A03AA07C4F8843111D515F020
:109D00000109404B2AD01A78012A0AD8012226F0EC
:109D100080761A703C4BC4F880304FF04043C4F852
:109D200084302B073FF55EAF364A1378022B7FF461
:109D300059AF68077FF556AF0321117042F21072D8
:109D4000C4F880204FF04042C4F88420D4F8842125
:109D500091057FF547AF2D4A536343E70222DFF8B1
:109D6000A08083F80090294BD8F844089A63FFF745
:109D700037F8C8F84498D4E7032A7FF442AF0422A6
:109D80001A700022D4F884011146C0F38160FFF7F5
:109D9000BBFE1B4BC3F8440833E75F6931B16B610D
:109DA000C3F814C027B9C0F848780FE01946F7E7A0
:109DB0003A69C7F818C0042A0DD9013A4FF0404358
:109DC000C0F84878C4F88820C4F88C30002461B901
:109DD00003B0BDE8F08F22B17D6915B12E6916443C
:109DE0002E611D4601223B4615E7C8684D69036890
:109DF000C1E905449B6898472946E8E700022E40E0
:109E000050DC042080810020A086010000A00D40CD
:109E1000F8B504460D4606980AB10020F8BD4A4937
:109E2000C4F854134949C4F83813A96921F07F4193
:109E300021F0FF01B1F5106FEFD1E97E0229ECD8D6
:109E400084F8B0230F2803F1100394F8B02324D82A
:109E5000002AE2D000211C2204F55F70C4F8BC1374
:109E600084F8B613C4F87813C4F8981384F8B913B7
:109E700084F8BA13C4F8BF130CF0C4FE344A4FF48C
:109E8000801304F55C712846C4E9DC23234604F5FD
:109E90006872FEF7C3FC0120C0E713F8101C092903
:109EA00044D113F80F1C042940D113F80C1C0129CC
:109EB0003CD113F80B1C092938D113F8096C022E78
:109EC00034D813F8071C072930D113F8061C0529CC
:109ED0002CD113F8051C01F0F001802926D113F8CC
:109EE000041C032922D113F8031C01291ED113F8E5
:109EF000021CD9B913F80D7C13F80E1CC2B984F8F2
:109F0000B11313F80D1C84F8B21313F8091C84F86C
:109F1000B31313F8051C01F00F0184F8B41313F800
:109F2000011C84F8B513013284F8B023103889E796
:109F300094F8B1C38C458DD194F8B313B142F2D2E9
:109F400084F8B273E1E700BF675500207D5500201B
:109F5000A006002970B5044600F55E76002594F849
:109F6000B633AB4219D800251C2204F55F70C4F843
:109F7000BC53294684F8B653C4F87853C4F89853B0
:109F800084F8B95384F8BA53C4F8BF530CF03AFEBE
:109F900084F8C353C4E9F15570BD56F8040F08B1F5
:109FA000FEF71EFF0135DAE7486810B50C4658B1D8
:109FB0000B894A8901339BB29A420B8104D8034929
:109FC000F2F7DFF900232381206810BD484E0020FE
:109FD0002DE9F0410C4F0546DFF83080C7F84C08FA
:109FE00006F0EEFD0646A847044628B900232046A1
:109FF000C7F84C38BDE8F08106F0E2FD801B404513
:10A00000F4D807F081FBEEE750DC042040420F005B
:10A0100008B50848FFF7DCFF50B9074B1A689207EC
:10A0200005D51A68054B1A420CBF0120002008BD57
:10A030000020FCE71959010050DC042000007F11CA
:10A04000F8B50546064F06F0BBFD0646A847044690
:10A0500020B106F0B5FD801BB842F7D92046F8BD07
:10A0600040420F0010B50F4C94F850380BB9012046
:10A0700010BD0D48FFF7E4FF002384F850380B4B68
:10A080001A6B226022681A6318B92268084B1A42B8
:10A09000EDD0084B1F2200201A7040F27A22064BA6
:10A0A0001A60E5E750DC04204D59010000002C4007
:10A0B00000007F1111660020D4E4042070B50C4626
:10A0C000FFF7D0FF0546D8B1194B5A6AD20507D41D
:10A0D0009A6A22F480329A629A6A42F400329A6250
:10A0E0009A6A144842F480329A62FFF7A9FF48B195
:10A0F000114B212200251A704FF47E720F4B1A600B
:10A10000284670BD04F50071094A536A5B05FCD509
:10A11000231F04F13C0053F8046F83421662FAD106
:10A1200040348C42F1D1064B012283F85028E7E7F6
:10A1300000002C403959010011660020D4E40420AD
:10A1400050DC04202DE9F0411C4D1D4BD5F8488012
:10A1500098F80460DE776A6C17791F771E772C6C8D
:10A16000B4B1B4F5004F08D3A4F5FF447F3C144BC1
:10A170002C64DE76DF76BDE8F081214610680BF0B6
:10A18000D6FF2146D8F8000000240BF0D0FFEEE700
:10A190002B680F22E86C21469A6540F20132DC619F
:10A1A0001A614FF47C525A610323224685F83D30F0
:10A1B0000368BDE8F0411B68184700BF1466002023
:10A1C00000800E40A0F10C0004F066BCA0F1180065
:10A1D00004F096BC2DE9F04F836A85B0C76B024648
:10A1E0001C6B3FB13B68014638465B6805B0BDE873
:10A1F000F04F1847237E84F82470092B00F2B880B2
:10A20000DFE803F00519244460666C727D862268DD
:10A210007249536891F8371023F0FF6323F4E02369
:10A2200043EA0143536001232046237605B0BDE88D
:10A23000F04FFEF77BBB694B2268598C6175536800
:10A2400023F07F030B4353600223EDE7634B93F846
:10A25000342093F83F00627693F8352093F840104D
:10A26000A27693F8362083F83210E2761A8F83F8BC
:10A270003100E2835A8F228493F83E2083F8302005
:10A280000243114314BF03230723CDE7534B93F835
:10A290003420032A26D993F83520032A22D1DA8ED6
:10A2A000628493F83020002A40F0948093F83120A3
:10A2B000002A40F0918093F83230002B0CBF072326
:10A2C0000623B1E7216900200BF0FDFE434BEDE7CB
:10A2D000216901200BF0F7FE404BECE721690220D9
:10A2E0000BF0F1FE07239FE73C4B5A8EB2F5006F4F
:10A2F00088BF4FF40062A3F83228082394E7374B55
:10A3000093F8372093F838302277637709238BE767
:10A31000324ED6F83C5806F13908B6F832187DB9F5
:10A320002F4F06F1390B7B180393039B5B451AD91A
:10A330009BF801209BF80090042A22D0CB44F4E73C
:10A34000AA68E2B92B680939284600912146D3F85A
:10A3500000904346C84788B16B6867B17B600023B3
:10A36000AC606B60E5600A232376002386F83438FE
:10A3700005B0BDE8F08FC6F83C38F0E72F466D68B1
:10A38000CBE7B9F1090FD9D1039B4FF00008D6F8FC
:10A390003C58A3EB0B0A002DD0D0AA68AAB92A68B2
:10A3A0002146CDF800A02846136801221F465B46CF
:10A3B000B84748B16A68B8F1000F08D0C8F804205F
:10A3C000E2686A60E560AC60A8466D68E3E7C6F8DD
:10A3D0003C28F5E7042327E7052325E750DC042084
:10A3E00080DC04202DE9F74F0E464169044619B17F
:10A3F000002003B0BDE8F08F81680029F8D1012A60
:10A40000F6D1F58B0A46378C5D480188A94262D1A6
:10A410004188B9425FD15B49062000FB021191F8E7
:10A42000D720002AE4D191F8D670002FE0D00C9903
:10A430001629DDD919790129DAD95979FF29D7D116
:10A4400084F89524A4F89624A4F898249A7A222AC9
:10A4500046D009254FF000084146C14694F895249E
:10A46000002A42D0B9F1000F3FD0B4F8963402F080
:10A470000F0201913046009303210123FFF74EF8AC
:10A48000C4F89C040028B3D0B4F898344A46032199
:10A49000304600930023CDF80480FFF73FF8C4F85E
:10A4A000A0040028A4D0D4F89C0404F2A441364BA4
:10A4B000B4F89624C363234607F04EFDD4F8A004F5
:10A4C000324B032FC3633FD123460522304907F0A7
:10A4D00043FD012340E001320630102A95D187E781
:10A4E0005A7A142A84D11D25B4E70C9AAA427FF621
:10A4F0007FAF585D5A19072823D15078052820D1FD
:10A50000D07803281DD105F1040A13F80AC0BCF164
:10A51000400F16D85079A0B992F902B0A81D92F850
:10A5200002E0BBF1000FB5BF84F895E4F14613F8E3
:10A530000A10A4F898C4B6BFA4F8961413F80080C3
:10A54000195C1278154489E7042F12D123460C2296
:10A55000104907F001FD002384F86C314FF480723C
:10A56000002104F148000CF04DFB012084F82C7010
:10A570003FE7072FF2D1234602220749A7E700BF92
:10A58000BE2D0020EC2C002049BD0100295E0100F9
:10A59000746600207966002085660020A0F10C001A
:10A5A00004F0E0BAA0F10C0004F05ABBA0F11800CE
:10A5B00004F072BB38B50C46054613221F492046ED
:10A5C0000CF0CCFC20B9022385F82C30012038BDDA
:10A5D0000F221B4920460CF0C1FC08B90123F3E708
:10A5E0001522184920460CF0B9FC0028F6D011229B
:10A5F000154920460CF0B2FC08B90523E4E70D220A
:10A60000124920460CF0AAFC08B90323DCE70D220E
:10A610000F4920460CF0A2FC08B90723D4E70B220F
:10A620000C4920460CF09AFC0028F6D00B220A496F
:10A6300020460CF093FC0028EFD0C7E72E560020F0
:10A640004256002052560020685600207A560020BC
:10A650008856002097560020A3560020A0F118002D
:10A6600004F018BDA0F1180004F074BDA0F10C00B6
:10A6700004F084BDA0F10C0004F0B0BD2DE9F04F52
:10A6800090F8BC3487B00446FF2B06D190F8C8146C
:10A6900007B0BDE8F04FF9F707BB90F8BD240027DD
:10A6A00080F8AC3400F29C4602920121D0F8C0241C
:10A6B000D0F8C45480F8AE7480F8AD7480F8B174EA
:10A6C0001846039206F0EEFA012194F8AC0406F065
:10A6D00099FA974BB820C4F8A4340723C4F8A834D7
:10A6E000944BBD4208BF1D466B68C4F8A054D3F814
:10A6F00000E05A68DEF8001021EA02028E49CEF826
:10A7000000208A6922F0E05222F0300242F000621A
:10A7100042F010028A6195F810C0884A03EB0C09D8
:10A7200003EB8C0C99F8101002EB0111896808609A
:10A73000697C03EB0108009198F8241002EB0111E9
:10A7400089680860A97C03EB010A01919AF838B086
:10A7500002EB0B1BDBF808B0CBF80000DEF80000C2
:10A76000596808430099CEF8000099F81000DCF809
:10A7700014C002EB00104068C0F800C001F10A00EC
:10A7800053F820C098F82400019902EB001003EB65
:10A7900081014068C0F800C09AF83800C96B02EB2C
:10A7A00000126748526811609A6C9AF84410116060
:10A7B0001A6A99F81C105B6B116098F830201A60C7
:10A7C00002222B681A610F229A650723CDE9040340
:10A7D00006AB28460A2513E90600FDF731FDFDF713
:10A7E000B1FD304684F8AF74FEF75EFB012194F8AA
:10A7F000AC0406F007FA013DFF21D4F8A0040BF0E9
:10A80000A9FC15F0FF05F6D129460A2594F8AC04F9
:10A8100006F0F8F9002230461146FEF759FB0128F0
:10A8200007460AD0013D15F0FF05F3D1012330465C
:10A8300084F8AD34FEF793FB5CE008214FF4D57249
:10A84000304604F59465FEF743FB41075DD40223CF
:10A85000042184F8B13401392846FDF799FD84F8C4
:10A86000B00411F0FF01F6D1AA2859D194F8B174BF
:10A87000DFF8D090BA1ED9F80030574203F5FA68D5
:10A8800057411FFA88F8BF07002237213046FEF7EC
:10A890001FFB3A4629213046FEF71AFB0246B8BB99
:10A8A00094F8B134022B17D13A213046FEF710FB51
:10A8B000C0BB2846FDF76CFD00F0C000C02828464C
:10A8C00004BF032384F8B134FDF762FD2846FDF789
:10A8D0005FFD2846FDF75CFD3046FEF740FB039B1D
:10A8E000C4F8A4340723C4F8A834029B03F001037E
:10A8F00084F8B83494F8AD34C4F88C64A3B9204615
:10A9000007B0BDE8F04FF9F7A3B884F8B174ADE72C
:10A91000D9F80030A8EB03031B04B5D5172386E74D
:10A92000062384E7122382E7002007B0BDE8F08FFA
:10A93000801A06001466002000C00F406C29002019
:10A9400000093D0038720020704783892BB9D0E997
:10A9500001301B1A584258417047002070473C286C
:10A960000DD8212804D81F288CBF00200120704753
:10A970002238094BC0B2C34003F0010070475C2885
:10A9800008D002D83E380128EEE7A0F17C035842F7
:10A9900058417047012070470121000530B4C46858
:10A9A000A14207D8CD18AC423FBF002404704FF03D
:10A9B000FF34C46040680468A46AA44630BC6047A1
:10A9C00010B500230478CA03012B42EA5102C15C8E
:10A9D00011FA82F291B208D1852C14BF0122032210
:10A9E00013441F2BEFD9084610BD0122F8E738B5F4
:10A9F0000C46C9B20546FDF757FA28B1210A284688
:10AA0000BDE83840FDF750BA38BD38B50D460446AC
:10AA1000242200210CF0F6F8A560EB79102B03D06E
:10AA2000202B06D00C2B06D1202301202370A070F0
:10AA300038BD4023F9E70020FAE738B5CB68044673
:10AA40000D462BB902787AB98968BDE83840DCE751
:10AA5000242200210CF0D6F8102323700123A370C8
:10AA6000AA68A260EA682262184638BDF0B50446BA
:10AA700087B00E46154600214FF40072406A0CF074
:10AA8000C1F8206A10B12049F1F77BFC636A03AA80
:10AA9000E0690393236AE168049300230131ADF870
:10AAA00014306B09ADF81630036800926A1EDF6A35
:10AAB000164BB84710B9002007B0F0BD206A10B19E
:10AAC0001349F1F75EFCF822636A102E4FF0FF0085
:10AAD0001A704FF001030CBF04220C22616AC854A3
:10AAE00001339A42FAD1E069626A0368E1685B6AFD
:10AAF00098470028DFD0E069626A0368D4E902154C
:10AB00005B6A29449847D7E7214800205177010024
:10AB1000C03E002038B5436A4FF40075044600215A
:10AB20002A4618460CF06EF8EB22A0F80B50027083
:10AB300076224270902282704FF02032C0F80320BB
:10AB4000C0F8072094F82B204273228DC281022284
:10AB50000274F82242752269C261A26902624AF651
:10AB60005522A0F8FE2138BD70B504464FF400729E
:10AB70000021406A0CF046F8656A2269216805F2F6
:10AB8000BF10FDF72DFCA369226905F2C3102168EF
:10AB90001A44013AFDF724FC94F82A30002185F884
:10ABA000C2312369E069C5F8C631A369626AC5F894
:10ABB000CA314AF65523A5F8FE310368BDE8704056
:10ABC0005B6A1847704738B5154600220446FEF701
:10ABD0007FF930B11B23637420460025FEF7BFF9CF
:10ABE0000AE0294610222046FEF72EFA05460028E4
:10ABF000F2D02046FEF7B3F9284638BD0A460921AF
:10AC0000E1E77047064BC3F8CC01C3F8D001C3F8A5
:10AC1000BC01C3F8C001C3F8C401C3F8C801704740
:10AC200000801F4038B5044614480D46FFF708FA67
:10AC3000F8B9134BA1029D6007D59A6C22F0FF0270
:10AC40009A64E2B2996C0A439A6424F0FF040C4DB2
:10AC50000C48EC60FFF7F4F958B92A6B0A4B1A60FC
:10AC60001A682A631A68D20703D51B6813F4702F79
:10AC700001D0002038BD0120FCE700BFDD580100F5
:10AC800000002C40ED58010050DC042008B5044BB6
:10AC900004481968FFF7C6FF08B1034B186908BDDF
:10ACA000DCE4042000001A0D00002C4008B5FFF77A
:10ACB000EDFF80F48070C0F3002008BD037A13F02C
:10ACC000010F0B4B07D0D3F84C3803B11847094B91
:10ACD000187858B1EAE793F850380BB1FDF762BA2B
:10ACE000054B586A80F08070C0F30060704700BF69
:10ACF00050DC0420D0E4042000002C40C6E7F8B566
:10AD00001D46930707460C46164600D145B9184B19
:10AD100025221A7040F2F512164B1A600020F8BD79
:10AD20001548FFF755F930B1114B0A221A704FF44C
:10AD3000FC72104BF1E7114B012211491A71186096
:10AD4000104B0E6003EA054343F400734B600E4B57
:10AD50008B630E4B1B7803B9640221463846FFF71C
:10AD600061FF0028DAD0BDE8F840FFF751B900BF15
:10AD700011660020D4E404205584010050DC042036
:10AD800000002C400000FF1F02007F11D1E40420CE
:10AD9000F8B50746007A0C461546C0071E460ED485
:10ADA0000E44B44210D03B682A46214638461B69FF
:10ADB000013405F5007598470028F2D10DE09007A1
:10ADC00011D00E44B44201D1012007E03B682A466D
:10ADD000214638461B69984708B90020F8BD013460
:10ADE00005F50075EEE70648FFF789FF0028EBD16F
:10ADF000044B0C221A7040F2A132034B1A60EDE7AB
:10AE000037003A1211660020D4E40420F0B5057A28
:10AE1000ADF5017D04460F4615F0010516461BD021
:10AE2000930706D031466E464FF4007268460CF028
:10AE300087F80123324639461A48FFF760FF054676
:10AE400030B9194B0D221A7040F21142174B1A609B
:10AE500028460DF5017DF0BDFFF704F90028F7D075
:10AE6000637A022B02D16368BB420FD0236820466D
:10AE70001B6A98470028EBD02368394620461B6E92
:10AE800098470028E4D00223676063722368314644
:10AE90002046DB6D98470028DAD063680546013309
:10AEA0006360D5E701003A1811660020D4E404205D
:10AEB000F8B50746007A0C461546C0071E460ED464
:10AEC0000E44B44210D03B682A46214638465B6A9D
:10AED000013405F5007598470028F2D10DE0900780
:10AEE00011D00E44B44201D1012007E03B682A464C
:10AEF000214638465B6A984708B90020F8BD0134FE
:10AF000005F50075EEE70648FFF7F9FE0028EBD1DE
:10AF1000044B0E221A7040F23D42034B1A60EDE7DB
:10AF200027003A1911660020D4E4042038B51546EC
:10AF3000284A937A13F0400412D103F03F03D27AE7
:10AF40005B0043EAD2136A1C0A43134208D0224B27
:10AF500027221A7040F20232204B1A60204638BD78
:10AF60001F4B1B780BB949026D021E48FFF75AFEB2
:10AF7000044630B9184B0F221A7040F20A32174BB0
:10AF8000EBE729461848FFF74DFE044630B9124B4F
:10AF900010221A7040F20D32104BDEE700211348E8
:10AFA000FFF740FE044630B90B4B11221A704FF4E4
:10AFB00044720A4BD1E70E48FFF742F80028CDD083
:10AFC000054B282200241A7040F21332034B1A60FA
:10AFD000C4E700BFE0E4042011660020D4E40420AC
:10AFE000D1E4042000001A2000001A2100001B26D2
:10AFF000558401002DE9F041057AADF5007D064646
:10B000000F4615F00105144620D095074FF00103B7
:10B0100051480CBF16466E463246FFF770FE054695
:10B0200038B94E4B0B221A704FF45D724C4B1A60BC
:10B0300007E0A64205D04FF40072694620460BF0A7
:10B040007FFF28460DF5007DBDE8F081FFF70AF887
:10B0500080460028F5D0737A012B02D17368BB4279
:10B0600023D0336830461B6A98470028E9D03D4812
:10B07000FEF7AEFF30B1394B0A221A7040F2B132FE
:10B08000374BD4E7384B9A6A42F480329A624FF4D5
:10B0900000725A60354B1B7823BB79023448FFF7A6
:10B0A000C1FD08B30123776073722F4B5A6A900574
:10B0B0000DD49A6A22F480329A6272B69A6A42F485
:10B0C00000329A629A6A42F480329A6262B62948E1
:10B0D000FEF7B6FF88B1214B1A221A7040F25632A1
:10B0E0001F4BA4E73946D9E71C4B0C221A7040F2DB
:10B0F000BD321B4B00251A60A3E704F500721A4FFE
:10B100007B6A1905FCD5231F04F13C01386A43F81A
:10B11000040F8B42FAD14034A242F1D11648FEF717
:10B120008FFF30B10D4B1D221A7040F261320C4B73
:10B13000E0E73A6B114B1A601A683A631A68920793
:10B140007FF57FAF1A680E4B1A4201BF7368454600
:10B150000133736075E700BF11003A1111660020DA
:10B16000D4E404205584010000002C40D1E40420E4
:10B1700030003A12255901004D59010050DC0420DD
:10B1800000007F1170B50546FEF76CFF0446A8B1BC
:10B190006B7A9BB10026114A11486E723146936A50
:10B1A00023F480339362FFF73DFD48B90D4B09222C
:10B1B00004461A7040F2D3320B4B1A60204670BD21
:10B1C0000A48FEF705FF0028F8D0064B0A2234464D
:10B1D0001A7040F2D732044B1A60EFE700002C409F
:10B1E0000000DB0C11660020D4E4042005590100A6
:10B1F00010B514480C46FEF7EBFE40B1124B0A2284
:10B2000000201A7040F24B42104B1A6010BD104BD8
:10B210009A6A22F480329A624FF400725A600D4B9F
:10B220001B7803B9640221460B48FFF7FBFC00289A
:10B23000ECD1054B0E221A7040F25742034B1A60B4
:10B24000E4E700BF5584010011660020D4E4042027
:10B2500000002C40D1E4042020003A1938B5174CE6
:10B2600000211748A36A23F48033A362FFF7DAFCB6
:10B27000054640B9134B09221A7040F23D22124B89
:10B280001A60284638BD1148FEF7A2FE40B10D4BAA
:10B290000A2200251A704FF410720B4B1A60F0E767
:10B2A000636A9B07EDD5616BA36AE26A23F480337E
:10B2B00042F08062E2626163A362E2E700002C4038
:10B2C0000000DB0C11660020D4E4042005590100C5
:10B2D00038B5044617480D46FEF7B2FE40B1164B8E
:10B2E0000A2200201A704FF4CC72144B1A6038BD39
:10B2F000134B012221461A711860124A124B13484F
:10B300001D605A60124A9A63FFF78CFC38B90A4BE9
:10B3100004221A7040F29F12084B1A60E7E7FEF70A
:10B3200077FE0028E3D1044B25221A704FF4D17226
:10B33000024BF2E75584010011660020D4E404209A
:10B3400050DC04204000010000002C4011003A06AF
:10B3500002007F11134B30B50C4685B01968FFF71A
:10B3600061FCE8B1104B04F10F051A6900925A69AB
:10B3700001929A690292DB690393002323F003028E
:10B3800003F0030101331032C9000F2B6A4452F855
:10B39000102C22FA01F205F8012DEFD10023E373FE
:10B3A00005B030BDDCE4042000002C404FF47A737B
:10B3B00058431E4B5A6AA3F51033D3F800110623E5
:10B3C000C2F3C22201F03F010132B1FBF3F1184B8D
:10B3D000B3FBF1F30921B3FBF2F3012230B5140101
:10B3E000B3FBF4F4844201D9013902D1144601219E
:10B3F00002E05200F3E70131B3FBF4F5854202D9D4
:10B4000010291444F7D10B4801395208C36A23F4B8
:10B410007F2323F47F6343EA011343EA022343F4C7
:10B420006023C362436A1B07FCD530BD00C00F40D8
:10B4300000EC695E00002C40704708B5002047F220
:10B44000B802FFF7DFFB41F2B801074BC3F8BC239A
:10B45000C3F8C023C3F8AC23C3F8B013C3F8B423B4
:10B46000C3F8B82308BD00BF00801F402E4B052045
:10B47000D3F8002142F0800210B5C3F80021D3F8C0
:10B4800000212A4C22F03F02C3F80021D3F800210A
:10B4900042F01802C3F80021D3F8002122F0800204
:10B4A000C3F8002103F51033D3F8802042F00C02DA
:10B4B000C3F880205A6A22F460525A62DA6942F470
:10B4C0008032DA615A6A42F400625A62FFF79AFBEC
:10B4D000A36C43F00043A364E36A43F0807343F436
:10B4E0000043E362E36ADA01FCD44FF4C870FFF76B
:10B4F0005DFFFFF7A2FF0E4B0E4A63630E4BC3F8CE
:10B50000F8210E4B602283F86E204FF0E0234FF4B9
:10B510008042C3F80C21E36A044A43F00063E3620B
:10B52000D36A1B01FCD410BD00800D4000002C40EC
:10B530000B007F11B7580100006C002000E400E010
:10B5400073B503780446DA071FD5406804F110028A
:10B55000E168036801925B6A9847019A054618B949
:10B560000025284602B070BD23789B0704D42378B9
:10B5700023F001032370F4E7201D43C8036831441E
:10B580005B6A98470028F2D1EAE70125E9E773B53D
:10B590001E46C36805460C46994209D9686821468B
:10B5A00003685D693346AC4602B0BDE87040604751
:10B5B00031448B42F2D20192FFF7C2FF019A002878
:10B5C000ECD102B070BD10B50446FFF7B9FF58B119
:10B5D00004F50470FFF7B4FF30B1D4F840040368F9
:10B5E000BDE810401B6A1847002010BD10B5044686
:10B5F0002830FFF7A5FF50B104F50E70FFF7A0FF4C
:10B6000028B120680368BDE810401B6A1847002075
:10B6100010BD436870B504460E4615460BB90020B0
:10B6200070BDC3688B4208D0FFF78AFF0028F6D0B0
:10B630006B070AD50023E6602370237805F0030525
:10B6400020462B4300F8103BEAE7606804F1100243
:10B65000314603681B6998470028EBD1DFE70239C0
:10B660002DE9F84305461F46D0F830048B181646DE
:10B6700083423FD8D5F82024BFB3914206D89342E5
:10B6800004D9834228BF0023C5F8203401F0070302
:10B690004FF00109C1F3C80409FA03F9D5F82C34B5
:10B6A0005FFA89F903EB113801224146284690449C
:10B6B000FFF7AFFFF0B10319494600F500701A78A3
:10B6C0000A4214BF01240024BC4213D04A40013E68
:10B6D0001A7012D0490011F0FF01F0D101330C466D
:10B6E000012198428946EAD1DEE7914238BFC5F888
:10B6F0002014CBE70020BDE8F8830120FBE738B534
:10B70000D0F838340C46496800F5047090F835528A
:10B7100019402368023BAB4003EB5123D0F81C12C5
:10B720001944FFF776FF18B16368C3F308031844A0
:10B7300038BD38B5D0F830340C46154601338B424D
:10B7400002D24FF0FF3038BDD0F82414002200F5AB
:10B75000047001EBD411FFF75CFF0028F1D0A400C6
:10B76000C4F3080403595A1C16BF012000202B60A3
:10B77000E9E700F124032DE9F0430D4685B00646C4
:10B78000904601AFD6F8209093E8070001EB4513EF
:10B79000D9F8384487E8070002930C4099F84534FB
:10B7A00004EB45140933DBB2DC402CB94246394680
:10B7B000306AFFF7A4FF0EE09DF80C5001991DB10F
:10B7C00001310191013CF0E73A464846FFF7B1FFED
:10B7D0000128F7D0284605B0BDE8F0832DE9F341F4
:10B7E00090F8313004461BB9012002B0BDE8F08169
:10B7F00090F9332090F83330002A6BDA002703F0F9
:10B800007F03DFF8E8803E4680F833300022F9B24B
:10B810002046FFF7AEFF054600283ED00378C02B38
:10B8200043D0C12B21D0852B37D194F8313003F090
:10B8300037038380D8F8003083B10DF103020DF196
:10B84000060101A898479DF80330BDF806206B75E6
:10B85000BDF80430AA81EB812A826B82226A92F8B9
:10B86000103243F0010382F8103201373146284686
:10B87000FFF7A6F894F83020FBB206469A42C5D2EC
:10B88000012204F12401206AFFF739FF28B1468024
:10B89000206AFFF798FE0028A6D194F832300020E5
:10B8A00043F0010384F832309FE794F83320437863
:10B8B00052064CBF43F0020303F0FD034370D4E98A
:10B8C0000423C0E90223E3694361D4E90223C0E908
:10B8D0000623C3E7006AFFF776FE002884D194F8B8
:10B8E000323043F0010384F832307EE790E10020EB
:10B8F00010B50446FFF772FF002384F8313084F856
:10B90000333010BD2DE9F04790F8333004468846B7
:10B910001546DE075ED5580603D494F83130190772
:10B920000BD5D4E90023D4E90410AE1843F1000389
:10B93000B14270EB030300D28D1A2F4604F11809AF
:10B940006AE0206AD4E90032D0F838641E40C6F3B9
:10B95000080A4EB913432AD194F831305A064CBF25
:10B96000D0F83434E369A361236A4FEA562CA16905
:10B9700093F845240239D3F82C04914001EB562169
:10B98000014403F50470BAF1000F2CD1B7F5007F24
:10B9900029D3D3F81C32994225D0B7F5806F40D215
:10B9A0004246FDF7A7FDA8B14FF400762BE094F8CE
:10B9B0003330A1695B0602D50131A161D4E74A4663
:10B9C000FFF7B7FE002805DBCED194F8313013F035
:10B9D000500F23D194F832304FF0FF3043F0020380
:10B9E00084F832301BE0CAF500760022BE4228BF40
:10B9F0003E46FFF70EFE0028ECD000EB0A0132466F
:10BA000040460BF09DFAB044BF1BD4E900329B19AD
:10BA100042F10002C4E90032002F92D1E81BBDE8D8
:10BA2000F087012393407A0AA3EB0C03934228BFCB
:10BA3000134642465E02FFF7AAFD0028E3D1C9E79C
:10BA40002DE9F84F90F831C0044616461F46D0F84D
:10BA50001880BCF1000F5BD0D0E90003BB4208BFE7
:10BA6000904206D056EA070205D10023A361C4E93B
:10BA7000006701204FE01CF0080F04D0D4E9041245
:10BA8000B142BA4144D3D4F820E0751E9EF8451463
:10BA900047F1FF3A0931C9B2C1F12009A1F12002F1
:10BAA000CD400AFA09F92AFA02F2A1F1200A45EA80
:10BAB0000905C1F12009154394F8332012F0400F15
:10BAC00002D0E3692B44D1E710F1FF3B43F1FF3291
:10BAD0002BFA01F102FA09F922FA0AF241EA090104
:10BAE00011438D4201D3034317D11CF0400F14BF03
:10BAF000DEF83434E369A36104F11809002DB6D0EF
:10BB00004A46A169206A013DFFF713FE0028F5DCD3
:10BB10000020C4F81880BDE8F88F6D1AECE7012901
:10BB200038B50C46154601D8002038BDD0F8303461
:10BB300001338B42F8D3D0F82414012200F50470AD
:10BB400001EBD411FFF765FD0028EDD0A400C4F38C
:10BB5000080405510120E8E7F8B50446006AA16928
:10BB600001B101310AF060FA0128054602D8002629
:10BB70003046F8BD01230146206A1A46FFF76FFDE3
:10BB800006460028F3D0A26994F833302AB943F06E
:10BB9000400384F83330A561EAE7590611D44FF029
:10BBA000FF322946206AFFF7BAFF0028DFD0A169DB
:10BBB0000029F0D02A46206AFFF7B1FF0028EAD119
:10BBC000D5E70132AA42E6D023F04003E16984F8C8
:10BBD0003330A369206A8B42E1D94F1C3A46FFF704
:10BBE0009EFF0028C3D03946F3E7F7B590F831300F
:10BBF00004465A0652D5066A0025D6F83434019315
:10BC000001AA01993046FFF794FD002844DB05F1B5
:10BC10000105F5D196F845340933DBB29D40236A1E
:10BC2000D3F83C341D44B5F1806F47D22046FFF76E
:10BC300093FF002842D0236A0026A569012793F8C4
:10BC40004524023DD3F82C3495401D44206A90F8D9
:10BC5000453407FA03F39E4222D394F831305B0651
:10BC600015D494F8333063F07F0384F83330D0F880
:10BC70003C24D4E902319B1841F10001C4E90231AE
:10BC8000D4E904319B1841F10001C4E90431204694
:10BC900003B0BDE8F040A1E50025BBE78568BEE73D
:10BCA0000522A91900F50470FFF7B3FC30B14FF479
:10BCB0000072002101360AF0A5FFC7E7002003B09B
:10BCC000F0BD2DE9F34107460C46884601AA2146FE
:10BCD0003846FFF72EFD061E04DA0025284602B07E
:10BCE000BDE8F081002221463846FFF718FF0546DF
:10BCF0000028F2D0621C16B1019B93420AD00023A7
:10BD0000A2EB080241463846FFF7A9FC0028E4D020
:10BD1000DDF80480019C002ED8D1DFE7F8B590F85B
:10BD2000333004469A0738D5C169C9B900250122C4
:10BD3000E9B22046FFF71DFD78B30378013503F023
:10BD40007F030370EBB294F830209A42EFD20023C5
:10BD5000206A84F8313084F83330BDE8F84032E4AA
:10BD60005B06006A1BD590F84534D4E902250933F7
:10BD7000013ADBB245F1FF35C3F12007A3F12006FC
:10BD8000DA40002305FA07F725FA06F63A4332436C
:10BD90000132FFF764FC0028C8D10020F8BDFFF78E
:10BDA00090FFF8E7037A00F50E70022B08BF42F00F
:10BDB00002022EE401292DE9F04106460C46174601
:10BDC00003D84FF0FF30BDE8F081C3698B42F8D350
:10BDD000C379202B12D18169002201EBD411FFF726
:10BDE000E1FF0028EDD0A40004F4FE740359F269C9
:10BDF0009A422ABF012000203B60E4E7102B0DD1BE
:10BE0000C1F30721836900221944FFF7CBFF002803
:10BE1000D7D0640004F4FF74035BE8E70C2BD0D1A7
:10BE2000C1F34E088369002218FA81F81FFA88F5D9
:10BE3000C8F3462898444146FFF7B4FF0028C0D015
:10BE4000C5F30803C55C0133B3F5007F08D10022B8
:10BE500008F101013046FFF7A5FF0028B1D000230B
:10BE6000C35CE20745EA03234CBF1B09C3F30B0382
:10BE7000BDE72DE9F0410D4601780446076981B11F
:10BE80004069A84206D03DB92561A378656123F0D9
:10BE90002003A370012006E00B0706D5E369AB423F
:10BEA0000BD200202761BDE8F0818E0605D5A3687E
:10BEB0005B89B5EB431FF4D8E7E7D4F808C06E1EE2
:10BEC000A2789CF80630520603F10903DBB226FA89
:10BED00003F603D5236A33442361D6E7421E22FAD0
:10BEE00003F39E4200D390B94B064CBFDCF82030E0
:10BEF000236A236104F11008002EC6D0424621694E
:10BF0000A068013EFFF756FF0028F5DCC9E7F61AE6
:10BF1000F0E701292DE9F04180460C46154602D88C
:10BF20000020BDE8F081C3698B42F9D3C379202B8F
:10BF30000DD18169012201EBD411FFF733FF0028F5
:10BF4000EED0A40004F4FE7405510120E9E7102BA3
:10BF50000DD1C1F30721836901221944FFF722FFA4
:10BF60000028DDD0640004F4FF740553EDE70C2BCA
:10BF7000D6D1C1F34E078369012217FA81F7BEB209
:10BF8000C7F346271F443946FFF70CFF0028C7D0E8
:10BF900014F00104C6F308031CBF2A01C15C00EBC6
:10BFA000030603F101031BBF02F0F00201F00F01D1
:10BFB000EAB20A43B3F5007F327007D1012240464E
:10BFC000B918FFF7EFFE0028AAD00023C5F3071524
:10BFD000C21824B9C35C23F00F0343EA151515708A
:10BFE000B3E72DE9F743866804460769D6F80C9055
:10BFF0004F4592BF4FF00108B9464FF0000809F1D4
:10C000000105F3699D4207D9B8F1000F1DD1F5680C
:10C010004FF00108A946F2E7AF4216D001AA29461F
:10C020003046FFF7C7FE00280FDBF3D0019B002B43
:10C03000F0D1B8F1000F00D0F5606FF070422946E2
:10C040003046FFF766FF804628B94FF000084046AB
:10C0500003B0BDE8F0836FB9736A002B12DAA378DE
:10C06000256197B943F04003A370A37863F07F0381
:10C07000A370ECE72A4639463046FFF74AFF00280E
:10C08000EAD1E2E7013B7362E9E74F45EDD023F0E7
:10C090004003E9E773B505460C4601AA2146284648
:10C0A000FFF788FE061E15DB002221462846FFF713
:10C0B00030FF78B16B6A002BA4BF01336B62EB6871
:10C0C000A34284BF04F1FF34EC60019C002EE4D154
:10C0D00002B070BD0020FBE7F8B50F461546002101
:10C0E000242204461E460AF08DFDBB683A6AA580EC
:10C0F00005F00F05E26003F13802A36002EB451280
:10C10000D17A08072FD401F017012170D07A10F0EE
:10C11000180F04BF41F0080121709DF81810E1705C
:10C1200006F00301012917D0022920D0D9B9012135
:10C13000A1705B6B7504918AA361538B43EA014341
:10C140002362D169E16101D40120F8BD2046FFF7E7
:10C1500090FE0028F8D106E00221A1702178C806DF
:10C1600001D4CF07E5D500202070A070EDE70321B2
:10C17000F3E7F8B50578044615F0200502D000264F
:10C180003046F8BD4269154B9A42F8D2FFF729FFB5
:10C1900006460028F3D0A26823699179023B5769CB
:10C1A0008B401F44A068E9B203798B4208D882799A
:10C1B0004FF400739340626912FA83F36361DFE71F
:10C1C0000522394428300135FFF723FA0028D6D05C
:10C1D0004FF4007200210AF015FDE3E700FE1F0096
:10C1E00010B5044680680A462830A169FFF711FAA5
:10C1F00020B1A38803F00F0300EB431010BD37B547
:10C2000003780446002B35D090F90230002B2BDA4E
:10C210000121FFF7E5FF054630B96378002043F0C0
:10C220000103637003B030BD0378E52BF5D02378AC
:10C230001B0744BFE369C361236A43831B0C8382EA
:10C240000D4B1B6863B10DF103020DF1060101A84E
:10C250009847BDF804302B836B82BDF80630EB8223
:10C26000A37803F07F03A370A068FFF7BFF900284D
:10C27000D3D0D7E70120D5E790E1002010B50446E0
:10C28000FFF7BDFF00232370A37010BD10B5044657
:10C29000806B28B1FFF7F2FF10B10023A36310BD3C
:10C2A000E06B08B90020FAE7FFF722FB0028F9D07D
:10C2B0000023E363F3E738B50D460446FFF7E6FFD6
:10C2C000AB6B5BB10023A4632380A370AD6B0FCD78
:10C2D0000FC40FCD0FC42B68236038BDEA6B002A52
:10C2E000FBD084F831306386E463EB6B03F13005F7
:10C2F0001868083353F8041C2246AB4203C21446A4
:10C30000F6D118681060E8E770B506460C46FFF7EE
:10C3100076FF054610B90025284670BD002130463D
:10C32000FFF75EFF03460028F5D0214600F120020A
:10C3300053F8040B934241F8040BF9D1ECE72DE9D3
:10C34000F84F8378884604461546D90767D50378A1
:10C350001A070ED5C36942699B1A9D4228BF1D4624
:10C360002E464FF0000904F1100A5EB9A81BBDE883
:10C37000F88F9B06F4D583685A894369C3EB42134F
:10C380009BB2EAE7237862699F06A068C2F3080BB4
:10C390004FEA522117D5036A1944A26802F1280016
:10C3A000BBF1000F42D1B6F5007F3FD3536B9942EA
:10C3B0003CD0B6F5806F4FD24246FDF79BF870B384
:10C3C0004FF4007742E090F8059009EA0109BBF1CB
:10C3D000000F08D1B9F1000F05D16AB959064CBF59
:10C3E000036A236A2361A36821699A7902395B6928
:10C3F000914019444944D0E71A07216905D5A3782B
:10C400005B0602D501312161EDE75246FFF7D2FC10
:10C41000002804DBE7D1237813F0700FA6D16378EE
:10C420004FF0FF3043F002036370A0E7CBF50077D5
:10C430000022B74228BF3746FFF7EBF80028EED0BE
:10C4400000EB0B013A4640460AF07AFD6369B844B6
:10C45000F61B3B44636188E72778730ABF0605D45F
:10C460001279A2EB0902934228BF134642465F02AB
:10C47000FFF78DF80028E9D1D1E7436913F4F07F85
:10C4800037B50446C3F3431500D099B901220DF125
:10C4900007012046FFF753FF40B2012802D00020D9
:10C4A00003B030BD63691F33A0686361383000EBAF
:10C4B0004510F5E72033F7E710B549010446FFF7CB
:10C4C000D8FC20B120460021BDE81040D5E710BDC2
:10C4D000F0B500238BB00446019383789A0707D503
:10C4E000016A41B901212046FFF77AFE074640B9AB
:10C4F00000200BB0F0BD8068FFF7CCFD0028F1D123
:10C50000F6E709F011FCE526002305463E7023708E
:10C51000A068A370FFF76AF80028E9D0E378002B41
:10C52000E7D0214601A8FEF788FA0028E0D00127CD
:10C53000A18801A8C91B89B2FFF7BEFF0028D7D088
:10C54000C37A0F2BD4D10278FBB202F01F019942BB
:10C55000CED1437BAB42CBD10670A16891F8283095
:10C5600043F0010381F82830530605D5A0680BB0CD
:10C57000BDE8F040FFF73AB87B1CE2789FB2DBB22F
:10C580009A42D5D2B4E70346501A7F2B05D800282B
:10C5900041D0084600F8013B7047B3F5006F0DD25B
:10C5A000012837D99A0903F03F03084662F03F0299
:10C5B00063F07F0300F8022B4B707047B3F5803FA8
:10C5C00011D2022826D91A0BC81C62F01F020A7069
:10C5D000C3F3851203F03F0362F07F0263F07F0331
:10C5E0004A708B707047032814D99A0C081D62F0AA
:10C5F0000F020A70C3F3053262F07F024A70C3F380
:10C60000851203F03F0362F07F0263F07F038A70BC
:10C61000CB70704700207047884230B505463AD24B
:10C62000037890F90000002802DB681C136030BD1D
:10C6300003F0E000C0281ED103F01F0302242819D4
:10C64000884228D8013515F8011B01F0C004802C60
:10C6500021D101F03F01854241EA8313F3D1A3F1D7
:10C6600080040E498C4216D8A3F55841B1F5006FED
:10C6700011D31360DBE703F0F000E02803D103F0EF
:10C680000F030324DBE703F0F800F02803D103F0E5
:10C6900007030424D3E70020C9E700BF7FFF100091
:10C6A000838913B5044623B100228281184602B063
:10C6B00010BDD0E901018842F8D201AAFFF7ACFF12
:10C6C00010B94FF6FF73F1E7019A6060B2F5803F51
:10C6D00093B2EBD3C3F30903920AA3F51053A2F567
:10C6E0002152A38193B2E1E77E2830B52BD8A0F187
:10C6F0006103192B8CBF00230123A0EB431398B2D5
:10C7000020E003EB520201EB8205B5F85851854257
:10C710008CBF14461346E21A012AF2D89BB201EBF1
:10C720008303B3F8582190422FD3821A93F85B41C8
:10C73000A2422ADA93F95A31012B08D102F0010200
:10C74000821A90B230BD352400231149E3E713B1BA
:10C750009BB20344D3E74EF2A033FAE703EB520255
:10C7600001EB8205B5F82C5285428CBF1446134666
:10C77000E21A012AF2D89BB201EB8301B1F82C3204
:10C78000834208BFB1F82E02DCE74B240023EFE719
:10C79000EC2C00202DE9F04F994690F8313093B001
:10C7A00004460F461546002B43D191F8313013F063
:10C7B000500F3ED009F00303032B3AD0013301930D
:10C7C000002A3CD01369084603F10E080F23B8FB7A
:10C7D000F3F808F102085FFA88F8EEF71CFE4FF054
:10C7E000000B0DF1280A5E46202251463846FFF71D
:10C7F00089F8002800F0C68020281AD19DF9281059
:10C800009DF8282000291FDBBBF1000F05D13968F6
:10C81000A1F120030393BB690293C3453CBF0BF115
:10C8200001035FFA83FB002A40F08F80002D40F067
:10C83000A980002684F8316084F8336060E04FF00E
:10C840000308CCE71E46CFE73EBBC34538BF4FF0D9
:10C85000000B852AC8D131463822204601260AF02D
:10C86000D1F99DF829209DF82C1084F8302001F092
:10C870003702C90658BF42F0080284F831203A6AEC
:10C880002262BA6962623A68203AA26297F833205B
:10C89000C2F3801284F82C20A6E7C02A48D19DF864
:10C8A0002920019B920784F8333048BF43F04002AF
:10C8B000DDE90C0148BF84F833200F9AC4E9040174
:10C8C000DDE91001E261C4E90201EDB919F4006F7C
:10C8D000AFD119F4884F03D194F83330980705D5B8
:10C8E00094F83130D906A4D4DA07A2D419F4804FD1
:10C8F00006D02046D4E90423FFF7A2F8002898D0F8
:10C90000304613B0BDE8F08F2A684FF00003296964
:10C910006A609DF82B20AB81914216D1AE8ABDF89A
:10C920002C20A6EB020CDCF1000646EB0C065BE7C4
:10C93000C12A0AD101223AF8123028460493FEF7A0
:10C9400004F820B1049B002BC0D000264CE7CDE9B1
:10C9500006202846FFF7A4FEFFF7C6FE05900498C0
:10C96000FFF7C2FE0599079B81427FF46BAF069AE1
:10C970000132102ADFD12846FDF7E7FF00283FF4F7
:10C9800033AFA3E719F4007F3FF453AF019B9B073C
:10C990007FF54FAF002D3FF44CAFC34526D338226F
:10C9A0000021204697F833600AF02CF93B6A08F121
:10C9B000FF39C6F380162362082300275FFA89F93E
:10C9C00084F83130029BDFF814A16362039B84F882
:10C9D0002C60A3622B68AF816B605FFA87FBD84540
:10C9E00024D82046FEF7FAFE064689E72022514663
:10C9F0003846FEF787FF40B93846BE69FFF7F5F8BD
:10CA000000283FF416AFBE61C7E720287FF411AFBE
:10CA1000BBF1000F05D13A68A2F120030393BB6973
:10CA200002930BF101035FFA83FBB6E7012259463B
:10CA30002046FEF79EFE064600283FF4FAAE90F927
:10CA40000030002BFFF6F5AE202200210AF0DAF8C4
:10CA5000BBF1000F1FD18523337084F8309086F826
:10CA60000190DAF8003083B10DF1230209A90DF12C
:10CA700026009847BDF826307381BDF824303381F5
:10CA80009DF8233033750137A7E745F621437381BD
:10CA9000F3817382F7E7BBF1010F0DD1C02386F854
:10CAA00001B03370019B63F07F0384F833302B694E
:10CAB000F370AB8AB380E6E7C12306F11E0B337037
:10CAC0002846FDF742FF0028DDD12846FFF7E8FDA4
:10CAD00026F8020FB345F3D1D5E700BF90E100205F
:10CAE000F0B51F4697B0002305460C4601921493FB
:10CAF000ADF8143090F8313013B1002017B0F0BD0C
:10CB000091F8311011F0500FF7D011782F2922D160
:10CB1000104612F8011B2F290FD003B10190246A8F
:10CB2000382261B928460AF06DF8402301202C62B2
:10CB300085F8313085F83300E0E70123E8E700218C
:10CB400008A80AF05FF84023109408AC8DF8513023
:10CB500001238DF8533001AA02A9019809F029FB9D
:10CB60000028CAD0019B1B78DBB1002302AA214612
:10CB70002846FFF70FFE0028BFD008AE2A4605F171
:10CB8000300C34461068083252F8041C33466245B3
:10CB900003C31E46F6D1106818602846FEF7A8FEAB
:10CBA000D9E73B4602AA21462846FFF7F3FDA5E751
:10CBB00011B101F5896193E70846704710B591F806
:10CBC0003130044613F0500F18D040F60223FFF71F
:10CBD000E1FD98B11023204684F83130FFF705F8C5
:10CBE00060B1A3692046E361EEF715FCC12320463E
:10CBF00084F83330BDE81040FEF7F0BD002010BDD2
:10CC00002DE9F04F99B00F46144605938B680A90B2
:10CC100006930B7813F0700F03D1002019B0BDE814
:10CC2000F08F0A9B1B780393002BF6D113690D221A
:10CC30004FF0000900210C333846CB464E46C8461B
:10CC4000B3FBF2F3DBB20793637D9A0717BF079B31
:10CC500001230133DBB20293FFF70BF9CDF81090FB
:10CC6000CDF820907D6900213846C5F34F15FFF7B8
:10CC700004FC00287CD17B78002BCED1059B9A0543
:10CC8000CBD503F00303013B012BC6D8049B002E38
:10CC900008BF2B460493029B9E42C0F01D81089B57
:10CCA000002B40F03481029BBC460FAE4FF0010BCD
:10CCB0005D1E049B5FFA85FA53FA85F5BCE80F0008
:10CCC0000FC6BCE80F000FC6DCF80030ADB2336011
:10CCD00004F11606304609F027F8236802906360D5
:10CCE0000023A3814AF040030493DA4580F0588181
:10CCF00029463846FFF7E0FB804600288DD02022E9
:10CD0000002109F07FFFD4F81630C8F800307368AE
:10CD1000C8F804303389A8F80830B37A88F80A30A4
:10CD2000637D03F0180388F80C309B4B1B68002BC5
:10CD300000F084810DF139020DF13A010FA89847F6
:10CD4000BDF83C30A8F81030BDF83A30A8F80E30E5
:10CD50009DF8393088F80D30069B069A93F82830F4
:10CD600043F0010382F82830ADE00123089379E70E
:10CD70000378E52B00D08BB9049A002E08BF2A4611
:10CD80000492029A96423CBF0136F6B2002B3FF461
:10CD900075AFE52B06D14FF0000863E7029A964283
:10CDA00038BF00262E2BF6D0C27A0F2A69D1B8F1EF
:10CDB000000F45D103F01F0B079A5A457FF452AF7D
:10CDC00013F040083FF44EAF90F80D909046BBF141
:10CDD000010F7FF447AFBE460DF13C0CBEE80F00DB
:10CDE000ACE80F00BEE80F00ACE80F00DEF8003042
:10CDF000CCF80030236863604FF00003A381A5EBFB
:10CE000008039BB20C930C9B9D423FF42BAF294629
:10CE10000FA8FFF751FB09900028BCD04FF0000A83
:10CE20005FFA8AF1099808F0EDFF0B902046FDF7B4
:10CE30008CFD78B10B9B002B18BF4FF0000811E759
:10CE40000BF1FF325FFA82FB5B45A4D1437B4B457C
:10CE5000BDD0A0E72046FFF723FC0D900B98FFF70D
:10CE600043FC0D9A0B901046FFF73EFC0B9B834250
:10CE700091D10AF1010ABAF10D0FD1D1013DADB244
:10CE8000C1E7130787D4B8F1000F0AD0BBF1010F37
:10CE90007FF4C3AE08F048FF48457FF4BEAEC246FB
:10CEA0000DE00B2204F116010CF04AF900287FF482
:10CEB000D9AE94F815A01AF0010A7FF456AF059B7D
:10CEC00019053FF5AAAE059B2A4639460A98CDF8C2
:10CED00000A0FFF701F9A1E600213846FFF7CDFADF
:10CEE00090B97B78002B7FF498AE3846FFF741F974
:10CEF00000283FF492AE069B1B7906EB0313DEB2CB
:10CF0000029BB342F1D8CAE60136F6B2C3E6267DEB
:10CF100062254FF0000ADFF8848004F11609D8F882
:10CF20000030032E534428BF03261FFA83FA331D13
:10CF3000DBB20AF00F02E118013B4FEA1A1A092A84
:10CF4000DBB294BF303237329E428A75F1D1A319D9
:10CF50007E22002138469A75FEF78BFF0121384664
:10CF6000FFF78BFA014620B97B78002B3FF49BAE8C
:10CF700053E60378002B3FF496AEC37A1B07EDD43B
:10CF80000B2248460CF0DCF80028E7D1013D15F0F3
:10CF9000FF05C4D141E600BF90E1002038720020B7
:10CFA000A5EB0B010FA889B2FFF786FA00283FF422
:10CFB00035AE119ADA4500F1010992F8283043F0B4
:10CFC000010382F828304FF00002049B18BF5B4633
:10CFD0009046027303700F234283C372029B437314
:10CFE0002046FDF7B2FCD0B1039BE3B119464FF6E2
:10CFF000FF700131CBB20393B8F1040F5FFA88F1EF
:10D0000015D8A9F8000008F1010809F10209B8F1E2
:10D010000D0FE5D10BF1010B5FFA8BFB65E62046A6
:10D02000FFF73EFBE8E7012303980393E4E70A29AF
:10D0300094BFA9F80300A9F80500E4E745F62143E9
:10D04000A8F81030A8F81830A8F8123084E6F0B527
:10D050000B7889B004460E4613F0700F72D040F67C
:10D060000223FFF7CDFD00286CD0012710252046B4
:10D07000A7702570FFF77DF8002863D02369002191
:10D0800020462362FEF7F5FE2046FFF7B8F8002899
:10D0900058D039462046FFF7A3F8002852D06A46F8
:10D0A000C572034600F1200C15461868083353F882
:10D0B000041C1746634503C73A46F6D14FF02033A8
:10D0C000A068216A0122CDF801302830CDF8053062
:10D0D0000239ADF8093010F8223C994050F8143C60
:10D0E0001944FEF796FA034660B32E22AC46074673
:10D0F0000DF1200E8DF800206246083703CA7245F4
:10D1000047F8080C47F8041C9446F5D12E2220332A
:10D110008DF80120326A08AE110CADF81A202A46AB
:10D12000ADF814101546083303CDB54243F8080C8A
:10D1300043F8041C2A46F5D1A06809B0BDE8F040C8
:10D14000FEF754BA002009B0F0BDF0B51F4695B007
:10D15000002306460C460192ADF83830029303785E
:10D1600013B1002015B0F0BD097811F0700FF8D0A0
:10D1700011782F290DD11146013208782F2825D09A
:10D1800003B10191A16802A8FDF73FFC0028E8D097
:10D1900002AC01AA0BA9019808F0FDFC0028E0D020
:10D1A000019B1B78F3B100230BAA21463046FFF701
:10D1B00027FD68B1354602AC0FCD0FC40FCD0FC4AB
:10D1C0002B6830462360FFF759F8E1E70123D2E7E7
:10D1D000002FC6D00BAA21463046FFF738FF0028A3
:10D1E000E8D1BEE70BAA21463046FFF730FFB9E78A
:10D1F000F0B51F4695B0002306460C4601920B93EE
:10D20000ADF81430037813B1002015B0F0BD0978E3
:10D2100011F0700FF8D011782F2914D1114612F89F
:10D22000010B2F2807D003B10191A16828B930461E
:10D23000FDF7EBFBE9E70123F0E70BA8FDF7E5FBC2
:10D240000028E1D00BAC01AA02A9019808F0A3FCC8
:10D250000028D9D0019B1B789BB1002302AA21464C
:10D260003046FFF7CDFC0028CED035460BAC0FCDB5
:10D270000FC40FCD0FC42B6830462360FEF7FEFFAE
:10D28000E0E73B4602AA21463046FFF7B9FCBCE77F
:10D2900011B101F58961ABE708467047CB0810B5BD
:10D2A00000EBD10411F007011DBFC05C0134C1F1D6
:10D2B00008030B4618BF40FA01F193420AD307D97D
:10D2C0001F2A9FBF012303FA02F202F1FF33194024
:10D2D000084610BD14F8010B984008330143ECE7F1
:10D2E000704770477047C36870B504460D46ABB1D0
:10D2F000632913D903F064FC2549264ED1F8482848
:10D30000A06062B94FF04043A261C1F84848C4E947
:10D310000452013DC6F88850C6F88C3070BDD6F86E
:10D320008C3023F07F439D421AD272B600204FF01A
:10D3300000725B1BC6F88C00C6F84421D1F848285F
:10D340002561013DC1F84848C4E9052013614FF04B
:10D3500040439461C6F88850C6F88C3062B6DDE769
:10D36000ED1A536923B9C4E90453A2615461D5E7A6
:10D370001A69AA4209D9521B1A619A69C4E904536D
:10D38000A2619C61A3695C61C8E7AD1A1A46E8E72F
:10D3900050DC042000022E402DE9F04104460D46E9
:10D3A00003F00EFC04F54E76AE421AD194F8CB731E
:10D3B000A7B9BDE8F08108FA05F33B4203D029463E
:10D3C0002046FBF76BFB013594F8B633AB42F2D243
:10D3D000304644F62061BDE8F04184E70125A846C7
:10D3E000F2E704F555739D42E3D194F8BA63002E39
:10D3F000DFD0751E254495F8BC33082BD9D1A3681E
:10D40000002794F8BB03324684F8BA7304EB860411
:10D41000597DFCF779FB044BC4F8780383F85878FE
:10D42000092385F8BC33C4E750DC042030B572B65C
:10D43000174CD4F84838BBB1834217D115490020A6
:10D440005B69C1F88C006BB1D1F88C201D6922F0AA
:10D450007F422A441A61C1F888204FF04042C1F847
:10D460008C209861C4F8483862B630BD5B69002BE7
:10D47000FAD083425A6909D198694261002AF3D0EF
:10D480001B691169906119441161EDE71346EEE7DC
:10D4900050DC042000022E40A0F10C0001F004BF7B
:10D4A000A0F1180001F010BF2DE9F0474FF0E02483
:10D4B0004FF4803881460E46D4F80C711546C4F8F6
:10D4C0008C819A4607F48037FBF798F9014630B90A
:10D4D00017B90020BDE8F087C4F80C81F9E705F121
:10D4E000FF3804464FEA9838B8F1000F3BD14FF0AF
:10D4F000010C0B46C4E90C58C4E90E8AC4F800C0FC
:10D50000A8F58058C4E90A9699F835402402B5F583
:10D51000804FC3F804C08DBF4FF0000E4FF0010ED6
:10D5200028464FF4804044EACE3242EA004242F0BC
:10D5300080029A6006EA0802DE6002F5805AC3F8AB
:10D5400010A002F5005AC3F814A002F5405A02F5E3
:10D550008042C3F818A0DA61BEF1000F1BD1064467
:10D560002D1A1B68D3E7FBF749F978B908460B6811
:10D570001946FBF74BF9A042F8D1002FA9D04FF084
:10D58000E0234FF48032C3F80C21A2E7206008F1B9
:10D59000FF380446A8E74846FAF7A5FF002F99D0C0
:10D5A0004FF0E0234FF48032C3F80C2192E7F7B537
:10D5B0009E1C15460446D0F8C42739D0581C39D1D2
:10D5C000538B928D04F6A94084F8A73C1B0A84F87B
:10D5D000A12CC2F3032284F8A55C04F6A14742F013
:10D5E000200284F8A83C84F8A22C2A1D84F8A32CDD
:10D5F000002284F8A42C84F8A62C2A4609F0A0FC6A
:10D600000835114BD4F89C6BEDB21A681B689EB9B3
:10D6100040F6B2120D490E4803F076FA3B46324608
:10D620000C490B48CDE9005403F06EFA03B0F0BD8D
:10D63000138BC6E79BB2C4E723462A4639463046D9
:10D6400003B0BDE8F0402FE73872002011570020EA
:10D650006466002067570020D0F8943013B5044664
:10D6600073B113494FF48032C3E90D1200F1600227
:10D6700003F13401986802B0BDE81040FBF7CEB862
:10D68000D0F8903093B14FF4D173ADF8043090F8E6
:10D69000603001208DF8063004F05AF96FF0010374
:10D6A000032201A9D4F89000FFF781FF02B010BD5A
:10D6B00021090002532A10B5044680F85E1080F854
:10D6C0005F200FD190F86030DA4303F0010102F0DF
:10D6D000010291422DD062F3000384F86030BDE86E
:10D6E0001040B9E7392A0CD190F8603083F002027B
:10D6F000C3F34001C2F3400291421AD062F34103E6
:10D70000EBE7472A0CD190F8603083F00402C3F3B2
:10D710008001C2F3800291420BD062F38203DCE706
:10D72000FAF7E0FF636AA4F85C0013B1BDE81040AB
:10D73000184710BD2DE9F04704460D46174600F185
:10D74000450800F14B0918F8016F032E0ED9294640
:10D750003046FAF7B1FF48B9324694F844102046F3
:10D76000FFF7A8FFE36A0BB130469847C845EAD1F6
:10D7700057BB05F1010905F1070A04F1440819F83E
:10D78000016F032E16D941463046FAF795FF88B946
:10D7900029783246204684F85F6084F85E10FAF7F4
:10D7A000A1FF236AA4F85C0003B19847A36A0BB1F8
:10D7B00030469847CA45E2D1FFB92B6863646B686D
:10D7C000C8F80430BDE8F087E36A002BD1D000260A
:10D7D0004FF0010808FA06F394F844100B42DAB24D
:10D7E00007D02B781A4204D106F16700E36AC0B271
:10D7F00098470136082EEDD1BBE7A36A002BDCD099
:10D800000026012707FA06F394F844100B42DAB217
:10D8100007D12B781A4204D006F16700A36AC0B280
:10D8200098470136082EEDD1C7E7CA6BD0F894307F
:10D830009A4210B504460AD10B6B082B07D101227E
:10D84000C96AFFF777FF012084F8810010BD00202E
:10D85000FCE790F8823010B5044683B190F881302F
:10D8600073B9026F12F002020AD1C36F022B07D9FB
:10D8700000F13C01FFF75EFF002384F8823010BD09
:10D8800094F88330002BF7D1A36E73B9002384F88A
:10D890008530F1E7013BA26EE06EDBB284F88530A3
:10D8A00004EB4303B3F88610904794F88530002BBF
:10D8B000F0D1EBE7A0F10C0001F016BD1346724A5F
:10D8C0002DE9F0410D4611400446B1F17F4F1DD0C6
:10D8D000C06E0240B2F5803F72D1A5F5E022A2F100
:10D8E000E001072921D805F00700012694F85E2001
:10D8F0008640F5B232405BB142B9A36A0BB16730E2
:10D90000984794F85E301D4384F85E50BDE8F0817E
:10D91000002AFBD0E36A0BB16730984794F85E3079
:10D9200023EA060384F85E30F0E7732A63D894F89C
:10D930008120EEB212B9226F920738D505F00702A6
:10D9400004EBD6070125954097F84C205FFA85F83F
:10D950002A40CBB1002AD9D1324694F85E10204635
:10D9600084F85F60FAF7BEFE236AA4F85C0003B196
:10D970009847A36A0BB13046984797F84C3048EA6D
:10D98000030887F84C80C1E7002ABFD0324694F8DC
:10D990005E102046FFF78EFEE36A0BB130469847D3
:10D9A00097F84C3023EA050387F84C30AEE7E36F75
:10D9B000072BABD85A1C2344E26783F83C50A5E7F9
:10D9C000B0F5402F17D1314A954214D1D4E91D1238
:10D9D000521A0ED0591A02EBD27364205B1000FB6E
:10D9E000013393FBF2F1534300D5013984F88410DD
:10D9F0008CE73221FAE7AAB2002A87D0012194F8F5
:10DA000085C0002684F8831004F18401F7B26745CD
:10DA100012D3002B3FF47AAF636E0BB1A9B29847D3
:10DA200094F88530032B9FBF5A1C84F8852004EBA3
:10DA30004304A4F8865069E731F8028F06F1010E1D
:10DA400042451ED1002B7FF461AFA36E0BB1A9B28A
:10DA5000984794F8853006F1440106F14300013BF4
:10DA600004EB410104EB4000DBB2DA1B84F88530A3
:10DA7000D2B252009F4288BF0022BDE8F0410AF0B6
:10DA800095BA7646C2E700BF0000FFFF20000600FF
:10DA90002DE9F74F044640690D4600286ED16A6BA8
:10DAA000704B9A426FD1B4F8BC202B6B93426AD171
:10DAB000002504F566764FF0010A06EB030BA94634
:10DAC0002B4684F8BE500095B3455FD8C5F10602D9
:10DAD000062D05F105004FF00001D2B204EB8000E5
:10DAE0004FEA820288BF002209F08CF8D4F858333C
:10DAF000A28D4BB9D4F838379B1AC4F858339B1A07
:10DB0000C4F85C33C4F83837D4F858132346E068B7
:10DB1000FFF7CAFCD4F85C1321B12346A28DE0685C
:10DB2000FFF7C2FCD4F8601321B12346A28DE06850
:10DB3000FFF7BAFCD4F8641321B12346A28DE06844
:10DB4000FFF7B2FCA06840F24C53C28B9A421AD144
:10DB5000038CB3F51A7F03D040F22F42934212D1C7
:10DB6000414A4FF4802304F13401C4E90D232346D4
:10DB70003E4A03B0BDE8F04FFAF750BE0368DB68D9
:10DB8000984700288BD003B0BDE8F08F3278FE2A8A
:10DB900002D106F2011697E702F00301022918D01C
:10DBA00003291AD001290DBF7178013600210236F0
:10DBB000B3458BD302F0FC02842A48D011D8082A3E
:10DBC00048D0802A3AD0042A7FF47EAF1FFA81F928
:10DBD0007AE7B6F801100336EAE7D6F80110053601
:10DBE000E6E7B02A2AD02BD8902A27D0A02A7FF4A3
:10DBF0006BAF009AF2B9052D1CD81D4A43EA0943C0
:10DC0000D2F85C88B8F1000F0ED0D8F80020214679
:10DC10000193404612681746A268B847019BD8B1E5
:10DC2000022801D184F87AA304EB85030135EDB213
:10DC3000C3F81480009F0137FBB20093002343E731
:10DC4000C02A7FF441AF009B4BB15F1EF4E784F81C
:10DC5000BEA039E78BB237E7D8F80480D2E7009B43
:10DC600032E700BF810600222109F4038766002005
:10DC700050DC042070B5C46B0146002C36D0D0E9CE
:10DC80000B56606948B994F8BE303BBB2A464FF446
:10DC90008071204604F080FB04E003685B689847CD
:10DCA0000028F0D0124B9D4210D9A28D25F01F0301
:10DCB0002A44BFF34F8F4FF0E021C1F8703F20336B
:10DCC0009A42FAD8BFF34F8FBFF36F8F2346A28DCE
:10DCD0002946E068BDE87040FFF7E6BB012EE1D9B8
:10DCE0002A4612F8011B41F48071D2E770BD00BFD3
:10DCF000FFFF1F2000222DE9F34180F8B9230446DD
:10DD00004B6BBC480D8F83425CD0BB4883421BD019
:10DD1000A32B43D10B6B042B40D1CB6A1F68002D82
:10DD20003CD094F8B6339D4238D86E1E07F00108F7
:10DD3000264496F8BC33092B30D8DFE803F0636340
:10DD40007E7E7E7E7EB1C9D6B4F8A233A4F8B63307
:10DD500094F8A53384F8B83394F8B033012B12D972
:10DD600094F8B20340F6013394F8B11343EA004348
:10DD7000A068C4E9DC31234604F55C71FAF74EFD76
:10DD8000012384F8B933012504E0294601352046F2
:10DD9000FAF75EFE94F8B633AB42F6D294F8B93394
:10DDA000002B40F0E08094F8C313002900F0AE800F
:10DDB00091FAA1F12046B1FA81F102B0BDE8F0413B
:10DDC000FAF746BE94F8B633AB42E7D1D4F87833CD
:10DDD000002BE3D194F8B533012594F8B423032143
:10DDE00001932B46A0680095FBF798FB4268834A95
:10DDF0002346C4F8780304F56671C2632A46FFF728
:10DE000053FBCBE7B8F1000FC8D0022386F8BC3330
:10DE100094F8CB332BB944F6206104F54E70FFF72C
:10DE200062FA012294F8CB3329462046AA401343D4
:10DE300084F8CB33FAF75DFEB0E7B8F1000F23D0DA
:10DE40000133DBB2072B86F8BC33A7D16C4991F8BC
:10DE50005828AAB991F8342892B90122204681F8AD
:10DE60005828AA4094F8CB1321EA0202294684F8E4
:10DE7000CB2386F8BC33FAF787FE84F8BA538DE7D4
:10DE8000062386F8BC3389E7012294F8CB3302FAE3
:10DE900005F523EA050584F8CB5386F8BC237DE716
:10DEA000BA0715D529462046FAF748FE082346F258
:10DEB000A81104F5557086F8BC33BB0556BFC7F3EF
:10DEC000802701277F0084F8BB73FFF70CFA65E712
:10DED000B8F1000F7FF462AF29462046FAF709FE39
:10DEE000474B83F858880123CBE7B8F1000F7FF444
:10DEF00055AF04EB8507D7F87803FAF771FF294689
:10DF00002046C7F87883FAF7F4FDECE794F8C513D8
:10DF100049B191FAA1F12046B1FA81F102B0BDE810
:10DF2000F041FAF7E6BD94F8C623FAB192FAA2F5E9
:10DF3000B5FA85F5BDB194F8B6339D4213D80126E4
:10DF4000304B0A46A06884F8B96304F55C71AE40B2
:10DF5000C4E9DC352346FAF761FC94F8C63323EABA
:10DF6000060384F8C63302B0BDE8F08194F8C753C5
:10DF7000EDB195FAA5F5B5FA85F5002DF3D094F835
:10DF8000B6339D42EFD801261F4B04F55C71A068A3
:10DF900084F8B963AE40C4E9DC352346FAF73EFCA9
:10DFA00094F8C73323EA060384F8C733DBE794F811
:10DFB000C8636EB396FAA6F6B6FA86F6002ED2D0ED
:10DFC00094F8B6339E42CED80127104B2A4604F56A
:10DFD0005C7184F8B973B740A068C4E9DC362346A5
:10DFE000FAF71CFC94F8C83323EA070384F8C83313
:10DFF000B9E700BF23030800A006002909B8010003
:10E0000050DC04202301110023011200230113001E
:10E0100094F8C91349B191FAA1F12046B1FA81F1FE
:10E0200002B0BDE8F041FAF789BD94F8C41349B1D4
:10E0300091FAA1F12046B1FA81F102B0BDE8F041B8
:10E04000FAF72CBD94F8CA1300298CD091FAA1F1EB
:10E050002046B1FA81F102B0BDE8F041FAF794BD73
:10E0600070B5C46BD4B10025012606FA05F3D4F8C7
:10E070009823134203D029462046FAF70FFD0135B5
:10E0800094F8B6339D42F0D9234604F56671D4F86E
:10E0900078030122BDE87040FFF706BA70BD2DE994
:10E0A000F0411546C28D0446002A51D00369002B69
:10E0B0004ED0D0F8683363B9D0F838379B1AC0F81F
:10E0C00068339B1AC0F86C33C0F83837032380F8E4
:10E0D000793394F8780394F8797337EA000337D0EA
:10E0E000B5F1FF3F08BF1546D4F86863002301224D
:10E0F00017422DD0104224D11043DA3384F878032C
:10E1000054F823602A46304608F01AFF124B9E420C
:10E110000FD926F01F037219BFF34F8F4FF0E02184
:10E12000C1F8703F20339A42FAD8BFF34F8FBFF344
:10E130006F8F23462A4631462069BDE8F041FFF73C
:10E14000B3B901335200DBB2D2B2042BD0D1D9E73C
:10E150000020BDE8F08100BFFFFF1F2070B5066BF7
:10E1600094B00446FEB120220021684608F04AFD22
:10E170004FF6057320226946ADF800303046B4F8FA
:10E180006631ADF8043094F869318DF8063094F8B2
:10E190006A318DF8073094F86B318DF80830FFF74D
:10E1A0007EFF14B070BD456B35B34F2231466846D3
:10E1B00008F028FD41F2521328464F22ADF80030F6
:10E1C000802369468DF80230FF238DF8043094F8DF
:10E1D00066318DF8073094F867318DF8083094F87F
:10E1E00069318DF80930B4F86A31ADF80A3040234E
:10E1F000FFF7DDF90120D4E72846D2E7036B70B5BD
:10E20000044693B3324900F2E44001F1300502467E
:10E2100051F8046BA94240F8046BF9D194F86611E7
:10E22000F9B194F8680184F8E61494F8671184F859
:10E23000E504C1B194F8680184F8E81494F86B110E
:10E2400084F8E7044900234884F8ED144FF44011A2
:10E25000BDE87040C3E90D0103F134019868FAF795
:10E26000DDBA0846DFE70846E6E7406B50B31A4BD5
:10E2700004F2E44203F13005114653F8046BAB425B
:10E2800042F8046BF9D11B88138094F86631D3B13E
:10E2900094F8682184F8E83494F8673184F8E72426
:10E2A0009BB194F8682184F8EA3494F86B3184F8CF
:10E2B000E92432225B0084F8EF344FF0FF33FFF79C
:10E2C00076F9012070BD1A46E4E71A46EBE700BF75
:10E2D0004430002021090102743000200146006B07
:10E2E00008B5B8B10223072281F8E43491F8693106
:10E2F00081F8E63491F86A3181F8E73491F86B31AE
:10E3000081F8E83491F8663101F2E4418B71BDE89F
:10E310000840C4E6486BB0B140F2A2233222A1F813
:10E32000E43491F8693181F8E734B1F86A31A1F841
:10E33000E83491F8663101F2E441CB716FF00103EA
:10E34000FFF735F9012008BD2DE9F8430E4690F896
:10E3500069110446B14209D190F86A11914205D180
:10E3600090F86B11994201D100253DE084F86B31A2
:10E3700094F82C3084F86961013B84F86A21062BFB
:10E38000F2D801A252F823F04DBB01005DBB0100A1
:10E3900011BB010065BB010055BB010011BB0100B1
:10E3A00097BB01002046BDE8F84327E72046BDE8BB
:10E3B000F84393E72046BDE8F843CFE60023082260
:10E3C000403604F2E44184F8E53484F8E6240C2273
:10E3D000C4F8E834C4F8EC342346D4F8A00484F834
:10E3E000E76403F0B9FD01252846BDE8F883656BB5
:10E3F00004F2E447DFF8C0900DB332220021384622
:10E400004FF0010808F0FEFBA2233222394684F8BF
:10E41000E434284699F8603884F8E58484F8E634D2
:10E42000434484F8F06403F00F0389F86038302324
:10E4300084F8EF346FF00103FFF7B9F8D3E7142243
:10E440002946384608F0DEFB012399F8612884F854
:10E45000E434D11884F8E52484F8E73444F2400227
:10E4600084F8EB343023206B89F86118A4F8E82491
:10E47000A4F8EC2484F8EE3484F8EF6420B114227C
:10E480003946FFF70CFEAFE7D4F8A00400283FF4AC
:10E490006BAF23461422394603F05EFD0546002883
:10E4A0007FF462AF0249034802F02EFB9CE700BFF5
:10E4B0008D5700206466002050DC0420A0F1180075
:10E4C00000F022BF00EB810310B59C6C94420CD08D
:10E4D0009A64012303FA01F180F84130D0E9542312
:10E4E0000A4343EAE173C0E9542310BD2DE9F84320
:10E4F00000F2E447044688461546002120223846AB
:10E500009946089E08F07EFB24490123013D1FFA2D
:10E5100089F991F8602884F8E4341A4484F8E734DF
:10E5200084F8EB34002302F00F0284F8EE8481F8C3
:10E53000602884F8E52444F24002A4F8E824A4F812
:10E54000EC2404F2EE42013315F8011F9BB202F8ED
:10E55000011F9945F7D8206BA0B120223946FFF75B
:10E560009EFD2EB1206B314600F55F70FEF7BBFEBD
:10E5700002F026FBC4F8700176B96420BDE8F843C8
:10E5800003F0E6B9D4F8A0040028F1D023462022F5
:10E59000394603F0E1FCEBE7BDE8F88350DC0420EA
:10E5A000F0B5C46B87B00546002C00F06A8194F882
:10E5B0002C30032B3DD13F220023C06AC4E95223F3
:10E5C00000220023C4E954230278202A48D12A6B70
:10E5D000112A45D98288616C8A4205D06264012281
:10E5E00084F8412084F842200430A74E00210127FE
:10E5F00016F8012B012930F9023F04EB820C98BF79
:10E600009BB2DCF848509D420CD0CCF8483007FA59
:10E6100002F384F84170D4E954251A4345EAE373C0
:10E62000C4E9542301310629E2D1012384F84230A0
:10E6300016E0042B6ED1C36A19785A7808291BD1C9
:10E6400094F86C3193420BD084F86C2142B194F869
:10E650009534002220465B0811460233FFF774FE12
:10E660002346B4F8962404F2A441D4F89C0407B0DD
:10E67000BDE8F04003F070BC012AF1D1D98803F164
:10E680000807606C4FF0010C88424FF03F0018BF44
:10E6900061644FF0000118BF84F841200022C4E9F2
:10E6A000520100200021C4E9540104F1440037F96B
:10E6B000021F50F8045F8D420BD001600CFA02F18A
:10E6C00084F841C0D4E954560D4346EAE171C4E9E7
:10E6D00054510132042AEAD11A7AA16D914209D02B
:10E6E000A265D4F8502142F01002C4F85021012252
:10E6F00084F841205B7AE26D9A4200F0BC80E365C9
:10E70000D4F8503143F02003C4F85031012384F889
:10E7100041308AE7072BA3D194F8383083B194F8BD
:10E720006D310022052B0BD8DFE803F003797F8AD7
:10E73000959F0221204603F06FFD012384F86D317F
:10E74000ED6A04F14401626C4FF0010C6B882F1DDF
:10E750005BBA9BB29A424FF03F021EBF6364012333
:10E7600084F841300023C4E9522300230022C4E985
:10E770005423002337F9022F51F8040F90420BD095
:10E780000A600CFA03F284F841C0D4E9540610433D
:10E7900046EAE272C4E954020133042BEAD1B4F927
:10E7A0004C3003A9B4F9482002A803F0F9F9DDEDD3
:10E7B000027AB4F9543003A9F8FE677AFDEEE77ADD
:10E7C000B4F9502002A8C4ED127ADDED037AF8FE08
:10E7D000677AFDEEE77AC4ED137A03F0E1F9DDED37
:10E7E000027A226EF8FE677AFDEEE77AC4ED147ABB
:10E7F000DDED037AF8FE677AFDEEE77AC4ED157A6F
:10E800002B799A4209D02366D4F8503143F0100393
:10E81000C4F85031012384F841306B796BE704214F
:10E82000204603F0F9FC022388E7012300924021EF
:10E8300004AA20468DF81030FFF758FE03237DE729
:10E8400001230092482104AA20468DF81030FFF7DA
:10E850004DFE042372E7302300923F2104AA8DF875
:10E86000103020460123FFF741FE002384F86D316C
:10E8700084F8383064E794F84130002B3FF4F0AE70
:10E88000D3E607B0F0BD00BFA63000206023002211
:10E8900010B5094C03FB0101D4F83838884203D382
:10E8A0000AB1C4F8383810BD024642F8603B03464E
:10E8B00010460122F2E700BF50DC042000EB81117A
:10E8C00008B5884200D308BDF9F7A0FF4030F8E74B
:10E8D00090F87431013BDBB280F874313BB900220F
:10E8E000436103630023C0E95223C0E95423704706
:10E8F000F0B50D0C8CB2092D15D1631E1F2B39D824
:10E900000124416C04FA03F303EA010532B925B18D
:10E9100021EA0301416480F84140F0BD002DFCD1A3
:10E920000B434364F7E7012D24D1A4F13003092BF5
:10E9300020D805FA03F300EB8404D0E95276D91706
:10E9400046EAE3761F43C0E9527654F8786C964263
:10E95000E3D044F8782CD0E9544223430A43D0E969
:10E960005641C0E9543223400A401343D5D080F8C1
:10E970004150D2E7B0F86031AB42CED1B0F862314D
:10E98000A342CAD8B0F864511D44A542C5D9C3F109
:10E990000A0319448BB23F2BBFD80125A3F12001F4
:10E9A000C3F1200400EB830605FA01F105FA03F335
:10E9B00025FA04F42143B46C94420ED0B264D0E939
:10E9C0005424D0E956761A430C43C0E954243A4003
:10E9D0003440224318BF80F84150D0E952421C43D2
:10E9E0000A43C0E9524298E790F8413013B101233D
:10E9F00080F8423070470120704710B40468A46961
:10EA0000A4465DF8044B60470368DB691847036858
:10EA10005B6A184703689B6A184700234362436395
:10EA200080F86C3180F8203070470000826810B5A3
:10EA3000B2B9C4690CB18C4212D10A4A934205D0D2
:10EA4000094A934202D0094A934209D190F8803092
:10EA5000C161013380F880308B688361012010BD73
:10EA60000020FCE78000010001000C00060001000E
:10EA700010B404682469A4465DF8044B6047036839
:10EA80005B69184703689B6918470368DB69184787
:10EA900000238361704770470B6B2DE9F3410193AD
:10EAA0000C46CB6A064612480093D1E90D23114962
:10EAB00002F02AF8E56A55B1238E0F4F102B94BF50
:10EAC000EC1805F11004DFF82880A54209D10B49A4
:10EAD000074802F019F8002086F8240502B0BDE8C6
:10EAE000F08115F8012B3946404602F00DF8ECE7AD
:10EAF000646600208C550020B7550020C13E0020E0
:10EB000073B504460D461E46CDE900230B4602466A
:10EB10001049114801F0F8FF6069C8B9A36A0BB148
:10EB2000AB4213D1A6F58033043B012B02D90B4B2A
:10EB30009E420DD10A49084801F0E6FFAB68204625
:10EB4000A562636223689B6C9847012002B070BD88
:10EB50000020FBE7BD55002064660020080001008E
:10EB60000856002038B50446A3F580300438012843
:10EB700002D93648834267D163690BB1934263D1AE
:10EB8000A368002B60D1626104F2E44094F8742120
:10EB90002163013284F87421012284F8412081F834
:10EBA0007923C1F8680384F86C216269D18B108CD9
:10EBB000274A15888D4213D15588854210D1254AA0
:10EBC000062101FB032393F8D63084F82C30013B57
:10EBD000062B1ED8DFE803F00A311D1D0A1D1300A5
:10EBE00001330632102BE4D10023EEE701254FF468
:10EBF000807027214FF0FF324FF0FF330FE00221EA
:10EC0000204603F009FB012384F83830002384F800
:10EC10006D3109252120052140F2FF320023A4F89F
:10EC20006201A4F864110C480C49A4F86051C4E9CD
:10EC3000562301F069FF012038BD4FF47F452120A4
:10EC400036216FF44062D7E70020F5E708000100A5
:10EC5000BE2D0020EC2C0020646600200856002009
:10EC600013B5C96A04460B787BB994F82C30072B8E
:10EC70000FD100222046019103F0F4FA019948B91E
:10EC8000204603F01DF8012004E0012B80F84030FD
:10EC9000EBD1002002B010BD2DE9F04F83B0044647
:10ECA0000D460B7800AF012B80F8403040F03781E3
:10ECB000402A90F82C1028BF4022012940F08B8078
:10ECC00028796B8843EA0043606C984202D0636401
:10ECD00084F842100021272004F1440C05F1050EB0
:10ECE00004F150080123C4E9520100211EF8010F6C
:10ECF0005CF8046F864209D0D4E9546008431E438F
:10ED0000C4E954609EF80000CCF80000DB184941CB
:10ED1000E045EBD16B7AE16D994207D0D4F85031E0
:10ED200043F02003C4F850316B7AE365AB7C616D2E
:10ED3000994207D0D4F8503143F00803C4F8503159
:10ED4000AB7C6365EB7CA16D994207D0D4F8503160
:10ED500043F01003C4F85031EB7CA36504F1700E4E
:10ED60004FF00A0C4FF4806300211FFA8CF08242AE
:10ED7000D4E9549812D8D4E95432D4E95601034066
:10ED80000A4013434FF0010301D084F842300120C0
:10ED900084F86C310C37BD46BDE8F08FD4E9526081
:10EDA0001E430843C4E95260DEF8000015F80C6009
:10EDB000864209D041EA080043EA0906C4E95460E2
:10EDC00015F80C00CEF80000DB180CF1010C0EF168
:10EDD000040E4941C9E7052938D1E878B5F8011092
:10EDE00041EA0041606C884202D0616484F842309C
:10EDF0000021002004F1480E4FF0050C4FF4806311
:10EE0000C4E9520100211FFA8CF08242D4E95498DF
:10EE1000B1D9D4E952601E430843C4E95260DEF818
:10EE2000000015F80C60864209D041EA080043EA68
:10EE30000906C4E9546015F80C00CEF80000DB1890
:10EE40000CF1010C0EF1040E4941DCE703294FF0EF
:10EE500000004FF0000138D14FF03F084FF000099B
:10EE6000C4E95401C4E95289616CD5F80D208A4285
:10EE700004D0626484F8413084F84230834E00222A
:10EE80004FF0010C05EB420316F8011B032AB3F9FE
:10EE9000013004EB810E98BF9BB2DEF84800984227
:10EEA0000CD0CEF848300CFA01F384F841C0D4E914
:10EEB0005401184341EAE371C4E954010132062ABE
:10EEC000E0D1012384F8423055E7C4E9520105EB53
:10EED000020E04F148000021AE45D4E954C23FF4CB
:10EEE0004AAFD4F84C617E60D4F8486146EA030822
:10EEF0007E680E43C4E95286066895F80080B045E6
:10EF000006D00A4343EA0C06C4E954622A78026038
:10EF1000DB1805F1010500F104004941DCE7112B84
:10EF200040F0A58000200021EB46C4E95201C4E96D
:10EF30005401901E0532D208ABEBC20300229D465D
:10EF400091B201328142C0F28E805879D97902099A
:10EF50009E7901F0010100F00F055A7142EA061294
:10EF6000D97142EA013201079D725FBF484901EB46
:10EF70008501D1F838110A43616C914203D0626473
:10EF8000012284F842200021272004F144069C46F7
:10EF900004F150080122C4E9520100211CF801EFDC
:10EFA00056F8040F704507D0D4E954501543084370
:10EFB000C4E95450C6F800E0921849414645EDD1E5
:10EFC000E26D4FF0000C197904F1600005334FF049
:10EFD00027098A421EBFD4F85021E16542F0200281
:10EFE000D97818BFC4F85021626D8A421EBFD4F888
:10EFF0005021616542F00802197918BFC4F8502108
:10F00000A26D8A421CBFD4F85021A16561461CBF85
:10F0100042F01002C4F8502104F5A4727A60012273
:10F0200013F801AF49EA020850F8045B4CEA010EFC
:10F03000C146AA45F44607D0D4E9546516430D43AA
:10F04000C4E9546540F804AC92187D684941A8426F
:10F05000E6D10123C4E9528E84F8423084F86C3141
:10F06000DD46002096E66E18B6785E5468E790F8A4
:10F070002C30072BF5D1002202F076FF00287FF418
:10F0800089AE2946204602F01BFE83E61E2E002094
:10F09000EC2C00202DE9E841054688462A481E460A
:10F0A0002A49174601F030FDAB6A0BB1434530D118
:10F0B000686970BB07F47063B3F5A06F23D16EB1BC
:10F0C00031462846FBF776FA07F03C07082F1ED199
:10F0D000069B012B00D0F6B900BB04E03046F3E7F5
:10F0E000042385F820301A49174801F00DFDD8F89F
:10F0F0000830C5F8288001226B6202206B63D3F8C8
:10F10000C43783F83820BDE8E8810028EBD101201E
:10F11000F9E70020F7E70028F9D0002095F82C3017
:10F12000013B062BF1D801A252F823F089C8010057
:10F130008FC801008FC80100B3C8010089C8010051
:10F14000B3C801008FC8010064660020AF560020DC
:10F15000E256002010B50446FBF72CFA60B194F893
:10F160002C30022B05D003F0FB03012B04D1042328
:10F1700000E0012384F82030012010BDF8B50546D9
:10F1800018460E461746EB690BB18B421FD1AC688F
:10F19000ECB907F47063B3F5A06F1AD130B10F2248
:10F1A0000D4907F0DBFE08B9A861F8BD7B0601D464
:10F1B0000120FAE7012386F83830069B012BF7D1AE
:10F1C000B3680220EE61AB61C5F89030EDE7002036
:10F1D000EBE72046E9E700BF4256002008460F2231
:10F1E000034908B507F0BAFE003818BF012008BD72
:10F1F000425600200023074A4360D2F8543813B91E
:10F20000C2F8540870471A465B68002BFBD1506067
:10F21000704700BF50DC04200023074AC0E90133D7
:10F22000D2F83C3813B9C2F83C0870471A465B68FC
:10F23000002BFBD15060704750DC04200023074AAC
:10F240004360D2F85C3813B9C2F85C0870471A46BC
:10F250005B68002BFBD15060704700BF50DC04207E
:10F2600038B500F5A671044600F10C030D4A1846A6
:10F2700028338B4211D104F5A0700221FFF706FB61
:10F2800004F500700421FFF719FB04F5407006F047
:10F29000B9F92046BDE83840BEE7156843F8285C58
:10F2A0001060E4E7BC7B002010B50446006B50B151
:10F2B00000F55F70FEF7BAF8204601220021BDE894
:10F2C000104002F0CFBF10BD10B50446806A50B1A7
:10F2D00000F56A70FEF7AAF8204601220021BDE879
:10F2E000104002F041BE10BD012310B580F88130FE
:10F2F0000C789C4205D122461944FEF71BFA2046A1
:10F3000010BD0020FCE7000037B590F82C30002538
:10F310000446013B80F86D51062B13D8DFE803F05B
:10F32000140412121F12270040F243230120ADF8EB
:10F33000003002F00DFB4FF0FF3302226946606B94
:10F34000FEF735F903B030BD0E4B0120ADF8045087
:10F35000009302F0FDFA4FF0FF330622EEE70023A0
:10F36000FF22194603B0BDE83040FEF7EDBF012390
:10F370006A4602218DF8005002F0B2FB84F86D510C
:10F38000E0E700BF53F44203A3F10113012B0BD8B4
:10F3900083680BB19A4207D190F824308260013320
:10F3A00080F82430012070470020704790F8243006
:10F3B000013BDBB280F8243003B98360704701233E
:10F3C00080F8263070470B0C89B2092B10B50FD18D
:10F3D0000139072909D8012490F8273004FA01F1EE
:10F3E00022B923EA010380F8273010BD0B43FAE766
:10F3F000012B1DD130390829F7D801A353F821F08A
:10F40000CDCB0100D1CB0100E3CB010093CB0100B8
:10F4100093CB010093CB010093CB010093CB010070
:10F42000D5CB01008262E0E7C262DEE70263DCE77F
:10F430000C2BDAD1B1F50E7FD7D14263D5E790F826
:10F4400026302BB1012380F82530002380F82630A8
:10F450007047A0F10C0006F04FB80023C36070475E
:10F46000A0F10C0006F069B8A0F10C0006F06CB831
:10F47000A0F10C0006F06BB8A0F10C0006F06AB821
:10F4800038B50A4D0024EFF3108272B6286848B1EF
:10F4900043692B6003B19C6102B962B6836844770B
:10F4A0009847F0E702B962B638BD00BF6088002017
:10F4B000044B5A68044B5A60044A136801331360C2
:10F4C000704700BF001000E0608800203872002004
:10F4D00007EE901A9FED9A7A0421B6EE005AF8EEE4
:10F4E000677A9FED986A2DE9F043C7EE275A0469C1
:10F4F0000E464FF0010941F6FF7507EE901AF8EE3F
:10F50000E77A85EEA77A77EE057AFDEEE77A17EED1
:10F51000903AAB42A8BF2B46012BB8BF012307EEA0
:10F52000903AF8EEE76A76EEC76AC6EE877AF5EEAD
:10F53000C07AF1EE10FA48BFF1EE677AF4EEC67ABF
:10F54000F1EE10FA98BF0E4601F101019CBFB0EE3A
:10F55000676A99462129D0D143690021856BB3F8A8
:10F5600058C0A0F84A10A5EB0C0CA0F84C10A0F85D
:10F570004610C0F83CC0B3F85AC0A0F84810A5EB3C
:10F580000C0580F844101F690564DD68296839435B
:10F59000296002F400716C4D002914BF0121002183
:10F5A000817640F0BB80017EDFF8A88103EB011C6F
:10F5B00003EB01119CF814E005EB0E1EDEF8087059
:10F5C000DEF804E0C7F80080DCF818C0CEF800C010
:10F5D000D1F81CC0BCF1000F02D0096ACCF80010B1
:10F5E00090F819C0D92103EB0C1C9CF834E005EB12
:10F5F0000E1EDEF808703960DEF80410DCF838C042
:10F60000C1F800C0417E03EB0111D1F83CC0BCF150
:10F61000000F02D0096CCCF80010711E082E4FEAC2
:10F620000161CCBF0026012601F0F85149EA4647A6
:10F630005E68394321610021E1605B784349103302
:10F6400041F82360416901274B7891F8561003F186
:10F65000604303F564431970466971784B0901F002
:10F660001F0103F1382307FA01F140339B001960B1
:10F670004FF00213510702F00F01E362A36A43F057
:10F680008803A36202F0030343F4701348BF43F0FE
:10F690001003042908BF43F0804397060FD5817EED
:10F6A00043F0805359B1417E06EB011191F83410BB
:10F6B00005EB0115AD68296821F440412960817E80
:10F6C00009B143F0A0031507A36103D5236943F0F3
:10F6D000005323616369D10623F0805348BF43F090
:10F6E00080536361D30503D5236943F40053236139
:10F6F000B3681BB3164B00211A7A03F10C04CDB288
:10F70000AA4216D8511C03EB8202D06093F82C2039
:10F71000197242F0020283F82C200FE090F819C011
:10F720004FF2D90103EB0C1C9CF834E005EB0E1EE4
:10F730005FE754F8045B0131A842E0D1BDE8F083F3
:10F74000001BB74BEC78AD606C290020006C0020EA
:10F750006088002038F00100B0F84630B0F848204A
:10F760009BB292B2934229BF416B02F1FF3201F189
:10F77000FF315218D01A7047016972B6B0F84A20AA
:10F78000B0F84C3092B29BB29A423CBF806B1218D8
:10F79000C86AD31AC0F30260184462B67047B0F862
:10F7A0004A100246B0F84C3089B29BB2994210B56B
:10F7B00004691BD172B6B0F84A0080B2814214D1FC
:10F7C000E36A13F0E06F0DD00121E369A2F84A105B
:10F7D0000021C3F30900DBB2A2F84C10126A537087
:10F7E00062B610BD4FF0FF30FAE762B6916B01339D
:10F7F000994298BF0023116B99428EBF126A5B1A1F
:10F80000526AD05CC0B2ECE702460069B2F84A1016
:10F81000B2F84C3089B29BB2994230B50C4612D145
:10F8200072B6B2F84A1089B28C420BD1C36A13F097
:10F83000E06F04D0C069C0F3090062B630BD4FF07C
:10F84000FF30FAE762B60133946B106B9C4298BFAD
:10F850000023984215D9106AC05C9DB2C0B2A2F8CC
:10F860004C50956D002DE9D0994234BF6418CB1AE5
:10F87000D16B38BFE31A9942E0D3D36DC5F8883015
:10F88000DCE7181A556A285CE7E7484B1A695169A2
:10F8900011F4401FF0B539D0D16A11F0E06FC1F317
:10F8A00002652CD0B3F84A10B3F84C4089B2A4B228
:10F8B0009F6B481CD669B84228BF0020B3F84C7033
:10F8C000BFB2874206D0196BF6B2884265D2196A78
:10F8D0000E540146681E10F0FF05E9D188B29D6DF7
:10F8E000A3F84A005DB18C4289BF986B091B001BCD
:10F8F0000918186C884202D8D96DC5F8841051696E
:10F90000CF0203D5516941F48011516195692E02EE
:10F9100029D551690C0226D5B3F84640B3F84810F2
:10F92000A4B25F6B89B2D3F81CC0D3E90AE68C425B
:10F930000CD00131B94228BF00218E4231D91CF8C8
:10F940000100C0B2D061D06A4005F0D588B28C42C7
:10F95000A3F8480007D1916921F4000191619169F0
:10F9600041F480019161680216D55169490213D5AD
:10F97000002183F84410196D11B1586DC1F8880049
:10F980009B7E2BB172B6936923F00053936162B6EC
:10F99000936923F480039361F0BD411A5F6A7E543A
:10F9A00097E7881B1EF80000CBE700BF1465002016
:10F9B000F8B507460C4669B18D180026A54201D15D
:10F9C0003046F8BD3B68384614F8011B1B68984761
:10F9D0000644F3E70E46F3E70B4B0C491A78097817
:10F9E000D3B28A420DD00133094A092B28BF002324
:10F9F000D25C084B33F81210074B03EB4223585CE0
:10FA000070474FF0FF3070479CE10020C6E10020B6
:10FA10009DE10020A6E10020808926207B4A7C4BC6
:10FA20005169F0B59669DC687A4B984240F2DB8008
:10FA3000794B984240F2DA80784DC31AB3FBF5F364
:10FA400019256B4303F2E243D2F88050A3F54873C3
:10FA500045F0C005C2F880501922B3FBF2F304F060
:10FA60001F029A4207D224F01F04694A1C43D46043
:10FA70001568002DFCDA11F0007529D1684A694F2C
:10FA800012693A40BA420EBF032200220125D7066E
:10FA900081EAC26212F0605F05D021F0605247EA4D
:10FAA00002015A4A51612A0386EA053515F4405F7E
:10FAB00007D026F44056554D3243AA61AA6C16076A
:10FAC000FCD441F00071514A5161956CAD06FCD4F3
:10FAD0000126554F354606FB05F24243BA4240F235
:10FAE000888002F5B702514802F5586282425048B8
:10FAF00000F28980B2FBF0F2362A38BF3622484F36
:10FB00005043DFF84CE1D7F800C00CEA0E0E42F08B
:10FB1000004CB0FBF5F04CF4005CE645B0FBF6F0B1
:10FB200009D04FF4805C42F40052C7F800C03A603C
:10FB30003A68002AFCDA354A013D176907F00707E1
:10FB4000AF4203D01561956CEF03FCD4721E950291
:10FB500081EA822212F4E05F0AD021F4E05205F437
:10FB6000E05545EA0201294A5161956CAD07FCD484
:10FB7000304A314D0244AA4296BF304F0427B2FBAF
:10FB8000F7F77E1E350281EA062616F4407F1F4EE7
:10FB900005D021F4407205F440711143716172691E
:10FBA0001A4922F0007272618A6C9206FCD4244ACF
:10FBB000244910604FF0FF32B0FBF7F70F60224985
:10FBC000B0FBF1F1B2FBF1F220490A6304F01F022D
:10FBD000934207D224F01F040D4A2343D3601368D5
:10FBE000002BFCDAF0BD40F27E432DE740F2E24309
:10FBF0002AE7082D01D001356DE7042E3FF671AFDD
:10FC00000136012567E76C2279E700BF00C00F408D
:10FC10000000084000A4781F0046C323003FAB014A
:10FC200000800D4040300080FFB19F26FF7EF64DE2
:10FC3000001BB7007FD1F0087F17B42C80D1F008EB
:10FC40008C6500208C66002040420F0060880020F8
:10FC50007F300180114B0021114A30B5C3F8F022EA
:10FC60000122104D104CC3F8F412C3F8B820C3F8A9
:10FC7000A010C3F8A450C3F8B0205869C007FCD541
:10FC80005A612078C007F0D41A6842F001021A6065
:10FC9000024A1368DB07FCD462B630BD00802A40FC
:10FCA0000504012401000F0000812A4070474FF431
:10FCB00070430022A0F88C310F231146A0F88E313A
:10FCC000A0F89021B0F888319BB2F0B543F0F00372
:10FCD00060274FF460464FF4806548F2B824A0F8DE
:10FCE000883107FB02030132042A9E80DD8059849B
:10FCF000198659805981DC815982D9825983D983E7
:10FD0000EFD1B0F888319BB243F00F03A0F88831EF
:10FD1000B0F888319BB243F47063A0F88831F0BD2D
:10FD200000224FF00F0CF0B5114641F2010745F6E5
:10FD3000C05643F2260400EB42135501013299816B
:10FD4000042A5981A3F80EC09F82DE804153198294
:10FD50009C81F0D1F0BD30BFFDE730B5224B234C84
:10FD600009B309049864012541F080011D645964B8
:10FD700000F58051D96400F50051196500F5405136
:10FD800000F58040596503F140019865A1600021AC
:10FD9000E1601749D1F8B0012843C1F8B001D1F8AA
:10FDA000B0010028FBD10121002A12484FEA02428B
:10FDB000196648F2800108BF802159660021C4E914
:10FDC000120199664FF001100949C1F8BC01D1F840
:10FDD000B00140F48030C1F8B001C3F88020D1F800
:10FDE000B031002BFBD130BD608800200000002026
:10FDF00000002E40C08800201204816042F0800282
:10FE0000426001F58052C26001F5005210B50261F6
:10FE1000012401F5405201F5804104604261C0E9CE
:10FE2000061310BD836BF0B51BB1536843F4004358
:10FE3000536072B6446B184B24B32260D3F8B041C0
:10FE40000C421CD1154E7768D3F8404144F48044ED
:10FE5000C3F84041D3F8B841D3F840516D0404D4FD
:10FE60007568ED1BB5F5166FEED30C4007D1C0E9F0
:10FE70000224094CD4F8B0310B43C4F8B0314263CA
:10FE800062B6F0BDC0E90224D3F8B0412143C3F803
:10FE9000B0110263F3E700BF00002E40001000E045
:10FEA00070B50446006B38B102460025536813F064
:10FEB000800302D022633DB970BD12680135012A6A
:10FEC000F4D1C4E90C33F6E70668013DA36B98470B
:10FED0003046F0E7204B70B51B78002B3BD01F4C11
:10FEE000B4F88460BEB301231D4D04F1A000C6F533
:10FEF000006684F8863094F88730324605EBC325D7
:10FF000000EB4310002329462E44FFF775FFBFF393
:10FF10004F8F4FF0E023C3F8705F2035AE42FAD820
:10FF2000BFF34F8FBFF36F8F4FF4801102460D4820
:10FF3000FFF778FF94F8873000220133A4F884207B
:10FF4000DBB2032B94BF84F8873084F88720BFF39B
:10FF50004F8F84F8862070BD95E1002060880020D6
:10FF600000AA2620400200200D4B0122002003F1B0
:10FF7000A00130B583F88620024693F8874094426A
:10FF800004D04D682D0658BF00F5006001322031C5
:10FF9000042AF4D1BFF34F8F002283F8862030BDAE
:10FFA0006088002070B51E4D95F8862002F0FF0392
:10FFB000AABB1C4A127892B3B5F884607EB395F858
:10FFC000872005F1A000184CC6F5006600EB421032
:10FFD00004EBC224324621462644FFF70DFFBFF34F
:10FFE0004F8F4FF0E023C3F8704F2034A642FAD869
:10FFF000BFF34F8FBFF36F8F4FF4801102460B4852
:02000004600298
:10000000FFF710FF95F8873000220133A5F8842010
:10001000DBB2032B94BF85F8873085F8872070BD4D
:100020006088002095E1002000AA262040020020E0
:10003000204B214A10B511B309049864012441F002
:1000400080011C64596400F58051D96400F50051A9
:10005000196500F5405100F58040596503F14001F4
:10006000986591640021D1641449D1F8B00140F43D
:100070008030C1F8B001D1F8B0010028FBD10121D6
:100080000F481966802159660021C2E902010B4A16
:100090004FF001109966C2F8BC01D2F8B00140F0EF
:1000A0000100C2F8B001C3F88010D2F8B031002BC3
:1000B000FBD110BD608800200000002000002E4011
:1000C000C0880020F0B5837B102B2DD1C37B202B63
:1000D0002BD1037C602B27D100225D4913460344BA
:1000E00001EB4206550001325F7D1C7D032A44EA84
:1000F0000724A6F82041DF7E9C7E44EA0724A6F868
:10010000264193F8217093F8204044EA0724A6F88A
:100110002C41344693F8276093F8263043EA0623AF
:10012000A4F83231EBB2DAD1F0BD802B12D1037CCE
:10013000602BF9D114300023454D027805EB4301C3
:1001400010F8014F013342EA0422032BA1F82021C9
:10015000F3D1E9E73D2B68D1037C602BE4D1437DEB
:10016000067D1A02C47D1B09877E02F47062164365
:10017000827D43EA0215027E1302120903F47063C2
:100180001C43437E42EA0312C37EA61B19021B09CD
:1001900001F470610F43017F43EA01112C4BA3F876
:1001A00044413C44A3F84621A3F84A41541B0A4465
:1001B000457FA3F84C41A3F84E21827F90F8207030
:1001C0001102A3F84861120990F8236001F47061EC
:1001D0000D43C17F42EA011290F82110A3F8385173
:1001E0000C02A3F83A21090904F47064274390F83B
:1001F000224041EA041490F8241090F825004FEAB8
:10020000012C09090CF4706C41EA0011E81B46EA64
:100210000C06A3F83C01A819A3F83E01101B0A44E0
:10022000A3F84001A3F842217EE7862B0DD1037C81
:10023000602B7FF479AF037EC27D1B0203F47063F1
:100240001343034AA2F850316EE7982BEFD06BE7C7
:10025000608800202DE9F843114E0546002440F641
:10026000B737D6F80080DFF83C903368A3EB08037B
:10027000BB4203D90020BDE8F88300244846FFF7BD
:100280007BFA0028F1D04846FFF7BEFA2B5DC0B2DA
:100290008342F2D101342B5D002BEFD10120EAE73C
:1002A0003872002014650020F0B50001324C334D47
:1002B0002358AB4240D007D8B3F1844F3ED0A5F5C8
:1002C0008045AB423CD0F0BD2D4DAB42FBD12D4E15
:1002D00020442D4DD0E901ECC4682C48C0F8B4523C
:1002E0004FF0E0204FF00055042A6FEA0407C0F8F1
:1002F00010512748855C586920EA040058614FF086
:100300000500CEF80000DCF8000040F48030CCF8A6
:100310000000586820EA0400586094FAA4F0DA69F2
:10032000B0FA80F046F820100CD12243DA619C61CB
:100330005A6914435C61C6E7164EC9E7164EC7E713
:10034000164EC5E73A400F28DA614FF0030209DC88
:100350004000D968824005FA00F021EA0202024317
:10036000DA60E4E71038196940008240854021EAEC
:1003700002022A431A61DAE76C2900200080004259
:1003800000C00042106800204D790000006C002081
:100390004431002090670020906600201067002004
:1003A000F0B5032485B08DF80440254C8DF8071076
:1003B000090AD4F800548DF80D300B359DF828301B
:1003C0008DF80810110AC5F309058DF80E30D4F820
:1003D00000348DF80500000A8DF809209D428DF843
:1003E0000A104FEA12414FEA12628DF806008DF8AA
:1003F0000B108DF80C2016D2D4F8007401A9D4F893
:100400000004C7F580662044324606F099FD6FF47B
:100410007D732046FA1801AB991906F091FDC4F8D6
:10042000005405B0F0BDD4F8006401ABA21903CBB1
:10043000A051516019889B7811819372EFE700BF3A
:1004400010F90020F0B5022385B0204C8DF804305F
:100450000123D4F800548DF8093000230A358DF8B3
:100460000500ADF80A304FF40073C5F30905000A22
:10047000ADF80C30D4F800348DF80710090A9D420D
:100480008DF806008DF8081015D2D4F8007401A973
:10049000D4F80004C7F580662044324606F050FDCB
:1004A00001ABA7F2F6322046991906F049FDC4F8CF
:1004B000005405B0F0BD01ABD4F8006403CBA21921
:1004C0001B88A05151601381F1E700BF10F9002093
:1004D000C30810F007004FF0010214BF01330820D9
:1004E000F0B5204C85B0D4F800548DF809301B0AC3
:1004F0000A358DF804208DF80A300023C5F309056C
:100500004ABA8DF80B308DF80C30D4F800348DF8E1
:100510000510090A9D42ADF806208DF808108DF8E7
:100520000D0015D2D4F8007401A9D4F80004C7F561
:1005300080662044324606F003FD01ABA7F2F63296
:100540002046991906F0FCFCC4F8005405B0F0BD33
:1005500001ABD4F8006403CBA2191B88A0515160F1
:100560001381F1E710F90020F0B500281B4C85B08D
:1005700014BF08230723D4F800548DF80430002357
:100580000A358DF80530C5F30905ADF8063002933C
:10059000ADF80C30D4F800349D4215D2D4F8007474
:1005A00001A9D4F80004C7F580662044324606F05D
:1005B000C7FC01ABA7F2F6322046991906F0C0FC41
:1005C000C4F8005405B0F0BD01ABD4F8006403CB0F
:1005D000A2191B88A05151601381F1E710F9002086
:1005E000F0B5184C002385B00522D4F80054ADF8BE
:1005F0000C300A35CDE90123C5F30905D4F80034E0
:100600009D4215D2D4F8007401A9D4F80004C7F5AE
:1006100080662044324606F093FC01ABA7F2F63226
:100620002046991906F08CFCC4F8005405B0F0BDC2
:1006300001ABD4F8006403CBA2191B88A051516010
:100640001381F1E710F90020F0B55B4CC3B005460B
:10065000D4F85034D4F844249B1AD4F84024D65CFF
:10066000D4F85034F6B20133C4F85034032E00F2FB
:100670009F80DFE806F0022A2C2E5049284607F01A
:10068000DEFCD4F85024D4F84434D4F84014D21A00
:1006900002AB8F188858796803C33A8900211A8001
:1006A0000DF1120209238DF8121012F8010D202805
:1006B00011D002AA3F201A4412F8011920395F29EB
:1006C00088BF5070013BF7D208E03D49D6E73D496D
:1006D000D4E73D49D2E7013B1170E6D202A9284692
:1006E00007F0FEFED4F85034D4F84014022E03F183
:1006F0000A03C4F85034D4F85034D4F84424A3EB9B
:10070000020301EB0300CA5C4078D2B2D4F8503443
:10071000C0B203F10203C4F85034D4F85034D4F812
:100720004474A3EB070301EB0307CB5C797843EA3E
:100730000123D4F8501401F102011FB2C4F850147F
:10074000D4F8501401F10201C4F850140ED87EB14F
:100750001E4B02A81E49022E18BF194607F06FFC57
:1007600007F01F0360338DF80E3009E0032E09D027
:10077000002F13DB174A4FF4807102A807F016FF11
:1007800002A908E0B3F5804F42EA002208D1B2F591
:10079000D85F05D11049284607F0A2FE012008E0E5
:1007A00000924FF480710D4A02A807F0FFFEE7E7C0
:1007B000002043B0F0BD00BF10F90020B857002062
:1007C000C2570020CF570020DC570020AE57002032
:1007D000A3570020E4570020EE570020F7570020D1
:1007E0002DE9F04F4A4ED6E956238B4208BF82428C
:1007F00079D03C25474C40F26D1B4FF064094FF413
:10080000C87AB0FBF5F305FB13022270B3FBF5F2D7
:1008100005FB123318256370B2FBF5F305FB1322B9
:100820000725A2701A1DB2FBF5F5C5EBC505521BD5
:10083000002501322F46E2705FFA85F808F2B272A5
:1008400012F0030E51D192FBF9FC09FB1C2CBCF1F8
:10085000000F4DD192FBFAFC0AFB1C2CBCF1000FDF
:1008600014BFDC464FF4B77C67440135BB42E3D28A
:10087000642584F80680B2FBF5FC05FB1C2C4FF4C4
:10088000C875B2FBF5F805FB1822BEF1000F32D196
:10089000BCF1000F32D1002A40F26D1508BF4FF4B1
:1008A000B775DB1BDFF870902B440025012D5FFA34
:1008B00085F826D1BEF1000F26D1BCF1000F25D15D
:1008C000002A14BF1C271D279F4204D80135DB1BBB
:1008D0000C2DEBD1A84608F10108013384F80580FE
:1008E0002371C6E95601BDE8F08F40F26D1CBBE7ED
:1008F0004FF4B77CB8E740F26D15D2E74FF4B77507
:10090000CFE715F80970DFE71C27DDE71D27DBE7D8
:100910006088002010EC002049310020F8B51A4C06
:1009200000201A4E22683368194F3968551CC91ABD
:10093000B1F57A7F19D208B133602260154D236872
:100940002A689A420ED8144B1B685BB19847014342
:10095000124B0FD00222206000F596701A703B688F
:100960002860336020680021F8BD03F57A732A46B9
:100970000120DAE7226802F596722A601A78003AB6
:1009800018BF01221A70EDE70CEC00203482002021
:100990003872002008EC002004EC00203082002097
:1009A00008B5FFF7BBFFFFF71BFF024B987900F27A
:1009B000B27008BD10EC00202DE9F047DDE908C455
:1009C0000F463A49632C3A4D40F2B2764FF0640E2E
:1009D000CCBFA4F2B2741E344FF4C87881F805C0BD
:1009E0008C71E4B20B71654304F2B27488704F707D
:1009F0000A70B44234D16421DFF8D0805FFA8CFCF5
:100A0000DFF8B090B4FBF1F601FB16464FF4C87165
:100A1000B4FBF1FE01FB1E4E012104F0030461450D
:100A200030DBD2B23C21FFB2C0B201FB0721DBB206
:100A30004FF46162013B02FB00101E4A02FB0303FC
:100A40001D4A2B44136003F596731C4A136002225F
:100A50001B4B1A701B4B1A681B4B1A60BDE8F087C2
:100A6000B1070DD196FBFEF10EFB116121B996FB8A
:100A7000F8F108FB116119B905F5A83505F5C07540
:100A80000136B6E702290CD15CB916B9BEF1000FE8
:100A900007D105F5181505F56E55013108F1010866
:100AA000BDE798F800A009FB0A55F6E710EC002016
:100AB0008033E101805101000CEC002008EC0020A3
:100AC000308200203872002034820020493100201A
:100AD00040F60D2307B5ADF804300222036801A9E2
:100AE0005B68984703B05DF804FB064B022888BF9B
:100AF0000346186810B44468184623465DF8044B52
:100B0000184700BF646600200EB403B503AA52F86C
:100B1000041B019206F046FC02B05DF804EB03B042
:100B20007047A0F10C0004F019BDA0F10C0004F016
:100B300041BD012AF0B508BF0A228BB0A9B9302205
:100B400021248DF825203BB1631E0AAADCB252FA9B
:100B500083F32D2203F8242C036801A9C4F1220297
:100B60005B68214498470BB0F0BD2124B1FBF2F63D
:100B700002FB1617FDB2092F04F1280794BF303588
:100B800037356F448A42EDB207F8245CDBD8013C6C
:100B90003146E4B2EAE700294FF00A02BABF4942FF
:100BA0002D230023C5E700231022C2E738B50546F0
:100BB000FFF7F9FF04462846FFF78AFF204438BDB7
:100BC0000D4A70B502F5B0730C4E012553E8001FB5
:100BD0003068516843E80054002CF7D1084B5B683B
:100BE000126B5B1AA3FB02324FF47A7358439A429A
:100BF00094BF8018C01870BD608800203872002033
:100C0000001000E0362810B50BD802010A4B03EBA8
:100C100000109B58C2685C68144206D011B1C3F83A
:100C2000842010BDC3F88820FBE7836811B1034A14
:100C30001A60F6E7024AFBE76C29002038F0010051
:100C40003830010030B51224124B0201CC4003EBC6
:100C500000109A5814F0010F5468D0E902350CD0F6
:100C6000012944EA050454600CBF382240F63802DA
:100C70001A60152243681A6030BD24EA050402296F
:100C8000546001D1044AF3E703290CBF034A044A24
:100C9000EEE700BF6C29002038F001003830010079
:100CA00038000100362800D8CCE7704710B472B67F
:100CB000274B284A9A610222DA6140F20642C3F8C1
:100CC000F0220022C3F8F422C3F8F822C3F8FC2271
:100CD000C3F8A0204FF47022C3F8A4200122C3F867
:100CE000B02020F47F6222F00F02BFF34F8F02F199
:100CF000200402F58051A14234BF012180214FF030
:100D0000E02402EB4111C4F85C2F20328A42FAD170
:100D1000BFF34F8FBFF36F8F5A69D107FCD5012105
:100D20000D4A5961C3F8F0220C4A0240C3F8A020D2
:100D30004FF47022C3F8A420C3F8B010044B5A69D2
:100D4000D207FCD501225DF8044B5A61FEF782BF41
:100D500000802A40F05AF05A2004180800F0FF00E2
:100D600007F032B807F030B807F036B807F034B8FB
:100D700007F032B807F030B80B460146184607F0C6
:100D8000F9BB0B460146184607F0F4BB07F024B840
:100D900007F022B807F020B807F01EB8074A506ADB
:100DA000936A10B51C460146506A936A9C42F9D179
:100DB0008142F7D1DB0B43EA404010BD00400D40BB
:100DC000094A08B50346D2F804024BB10344074967
:100DD0008B4206D906F09CFA0C2303604FF0FF30DB
:100DE00008BDC2F80432FBE78C6600200000282012
:100DF000002070474FF0FF3070474FF40053002041
:100E00004B607047012070474FF0FF30704730BF94
:100E1000FDE7114BD3F880205207FBD50F4AD3F8DA
:100E20008030D2ED597AC3F30B23D2ED5A6AB8EE73
:100E3000677A07EE903AF8EE666AF8EEE77A77EEB0
:100E4000E67AD2ED5B6A67EEA67AD2ED5C6A87EE4F
:100E5000A60A37EE400A704700810D4060880020E6
:100E600070B54FF400324FF0E026134C0346C6F83D
:100E70008C21124A04EB4024B2F8805202F5C07073
:100E800021462A4600EB4310FEF7B6FF2544BFF388
:100E90004F8FC6F85C4F2034A542FAD8BFF34F8F6E
:100EA000BFF36F8F082102460548FEF7BBFF4FF4E2
:100EB0000033C6F80C3170BD808926206088002080
:100EC000800100202DE9F84FA94BD3F8448118F098
:100ED000010FC3F844813ED118F0400F40F08182E9
:100EE00018F0807F04D0A34BD3F88C3203B198471D
:100EF00018F0040F09D09E4B9E4AD3F8843113F4A6
:100F0000007318BF012382F882329949D1F8483121
:100F10001B0640F17D8218F0800F00F07982954A1F
:100F200092F8B932002B00F07382013BDBB282F8F9
:100F3000B932002B40F06C8292F8B83203F0F7031C
:100F400082F8B8322BB9D1F8483123F08003C1F8C8
:100F5000483109F005FAD3F8AC11DFF830A2864F1A
:100F6000834E002958D1D6F8BC21002AB4D0814B39
:100F7000C6F8BC21D3F8800002422ED0B3F8A042BC
:100F800042F22100C3F880108442D3F8A41224D185
:100F900089B211BBD3F8A802B3F8AC4293F8AE12F1
:100FA0008628C3F8B002A3F8B44283F8B61214D16D
:100FB00072B693F8B81241F0080183F8B812D6F867
:100FC0004811080605D480200143C6F84401C6F83C
:100FD000481162B6502183F8B912D3F88842144000
:100FE0003FF47AAF250C654F4FF00109002D40F01A
:100FF000EA81A4B2614E0127002C3FF46DAF94FA50
:10100000A4F5B5FA85F506EBC51007FA05F5FEF768
:1010100047FF24EA0504EFE7DFF860B1C6F8AC113A
:10102000DBE90A53D6F8402142F40052C6F84021C9
:10103000D6F840219204F5D5D6F8402122F400528A
:10104000C6F840214FF00112C6F8B421D6F8B41109
:1010500011F00119FAD1AAB2464C1846B2F5086F40
:10106000C4F8809000F029814AD840F2023C6245E1
:1010700000F050810FD8822A00F02F81B2F5817FD5
:1010800000F05B81802A00F02281394B4FF0011281
:10109000C3F8C02167E0B2F5A06F59D0A2F5D062C5
:1010A000012AF2D880B2364AC5F30F4551680029AB
:1010B000EBD0B2F800C02E46AC4540F07581B2F8D6
:1010C00002C0844540F07081280A1D0C2D4B032876
:1010D0000CBF0A781289954228BF1546B6F5007FE5
:1010E00040F03C8128482A4694F8824200F162018F
:1010F000002C08BF0146184605F022FF03463FE1D9
:1011000042F2212C624500F051810FD8B2F5106FE8
:101110003ED042F221018A42B7D1190C0729B4D13D
:10112000012204F52A70C4E9A853C3E042F2213138
:101130008A4200F0BC804FF6C0018A42A5D113F468
:101140007F4F9AB2A1D142F46E4262F30F00A9E739
:101150002D0C4A46494648466D06FEF7FEFD45F011
:101160008075C6F85451024BD3F8AC11F8E600BFB5
:1011700000002E4060880020C0012E4000000020AA
:101180005831002080A92620582700601993D57473
:10119000C5F307459F4B802249461D7004F1A0000E
:1011A0009D4BC6F8C8319D4BC6F8CC319C4BC6F858
:1011B000D031012694F88232002B0CBF40254FF429
:1011C0000075A4F88452A4F8805205F01BFD4FF47A
:1011D0008072494604F5C07084F88790A4F8849022
:1011E00005F010FD102249468E482D0405F00AFD39
:1011F000102249468C4805F005FD8C4B3C2249469F
:1012000083F800908A4B8B4883F800908A4BC3F890
:10121000009005F0F7FC894B3C2249468848CBF802
:101220004031CBF8486105F0EDFC45F000533C221D
:1012300049468448CBF88031834BCBF88861CBF8A2
:10124000B831D4F8883243F00803C4F8883205F086
:10125000D9FCCBF84052CBF84862484609F1010965
:10126000FFF7FEFDB9F1080FF7D1784B0022C4F863
:101270008C32774BC3F884204A22C3F88020D3F8FD
:10128000482142F08072C3F84821724B2BB194F888
:101290002C3043F0010384F82C30802200216E486A
:1012A00005F0B0FC6D4BCBF8E0A0CBF8A0300022ED
:1012B00011461046FEF751FD55E7564B01211B78AC
:1012C00084F8903204F52470FEF7B2FE4BE7022159
:1012D00084F8909284F89192F4E799B213F078032D
:1012E0007FF4D3AE01F07F020D0657F8222084F878
:1012F000903284F891320AD512F4803F18BF01234E
:101300004FF00201564818BF84F89032DCE712F023
:10131000010FF3E713F0780F9AB27FF4B6AE02F044
:101320007F0312F0800F57F8232014BF42F480325D
:1013300042F0010247F82320B9E713F0780F9AB280
:101340007FF4A3AE02F07F0312F0800F57F8232042
:1013500014BF22F4803222F00102EBE7B6F5E06F11
:1013600020D140482A4694F88242A0F16201002C24
:1013700008BF0146184605F0E3FD07220346427008
:10138000394A2B44BFF34F8F4FF0E021C1F8702F43
:1013900020329342FAD8BFF34F8FBFF36F8F32489A
:1013A000294691E72A46A6E60C327FE69BB2002B3F
:1013B0007FF47DAF2D4BC5F307451B68C4F8983209
:1013C00084F89C5273E795FAA5F6B6FA86F607EB11
:1013D000C61009FA06F6403025EA0605FEF760FD5C
:1013E00004E61B4BD3F8AC21C3F8AC21D3F8BC21E5
:1013F000C3F8BC21D3F8B021002AFBD14FF0FF3154
:10140000C3F8B411D3F88431194BC3F8882267E5C7
:10141000BDE8F88F95E100200200CC00C800020072
:101420000200C800B6E10020A6E10020C6E10020CD
:101430009CE100204401002098E1002000001020E1
:101440008401002044020020A1ED01004DD70100DD
:1014500000002E4000000000800000205DCFC6B8D4
:10146000F08A0020BA27006080A926203872002068
:101470006088002072B6EFF305834F4CC4F88430C7
:101480001EF0040F0CBFEFF30882EFF309824FF058
:10149000E0234A4F4A4ED3F8281DC4F88810D3F8E9
:1014A0002C1DC4F88C10D3F8341DC4F89010D3F858
:1014B000383DC4F894309369C4F89830D369C4F8BF
:1014C0009C30FFF7A6FC84ED280AFFF767FC0B238E
:1014D0003C4AC4F8A400C4F8803010464FF0FF33F3
:1014E0001168202504324B4003F00101013D07FB48
:1014F00001F181EA5303F7D1B242F1D1C4F8A83027
:10150000BFF34F8F4FF0E0232F4AC3F8700FC3F89B
:10151000702FBFF34F8FBFF36F8F2C4A2C4CD36EBD
:101520002C4843F44053D36602232360D36923F04D
:101530007F0343F04003D361274B1B68834201D9EB
:10154000FEF76CFA002301264FF0FF322360C4F847
:101550000831224BC4F800314FF0E023C4F8086191
:101560001B4CC3F88021C3F88421C3F88821C3F839
:101570008C21C3F89021D4F80C3123B10135C4F883
:101580000C614F2D02D8FFF79DFCF4E7144B0222AB
:101590001449C3F840214FF00042134B13485A63DB
:1015A0000B4AD2F80C312BB14FF0E023104AC3F8AC
:1015B0000C2DFEE70863F4E700FF27202083B8ED39
:1015C000A8FF272080FF2720A0FF272000C00F4072
:1015D00000400840803DCD0B8C650020009F24001A
:1015E00000002E4000800F4000900D40F100AD0B38
:1015F0000400FA05FFF73EBF4368234AC3F30E43D6
:101600002DE9F047B2F88042C569E41A002C23DDC9
:101610001E4A1FFA84FA1E4811780078CBB2DFF810
:10162000848081421B4F1C491BD011F8039038F86D
:101630001960C6F50070844213D8184B06EB492098
:101640002246564403EB4521184405F079FC3B68DB
:1016500028F8196023443B602846BDE8F047FFF7AF
:10166000FFBB013300260E48092B28F815A020F8EF
:10167000156028BF3346CD54DBB213703B681C4461
:101680003C60BDE8F08700BF60880020C6E1002014
:101690009CE1002098E100209DE100208089262027
:1016A000A6E10020B6E100202DE9F041104D114FD8
:1016B0002C78DFF85080E4B20F4E3B789C4201D189
:1016C000BDE8F08101340D4A0D49092C336828BF6B
:1016D000002418F8040032F8102031F81010521AC3
:1016E0009B1A3360FFF7BCFBE3B22B70E5E700BF4A
:1016F0009CE10020C6E1002098E10020B6E1002036
:10170000A6E100209DE10020F8B5294C94F82C506A
:1017100015B394F8BA32FBB90123E90784F8BA3259
:1017200005D5244B1B68002B3FD1FFF7EDFFAA071F
:1017300024D4002384F8BA326B070DD5D4F8BC3218
:1017400053B1EFF305833BB9EFF3108372B6D4F8CE
:10175000BC02A8B903B962B6F8BD04EB8303DF6825
:101760003B6838461B69984710B17B699B6898476E
:101770000136227AF3B29A42EFD8DAE70026F8E788
:1017800094F8C0120029E5D1012284F8C0224269F0
:10179000C4F8BC2202B1916103B962B60025836826
:1017A0004577984784F8C052D6E7AFF30080BEE78C
:1017B0006088002098E1002038B5D0E90453044641
:1017C000DA681B6912681A4202D138BDFFF79CFF24
:1017D00094F8443003F0FF01002BF7D1A96162694E
:1017E000207E0E4B02EB0010007D03EB00104568DD
:1017F00005202860657E02EB051292F8342003EB89
:1018000002135B681860A36DA4F84A10A4F84C108A
:10181000002BDAD0E26DC3F88420D6E76C290020D3
:1018200010B5044694F8443003B910BDFFF76CFFBF
:10183000F8E7F8B5036D04460F46066913B1426D2B
:10184000C3F88420A37E2BB172B6B36943F0005372
:10185000B36162B6B4F84650636BADB20135AB42CA
:1018600098BF0025B4F848309BB2AB4212D0E36A6F
:10187000FFB2AB424ED9E3695F5572B60120ADB2FB
:1018800084F84400A4F84650B36943F40003B361FC
:1018900062B6F8BDEFF31383002B2ED1EFF3108265
:1018A0006AB9EFF3058129B30F2901D91B4B5A5CA3
:1018B000EFF3118313B19A4228BF1A4613466269A7
:1018C000B2F856209A421FDB73691B02CAD5B4F8DE
:1018D0004830626B9BB201339A4298BF0023E26AA0
:1018E0009A420DD9E269D25CD2B29BB2F261A4F8FD
:1018F0004830B7E74FF48072DAE74FF0FF33DEE7A6
:101900009A1AA16A8A5CEFE7B3F5807FAAD1FFF744
:10191000FBFEA7E7EB1AA26AD754AEE7F0E300E0BC
:1019200087E770B5094D04462E68236820465B6939
:101930009847002808DAFFF7E7FE2B68A2689B1B90
:101940009342F2D34FF0FF3070BD00BF38720020D9
:1019500038B50546FFF734F90446FFF731F9001BA7
:10196000B0F57A7F02D2FFF7CFFEF6E7013D02D055
:1019700004F57A74F1E738BD2DE9F84F07460E46B5
:101980004FF000094F4CDFF854B1002E7DD094F891
:1019900087A000254C4B4FF00108284603EB4A1A5C
:1019A00084F88680B4F88410484A51B9DAF80430D3
:1019B00013F0800357D14FF4006284F8C132A4F8C9
:1019C0008420B4F8848094F88730C8F50060B0456E
:1019D0004FEAC32500EBC3203D4B184461D8424673
:1019E000394605F0ADFA3A4B4FF4006250461D44BB
:1019F00000232946FEF700FABFF34F8F05F12002BE
:101A000005F50063934234BF012340234FF0E022E9
:101A100005EB4313C2F8705F20359D42FAD1BFF346
:101A20004F8FBFF36F8F4FF4801152462948FEF756
:101A3000F9F994F88730284A0133DBB2032B88BFC9
:101A4000002384F88730B4F88430F61A99441F4490
:101A50000023A4F88430C2F88430BFF34F8F0023F2
:101A600084F8863091E7BFF34F8F84F8861008B969
:101A7000DBF8005094F8C1323BB9DBF800305B1B57
:101A8000782B05D9012384F8C1324846BDE8F88F88
:101A90001378002BF9D0FFF737FE012084F88680F9
:101AA00080E73246394605F04BFAA8EB06080A4BA8
:101AB0004FF04042B144A4F884800026C3F884204B
:101AC000CBE700BF608800200089002095E100205E
:101AD00000AA26204002002000002E40387200207C
:101AE0002DE9F34100F2E44704460D461646002175
:101AF00032223846984605F085F8A223012284F860
:101B0000EF5484F8E434224B84F8E524187884F800
:101B1000E82484F8E604104484F8EC24721E00F0F3
:101B20000F0018704023002084F8E93484F8EA3468
:101B300084F8ED3484F8EE3404F2EF4384F8E704DB
:101B400084F8EB04013012F8011F80B203F8011F82
:101B50004045F7D1636B9BB1A06A0E4900F56A70EE
:101B6000FBF7C1FB6FF0010332223946606BFBF7D4
:101B70001EFDFFF725F8C4F8700102B0BDE8F08142
:101B8000009033462A4604490448FEF7BDFFF0E7BB
:101B9000B0E4042090D003001E61002064660020A1
:101BA0002DE9F0410746414888462DED028BB0F9FA
:101BB0004861B0F94A11B242B0F94C41B0F944C1A0
:101BC000B8BF3246B0F94E51B0F946018A42A8BFBB
:101BD0000A46A342B8BF2346A2EB0C0EAB4207EE67
:101BE00010EAA8BF2B469445B8EEC77A44DCA1EBB7
:101BF0000C0107EE901AF8EEE77A87EE278A1A1A98
:101C0000984207EE102AB8EEC77A40DC2D1A07EE8C
:101C1000905AF8EEE77AC7EE278A28EEA80AA8EECF
:101C2000080A05F011F8DFED227AB4EEE70AF1EECA
:101C300010FA36DD30EE677ADFED1E6AC7EE267ADF
:101C4000B7EE007AF4EE477AF1EE10FA77FE277AD3
:101C500087EE807ADFED187A28EE078A68EE878AA9
:101C600028EE278A68EEA78A87ED008AC8ED008AE9
:101C7000BDEC028BBDE8F081A6EB0C0607EE906A86
:101C8000F8EEE77A87EE278AB1EE488AB7E7241A9A
:101C900007EE904AF8EEE77AC7EE278AF1EE688AF7
:101CA000BBE79FED068AF0EE488ADDE760880020FA
:101CB0009A99193E9A99593F00000045000000008A
:101CC0002DE9F0430B788BB004460D463F2B4BD1EA
:101CD00040F2FF120023C0E9522300220023C0E992
:101CE0005423B1F80130426C934205D04364012380
:101CF00080F8413080F84230EB78E26E934208D0B1
:101D00004FF40072E3660023C4E95423012384F8EE
:101D10004130636C0022DFF83CC20127A3F500408C
:101D200043424341C4E9183305EB420398881CF849
:101D3000013B04EB83018E6CB0420BD0886407FA40
:101D400003F384F84170D4E95401184341EAE37184
:101D5000C4E954010132042AE6D1012384F8423057
:101D600000200BB0BDE8F083302BF9D147F6FF72AD
:101D70000023C0E9522300220023C0E954234B79F9
:101D80000A791B0443EA0223CA78134390F83920E6
:101D900042B1A3F500414A424A41D203C263002244
:101DA00080F83920E26B9B1A626C934205D0636421
:101DB000012384F8413084F84230EF7995F8069099
:101DC0003B02AE7A3F0995F8098003F4706349EA53
:101DD00003092B7A47EA0317ADF80C903302360952
:101DE000ADF80E7003F4706348EA0308EB7A46EA34
:101DF0000316636CADF81080402BADF812601BD158
:101E00000122ADF816200022B3F1401FADF81420D6
:101E100000F09C80B3F5000F17D1FF22ADF8182019
:101E2000B3F1801F4FF0000208BF4FF0FF13ADF871
:101E30001A2008BF069310E00022B3F5800FADF81A
:101E40001620E0D10122ADF814200022802BADF83D
:101E50001820E5D1FF23ADF81A30B5F90D2008217F
:101E60002046FCF72FFBB5F90F2009212046FCF78F
:101E700029FBB5F911200A212046FCF723FBB5F90F
:101E800013200B212046FCF71DFBB5F915200C2172
:101E90002046FCF717FBB5F917200D212046FCF76B
:101EA00011FBAA780E212046120904F14405FCF723
:101EB00009FB0DF10C0C00234FF0010E3CF8022B36
:101EC00055F8041F8A420BD02A600EFA03F084F8FA
:101ED00041E0D4E95412014342EAE072C4E95412E9
:101EE0000133082BEAD13B464A4602A901A8FFF775
:101EF00057FEDDED017A33464246F8FE677AFDEE85
:101F0000E77A02A901A8C4ED127ADDED027AF8FEA3
:101F1000677AFDEEE77AC4ED137AFFF741FEDDED57
:101F2000017A0123F8FE677AFDEEE77A84F8423001
:101F30000023C4ED147ADDED027A84F83830F8FE1F
:101F4000677AFDEEE77AC4ED157A09E74FF0FF12E4
:101F500005927AE7DC31002020B11BB102B109B152
:101F6000FBF7A2BA00207047F7B504460D46A9B1A9
:101F70000B78212B40F03781806A00F56A70FBF7FF
:101F800055FA2846FEF79EF894F83A30002B49D0CF
:101F900094F86D31013384F86D3101E0002AF3D1FA
:101FA00094F86D310122013B0A2B3BD8DFE803F0A6
:101FB00006101A1D2025282E343C430000236A46B3
:101FC00008218DF8003001232046FFF789FD29E024
:101FD00046F28603009312238DF804306A460523E7
:101FE0001021F1E746F29803F4E746F23D03F1E7EA
:101FF00046F2200300931823EEE74FF4C143F9E7BC
:102000008DF8002001236A464021DDE78DF800208D
:1020100001236A464821D7E70023012120461A46BA
:10202000FCF792F90120DFE030236A4603218DF8A6
:1020300000300123C8E74FF6FF73A4F8663184F837
:10204000683194F82C30013B062B08D8DFE803F008
:102050000412163D0E074B002046FCF7CFF8002374
:1020600084F83A30FF2384F86D31DBE72046FCF733
:1020700035F9F4E72046FCF771F8F0E7606B04F2FD
:10208000E44170B1594B0A22C4F8E434584BC4F807
:10209000E8340023A4F8EC346FF00103FBF787FA6F
:1020A000DDE7544B0D2284F8F004C4F8E4344FF417
:1020B0007063C4F8E8346FF07F43C4F8EC3423460F
:1020C000D4F8A004FFF748FFC9E74B4B0C2204F2F9
:1020D000E441C4F8E434494BC4F8E8340023C4F8BC
:1020E000EC342346ECE7676B04F2E446444D002FE2
:1020F0003BD032220021304604F084FDA223414926
:1021000084F8E4341023404884F8E5342B78102B0D
:1021100084BF00232B702B7884F8E634013303F05E
:102120000F032B70FF231A46FEF7EEFC61232820D5
:102130008821602284F8EE3484F8EA34002384F89D
:10214000EB0484F8EC1484F8ED2484F8E70484F8B4
:10215000E814314684F8E924322284F8EF3484F814
:10216000F0346FF00103606B98E7FF23274926489E
:102170001A46FEF7C9FC1023206B84F8E4342B7850
:10218000C4F8EC74102BC4F8F074A4F8F47488BF8D
:102190002F702B7884F8E534013303F00F032B7094
:1021A00048F62803A4F8E634194BC4F8E83446F29C
:1021B0006013A4F8EC3420B112223146FBF76FFF14
:1021C0004DE7D4F8A00400283FF449AF23460C2281
:1021D0003146FFF7C1FE00287FF441AF0D490A48A0
:1021E000FEF792FC3BE7002003B0F0BDA2030F19FD
:1021F000191919FF0900000900010FC000FFFF00B5
:10220000B0E4042058610020646600207161002061
:10221000606128888D570020802370B5044680F8BF
:10222000E43480F8E51480F86E1104F2E445006BA4
:1022300070B10B4900F55F70FBF755F80222294693
:10224000206BFBF72CFFFEF7BBFCC4F8700170BDE0
:1022500023462946D4F8A0041222BDE870407BE64C
:1022600090D0030030B5044685B00D46002940D01B
:102270000B78812B02D0212B40F08980206B00F558
:102280005F70FBF7D3F82B78812B25D194F8383089
:102290000BB901207CE094F86E2194F86D31812A0D
:1022A00006D1002284F86F21013384F86D3106E0F5
:1022B00094F86F21002AF4D1012384F86F3194F847
:1022C0006D2101230A2AE4D8DFE802F01C21233221
:1022D000373C474951475A002846FDF7F3FE94F82A
:1022E0003830002BD5D0002384F86F3194F86D314D
:1022F000DAE7002AE3D090F83830002BC9D084F810
:102300006F11F3E703212046FFF786FFC1E70221A3
:10231000F9E746F22003029318238DF80C3002AA45
:102320001C4B1021009305232046FCF7DFF8B0E793
:102330004FF4C14302930623EFE746F23D030293B5
:102340001923EAE706228DF80830124B402184F861
:102350006D2102AA00930123E6E70421D3E78DF85B
:10236000083002AA0B4B482100930123DCE73023FD
:1023700002AA03218DF80830064B00930123D3E70E
:10238000632384F86D31002384F8383081E700201E
:1023900005B030BD90D003002DE9F04FB0F8BC304F
:1023A000002700F5667BB946BA465B443C463D468D
:1023B0002DED028BA5B008EE102A30220B9018A844
:1023C00017910021109304F01DFC13970C970497AC
:1023D00011970397059709971297CDE90777109BF7
:1023E0005B4504D825B0BDEC028BBDE8F08F9BF8AF
:1023F0000030FE2B04D19BF8013003339B44EEE701
:1024000003F00302022A21D0032A24D0012A0DBF9F
:102410009BF801800BF1010B4FF000080BF1020B50
:1024200010995945DED303F0FC03802B00F0BE80E9
:1024300022D8182B6FD013D8082B5DD0142B3ED088
:10244000042BCCD11FFA88F30C93C8E7BBF80180AA
:102450000BF1030BE4E7DBF801800BF1050BDFE781
:10246000282B70D0742B40D0242BB8D1012A34D122
:102470004FFA88F30893B2E7A02B79D00AD8902BB3
:1024800000F08F80942B33D0842BA8D15FFA88F38F
:102490001193A4E7B02B00F08480C02B9FD1059B43
:1024A000002B7ED0013B13F0FF03059379D1002D63
:1024B00077D02B68284600259B69984771E0012A50
:1024C00003D14FFA88F3079389E7022A02D10FFA62
:1024D00088F3F8E7CDF81C8081E7022A02D10FFAD1
:1024E00088F3C7E7CDF8208079E71FFA88F976E707
:1024F0001FFA88F3049372E7172C3FF670AFB8F118
:102500001F0F7FF66CAF24AA631C02EB440424F86F
:10251000308CDCB263E7FF2C1EBF002303939A4686
:1025200024AB03EB8A0323F8308C039B43F00103B5
:10253000032B039305D10AF101035FFA83FA002309
:102540000393FF244BE7FF2C4FF0020224A91EBF88
:1025500000239A460393012312FB0A3301EB430342
:1025600023F8308C039B1343032BE4D00392E8E75A
:10257000059B93B90C9ABDF8603043EA024312936D
:10258000099B052B9FBF0B9A01330999DBB28FBFC3
:10259000059D02EB810209935569059B0133DBB26E
:1025A000059300239A461C46189318E70B9B93F853
:1025B000BE3023B19DF85C30119A9A42F1D118F0E7
:1025C0000103069300D10DB9049BE5E02B68284672
:1025D000089A1299009242461E69079BB0470C9BCD
:1025E00018F002064FEA03430F9379D0182C1ED936
:1025F000BDF860600124BDF8628009F1FF330E97D9
:1026000014930123149A03FA02F203FA09F35B42CA
:102610001592169300230D93069B049A9342D3D2EE
:10262000002C48D0464517D2731C0A9326E0049B21
:10263000012B0ED9012C0CD81BBF139B0124BDF814
:10264000606003F47F4618BF06F580764FF6FF788A
:10265000D3E7069E3446F9E70D9B9A4535D90133F9
:10266000DAB213460D9224AA02EB830232F8302C20
:102670000A9224AA02EB830333F82E8C0F9B4A465E
:102680000E9918EE100A334308EE903AFAF706FE58
:10269000079B0246002B2B6819DB5B6918EE901A2A
:1026A000284698470E9B13964B440A9E0E93069B12
:1026B00001330693B0E7731C24AA172B02EB4606DE
:1026C00028BF172336F8306CAFE70A96D6E714997F
:1026D0001E29E2D8159908421CBF16990A43DCE767
:1026E000BAF1000F5BD0B9F1010F58D1BDF86230DB
:1026F000BDF860400A930696049BB9199E4201D327
:102700001F444EE70A9B9C4214D204F101080F9B20
:10271000012218EE100A1C43FAF7C0FD079B02467F
:10272000002B1CDB2B682146284601365B6944469A
:102730009847E1E7069B9A450FD90133DAB2134671
:10274000069224AA02EB830232F8308C24AA02EB10
:10275000830333F82E3C0A93D9E7A046D7E7C30793
:1027600048BF60F00102DDE74A46214618EE100A34
:10277000FAF794FD079B834209DC089B834206DB42
:102780002B6801220F995B690143284698474C4406
:102790000136049B9E42E7D303FB097701E73C46E1
:1027A000F7E72DE9F0410C4D044640F6B7380B4EE3
:1027B0002F682B68DB1B434501D9002009E0304618
:1027C000FCF7DAFF0028F4D00448FDF71DF820706C
:1027D0000120BDE8F08100BF3872002014650020A0
:1027E0002DE9F047CCB0DFF8A490DFF8A4800546CF
:1027F000DFF8A0A00E46016902A8174603F062FEAA
:10280000069803F056FD28B902A8E9F71FF84CB066
:10281000BDE8F0874946404604F0C9FE03460698E5
:102820003BBB03F02AFD184A03464FF480710CA805
:1028300005F0BCFE441EFE2C0CD8069803F018FDD3
:10284000EBF7DBFA3B4632460CA902A8EBF7CCFDCE
:1028500003F0FEFC02A8E9F791F8296907A803F044
:1028600031FE02A807A903F018FD07A8E8F7EEFF5C
:10287000C6E703F002FD4346009052464FF48071D4
:102880000CA805F093FED5E7D64B0020AF3B002007
:102890008E7000201F3F00202DE9F047184F05469D
:1028A000002440F6B738D7F80090DFF85CA03B680A
:1028B000A3EB0903434511D90020BDE8F0872C782C
:1028C000A31B5C425C412B5D43B92B783E2B03D1AB
:1028D0006B780BB90B4A13600120EEE75046FCF70A
:1028E0004BFF0028E3D05046FCF78EFFC6B23046BF
:1028F000EBF7B4F92B5DB342E1D10134E3E700BF5C
:102900003872002034720020146500202DE9FF4148
:10291000B94C94F8102494F80F348AB10022292B72
:1029200084F8102413D184F80D24D4F80034E25430
:10293000D4F800340133C3F30903C4F8003406E0CB
:10294000182B2FD8072B04D8002B00F0C6800023AB
:10295000BEE0A3F10802102AF9D801A151F822F033
:1029600091020200F7020200F7020200F7000200E3
:10297000F7000200F7000200F7000200F700020073
:102980007D0302007F010200F7000200F700020051
:10299000F7000200F7000200F7000200F700020053
:1029A00037020200372B00F020813A2BCFD1D4F828
:1029B0000804694603681B6D9847D4F8003494F8FE
:1029C0000D24E254D4F800340133C3F30903C4F8EE
:1029D0000034009B96E0D4F81414D4F8442694F8FC
:1029E0000D34914280F0FE80D4F80024D4F808041D
:1029F000A354FF22D4F80034804E0133C4F84016AB
:102A0000C3F30903C4F80034D4F80034E254324666
:102A1000D4F800340133C3F30903C4F80034036865
:102A20001B699847D4F80054D4F84036FE2201358B
:102A30000133C5F30905C4F8403605F50077D4F82D
:102A400000346019C7F30907E254BD421BD9C5F52C
:102A500080683146424604F073FAA5F5007206EB31
:102A60000801A6F5866004F06BFAC4F80074D4F887
:102A700000340022E254D4F800340133C3F30903D4
:102A8000C4F8003451E74FF400723146EBE7D4F854
:102A90001424D4F8441694F80D348A4280F0A280AD
:102AA000D4F80014C4F840266354FF21D4F800344D
:102AB0000133C3F30903C4F80034D4F80034E154FB
:102AC000D4F800340133C3F30903C4F800340823F5
:102AD00084F80E3404B0BDE8F081012384F80D348D
:102AE000D4F80024A35423E7D4F8003494F80D2438
:102AF000E254D4F800340133C3F30903C4F80034BA
:102B0000D4F81434D4F80024190EA154C3F30741A7
:102B1000D4F800240132C2F30902C4F80024D4F826
:102B20000024A154C3F30721D4F80024DBB20132FE
:102B3000C2F30902C4F80024D4F80024A154D4F844
:102B400000240132C2F30902C4F80024C8E7D4F813
:102B50000804092B694602680CBFD36C936C984734
:102B6000D4F8003494F80D24E254FE22D4F8003452
:102B70000133C3F30903C4F80034D4F80054D4F883
:102B800000340135E254C5F3090505F1100660195A
:102B9000C6F30906B5420FD9C5F5806769463A46BE
:102BA00004F0CEF9A5F57C720DEB0701124804F094
:102BB000C7F9C4F800645AE76B46024604AF1D46E5
:102BC000083203CDBD4242F8080C42F8041C2B46E3
:102BD000F5D1EEE7D4F8142494F80D34B2F5007F63
:102BE0003FF47EAF43F040037AE7012394F80D24CD
:102BF00084F8103499E600BFE0010120100601209E
:102C00002DE9F3470E4604461546F9F73FFBB36B33
:102C1000002B48D00023AFB2A4632380A370D6F862
:102C20003880002F36D0142FBA4607F1FF364FF008
:102C3000010928BF4FF0140AB6B25FFA8AFA31468A
:102C40004046F9F739FC68B1C37A0F2B15D10378E8
:102C50005B060AD5A9B24046A1EB09014901F9F783
:102C600008F950B90020A06311E009F10109013E03
:102C70005FFA89F9B6B2CA45E1D24146204603F06F
:102C800062F80028EED0A388BB4208D1012002B030
:102C9000BDE8F08739464046F9F7EBF8EDE7204606
:102CA000F9F7ECFADEE7F06B0028F0D084F8313069
:102CB0006A016386E463F16B08460191F8F7C0FE90
:102CC000019950B1204602F00FFF30B1A36AB5EB75
:102CD000531FDBD02046F8F70BFE0020E063D6E759
:102CE000F8B506460F46144600253046FEF719FE95
:102CF000B84203D0002805DA0123337300232846A5
:102D00002370F8BD013504F8010BFE2DEDD1F5E778
:102D1000F8B5044608460D4605F023FC10B1A04264
:102D200010D90020F8BD00239E188F5DEE5CB742DD
:102D300002D101339842F7D8984208D00132A2421A
:102D4000F1D9EEE700220349241A1346ECE70120EB
:102D5000E8E700BF70A9202038B50546A0B31B499D
:102D6000FFF7D6FF80BB1A492846FFF7D1FF194964
:102D700084B22846FFF7CCFF08B144F0020416499C
:102D80002846FFF7C5FF08B144F00404134928465C
:102D9000FFF7BEFF08B144F0080411492846FFF7C9
:102DA000B7FF08B144F010040E492846FFF7B0FF02
:102DB00008B144F020040C492846FFF7A9FF08B1E8
:102DC00044F04004204638BD7F24FBE7ED46002058
:102DD0009B3F0020A73F0020B43F0020C53F0020BC
:102DE000D43F0020E43F0020F13F00202DE9F843CC
:102DF00007464FF0000805F0B4FB054611480A21CC
:102E000005F07DFB0446B8B105F0ABFB854216D852
:102E100014F805903946204604F8058006F0A0F91C
:102E2000661904F8059050B933461C4613F8012B77
:102E3000202AFAD0092AF8D02046BDE8F883601C81
:102E4000DDE700BF709920202DE9F04FADF5117D31
:102E50000023764A764903A8E8F7AAFC079803F00E
:102E600028FA8046002800F0CB80DFF8E8914FF088
:102E7000000A704F0624B42689F800A0A7F57F55F4
:102E8000334640F21E2B00E0334640F21F22691CFD
:102E90000798019303F082FA584540F29480AA788B
:102EA00099F80010019B8A4201D989F80020013E5F
:102EB000294605F10E0085F800A0F6B2AB7085F842
:102EC0000FA0EB7B11F8012F03EB020CBCF1FF0FFD
:102ED00089BF01325FFA8CF39B18DBB28842EB7337
:102EE000EFD105F50875BD42CED1013C05F580470F
:102EF000A4B2002CC2D1022740F21F2B06E00133FE
:102F00005B4521D1013CA4B248E000244FF4087392
:102F10007D0303FB0455484B1D4405F10F03AA46EE
:102F200005F21F2213F8011F002937D19342F9D16E
:102F300008A940F21F22079803F030FA40F21E233E
:102F400008A998423FD90F23CA5C002AD7D04B78F2
:102F500099F80020934201D989F800300B7840F2AB
:102F60001D220DF12201E81C6B70731EAE70DBB2E6
:102F7000019303F0E5FF002205F10E00019BEA73C7
:102F8000EA7B1AF8011F5618FF2E89BF0131F2B2F1
:102F90005218D2B25045EA73F2D11E460134A4B29F
:102FA0001E2CB3D10237BFB20D2FAED908AC40F200
:102FB0001F2540F21F222146079803F0EFF940F247
:102FC0001E23984227D803A8E8F7D8FCB8F1000FD1
:102FD00016D04FF4804218491848EAF765F978B1DD
:102FE0000123174A1370174A1370174A13700022EF
:102FF000164B1A70164A13889BB243F40073138061
:103000000F4B03A81C78E8F721FCE4B220460DF52D
:10301000117DBDE8F08F0F23E25C1AB90133AB429A
:10302000FAD1C6E74FF00008CDE700BF777A00205D
:1030300038170120300921207089202017460020F0
:10304000D2E90020E3E90020E2E90020D1F80020E5
:10305000E8E900208D7000202DE9F047594C8EB032
:10306000226C636C9A4200F09E8094F84830002BEA
:1030700052D1206E03F01DF900284DD194F8643030
:1030800073BB514DFDF74AFCFDF7AAFBAB7903F288
:10309000B2730793FDF7A4FB6E79FDF7A1FB2F79BF
:1030A000FDF79EFB95F80280FDF79AFB95F80190DD
:1030B000FDF796FB2A782821079B04F1640000960F
:1030C000CDE90392CDE90178404A05F06FFA04F1A9
:1030D00064010546071F3E48E9F7ADFA00282ED1E6
:1030E00001233C4A3C4909A8E8F762FB09A93B488F
:1030F00003F0D3F809A8E8F7A9FB206E03F0D9F88C
:10310000002839D002230022206E0093002303F010
:10311000D5F8012384F84830304D636C2846E15CD3
:10312000636C013303F03F036364E7F717F9226C24
:10313000636C9A42F1D14FF4FA73E36421E0603595
:10314000C7F128070126DFF89880254404F16409B7
:10315000DFF87CA0394633464246284605F026FA79
:1031600049465046E9F767FA0028B9D00136642E7F
:10317000F0D1002384F86430002384F84830236CB5
:103180006364206E03F095F810B11448E8F7F6FB7D
:103190000023226C84F84830E364626484F864306D
:1031A0000EB0BDE8F087E56C002DEAD0013DE56486
:1031B000002DE6D104F15000E8F7E0FB84F8485018
:1031C000DFE700BF60EB002010EC002090610020E2
:1031D0003C170120C4EB002038170120B0EB002081
:1031E000B761002038B5134CFF23002584F8A030C8
:1031F00084F8A15084F8A250236AD4F8A400636232
:10320000A36CE364236F6367D4F89830C4F89C30F0
:1032100078B184F8B05004F0DFFD04F1A800C4F8E0
:10322000A450E8F7E5FB04F1AC00E8F7E1FBC4F8D3
:10323000A45038BDA8EA00202DE9F0410646884692
:103240001546FFF7CFFF44F2A40004F0BDFD07468A
:1032500008B1E8F79DFC244CC4F8A470E8F76EFCB4
:103260000122C4F8A800C0E901222A22C2607EB36C
:103270003146E8F775FCB8F1000F2FD0012684F82D
:10328000B060E8F75BFC2A22C4F8AC00C0E9016634
:10329000C26005B32946E8F763FCD4F8A400E8F758
:1032A00077FCD4F8A43023B103F580420021C2F8A2
:1032B0009010D4F8A8104BB103F58043D4F8AC209B
:1032C000C3F89410C3F8A020C3E92621BDE8F0811B
:1032D000E8F774FBCFE7E8F771FBDEE72020E8F7BB
:1032E00077FBC4F8AC00D8E7A8EA002030B5013875
:1032F000204900250B6810F8014FD3F888201A44A4
:1033000034BB82F848400D20D3F88820013202F007
:103310003F02C3F888201A6C98541A6C013202F0EC
:103320003F021A640B680A21D3F888201A4482F8F5
:103330004840D3F88820013202F03F02C3F88820C9
:103340001A6C99541A6C013202F03F021A6430BDB3
:1033500082F84850D3F88820013202F03F02C3F8C7
:1033600088201A6C9C541A6C013202F03F021A64D5
:10337000C0E700BF3C7000202DE9F84F80460C46A6
:10338000284D294E294F98F800300D2B44D93C2B5D
:1033900012D108F1010AD146524613789046013203
:1033A0000D2B0CD93E2BF8D1A8EB0A0BBBF1100F5B
:1033B0000CD8BBF1090F0FD808F10108E3E745FA73
:1033C00003F010F00100E8D1BDE8F88F1022394673
:1033D000504603F0C3FD30B109223146504603F098
:1033E000BDFD0028E8D1BBF13F0FE5D80AEB0B0586
:1033F0004D4509D15A465146204603F0A1FD002310
:10340000012004F80B30DFE719F8010B05F00CF888
:103410000028EDD00020D7E745FA03F313F00100B0
:10342000CAD1D1E7FEDBFFFFD2610020C1610020DD
:103430002DE9F0410D4672B62F4B40F206412F4A5E
:103440009A610222DA610022C3F8A020C3F8F012C8
:10345000011DC3F8F422C3F8F822C3F8FC224FF48C
:103460007022C3F8A4200122C3F8B02020F01F026C
:10347000BFF34F8F4FF0E024C4F85C2F203291420D
:10348000FAD8BFF34F8FBFF36F8F5A69D407FCD5BB
:1034900001221B4920F07F4004245A61C3F8F01236
:1034A00042F20121144FC3F8F412DFF85C80154991
:1034B000C3F8BC20C3F8A000C3F8A410C3F8B02020
:1034C0007B69DA0705D541237B61BDE8F041FCF754
:1034D000C1BB5906F4D5082C0BD83CB12646294669
:1034E000A41B35443246404603F02AFD40237B614D
:1034F000E6E70826F3E700BF00802A40F05AF05ABA
:103500003204180804000F0080812A4038B51E4C90
:1035100094F8983C002B35D01C4DC8B994F8993CD0
:10352000B3B11B492846E8F73EFF4FF47A70FEF727
:103530000FFA18492846E8F737FF1748FCF78AFEC4
:1035400030B116492846E8F72FFF1348FCF782FEF2
:103550000E48FEF731F9D4F8903CC4F8943C236C43
:103560006364D4F88830C4F88C30B5F84C309BB222
:10357000A5F84A30AB6D13B1EA6DC3F8882000237B
:1035800084F8983C38BD00BF20EC00201465002072
:10359000DC610020E0610020033F0020EC6100209E
:1035A00070B5254C0D4694F8983C002B3FD101385E
:1035B00000220126C0B2062896BF204B4FF4E1310D
:1035C00033F810101E48FBF783FF1E4B5B68C4F8EE
:1035D0009C3C6DB31C4984F8996CE8F7E5FE1B48E8
:1035E000FCF738FE18B31A491548E8F7DDFE17480E
:1035F000FCF730FE17491248E8F7D6FE1348FCF7EF
:1036000029FE15490E48E8F7CEFE29460C48E8F792
:10361000CBFE0E48FCF71EFE48B110490848E8F7FB
:10362000C3FE0F48FCF716FE08B184F8986C70BD15
:10363000A4F8986CFBE700BF20EC0020F8280020DD
:1036400014650020001000E0424E0020033F0020DF
:10365000F96100200562002012620020256200202E
:10366000DB3E00200EB403B503A951F8040B019111
:1036700002F04BFA02B05DF804EB03B070472DE99D
:10368000F04FCDB000238D4A8D4907A8E8F790F898
:103690000B9802F00EFE054658B9AB46874A894999
:1036A000FFF7E0FF07A8E8F7D1F858464DB0BDE8AE
:1036B000F08F00274FF0FF36DFF83892B846BB4650
:1036C000DFF834A20CAC0A2107A82246FFF708FB5A
:1036D0000023002800F0E8802354204604F041FF36
:1036E00001372118002340B111F8012C0138202A9C
:1036F0002CD002F0FB02092A28D02378002BE1D03D
:103700004E2B41D1BBF1000F23D1FB2E21DC2346F0
:1037100013F8010F2028FBD00928F9D0F8B93A4650
:103720006949FFF79FFF07A8684F694CE8F726F93A
:10373000BBF1000F40F0BD8025B9604A584665498D
:10374000FFF790FF00233B702380ABE701F8013DBA
:10375000C9E73A4660490020FFF784FF58E0013688
:1037600025215E4AB0B236B201FB002B5C4A5846B6
:1037700004F01CFF2428C1BF3E238BF82330002314
:103780008BF82430AB469DE74D2B01D05A2B77D1D7
:10379000BBF1000F3FD008210DF1310303AA0DEB5F
:1037A00001000293EEF7DEFF002834D004AA4FF6A2
:1037B000FF7102A8EEF7D6FF68B305AA4FF4807137
:1037C00002A8EEF7CFFF30B306AAFF2102A8EEF75A
:1037D000C9FF8346F8B1029A12F8013B202BFBD0B7
:1037E000092BF9D0BBB9DDE90310082902D1B0F5E6
:1037F000804F10D3059BB8F1FF0FC9B280B21FFAFA
:1038000083FE0BD95D462D4A36490020FFF72AFF7B
:103810004FF0000B87E73A4633499CE708F1010275
:1038200009EBC80CBEF1FF0F4FEAC80B92B28CF83F
:1038300004108CF8051001924FF0000229F83800AE
:103840008CF80620F2B28CF8032017D9D108012396
:1038500002F0070293401AF8012013430AF80130DE
:10386000FF23CB44DDF804808BF8023094F800B0DD
:10387000BBF15A0B18BF4FF0010B23E7DBB2F0E7A7
:10388000592B0ED114F8013F202BFBD0092BF9D076
:10389000BBF1000F02D1721C00D03BB13A46134974
:1038A00059E73A46124956E70546B1E7AB461D4689
:1038B00039E70136A4F800803E70F3E6777A0020FD
:1038C00038170120306200206762002094E5042050
:1038D00044820020EA6200204862002095EB042028
:1038E0001F3C0020A162002083620020BB620020F8
:1038F000D662002080A12620B5E50420034B93F872
:103900003C340BB102F04FBD704700BF10F90020EE
:103910002DE9F041434C0025074686B084F80A544F
:1039200004F5856084F80B540E4684F809549046DB
:1039300084F85F54C4F8585484F80D54D4F8003413
:1039400084F8A458C4F8043484F8A45484F80854BF
:10395000C4F85054C4F85454E8F710F8BFB12B46DB
:103960003A46314901A8E7F723FF01A904F585602C
:1039700002F093FC01A8E7F769FFD4F8380402F0DD
:1039800098FCC8B3D4F8380402F080FC06469EB315
:103990000025264BD4F83804C4F85054C4F84034F9
:1039A000C4F8546402F085FC88B3B6F5C02F28D85B
:1039B0003246D4F84014D4F83804C4F8445484F897
:1039C0003C54C4F84C54C4F8486402F0E7FC18486E
:1039D000E7F7D4FF07221749D4F8400405F0B0FBFD
:1039E000F0B90A23C4F85034012384F83D3401238C
:1039F00084F8A58484F8083494F8080406B0BDE877
:103A0000F081012084F83C04FFF778FFE2E7C4F876
:103A1000440484F83C04C4F84C04C4F84864D9E76E
:103A20000023E2E710F900203817012070892020D8
:103A300038FD0020066300202DE9F04FD74FC7B0B6
:103A40001E46D7F8503401900592029339B997F881
:103A50003D34002B14BF0A230023C7F85034002E36
:103A60006BD0CF49304604F0EAFA0125D7F850343C
:103A7000C7F8A8344FF0010AC84C0AF1FF33D4F854
:103A800050240393D4F854349A4280F05F84FF2D7D
:103A900000F05C840020D4F85084FFF72FFF94F8E6
:103AA0003D34002B4BD1D4F85034D4F85424043393
:103AB000934200F2658194F83D3423B1D4F8503438
:103AC0000233C4F85034D4F85034D4F84424D4F831
:103AD00040149B1AC818CA5C4078D4F8503442EAA3
:103AE00000220233C4F85034D4F85434D4F85004CB
:103AF0001B1A9A4204D9D4F85424D4F85034D21A58
:103B0000D4F850041FFA82FB10FA82F30493002EBB
:103B100000F0E0805A4605EBC509132A05EB890938
:103B2000B14400F0B780022A00F2D88000239D4AF9
:103B30002521484604F03AFDC6E035469AE7D4F818
:103B40005034D4F84424D4F840049B1AC25CD4F80E
:103B50005014D3B2103A0131C4F850144A2A00F27A
:103B6000DB8301A151F822F04F1202008B140200F6
:103B7000E51802008F150200BD150200151602009F
:103B8000C11A0200C11A0200BF160200BF160200CD
:103B9000C11A0200C11A0200C11A0200C11A0200B1
:103BA000C11A0200C11A02004B170200B917020025
:103BB00029150200471802004718020029150200C3
:103BC0004F180200291502009B180200C11A0200BA
:103BD000E5180200ED180200C11A0200C11A020025
:103BE000C11A0200C11A0200B917020057190200D7
:103BF00073190200C3190200C11A0200011A02005F
:103C0000C11A0200C11A0200C11A0200C11A020040
:103C1000C11A0200C11A0200C11A0200C11A020030
:103C2000C11A0200C11A0200C11A0200C11A020020
:103C3000C11A0200C11A0200C11A0200C11A020010
:103C4000C11A0200C11A0200C11A0200C11A020000
:103C5000C11A0200C11A0200C11A0200C11A0200F0
:103C6000C11A0200C11A0200C11A0200C11A0200E0
:103C7000C11A0200C11A0200C11A0200C11A0200D0
:103C8000C11A0200C11A0200C11A0200C11A0200C0
:103C9000B91A0200D4F85024D4F84404121A895CEA
:103CA000D4F85024090602F10102C4F8502415D4B6
:103CB00006A8FCF7C9FC88B1252206A9484604F0ED
:103CC00061FC002389F8243005F595730135EDB2C8
:103CD00044F82380049BC4F8503451E0ABF1020354
:103CE00025E7D4F85034D4F854241233934247D8FB
:103CF000D4F850340F33C4F85034D4F85034D4F8D6
:103D000044249B1AC218C35C5178D4F8502443EA67
:103D100001230232C4F85024D4F85024D4F84414B7
:103D2000521A815CD4F8502443EA01430132C4F8AA
:103D30005024D4F85014D4F85424D4F850C4A2EB2E
:103D40000C02934227D9D4F85424D4F850C4A2EBDF
:103D50000C0201EB020B8EB105EBC509132B05EB31
:103D60008909B14422D0104A2521484604F01EFC9E
:103D700005F595730135EDB244F82380C4F850B4CD
:103D8000019B002B00F0D282059B9A45C0F0388140
:103D9000CDF80CA0DDE21A46DBE700BF10F90020E9
:103DA0000E6300201C6300202E630020D4F85024F2
:103DB000D4F84414521A815CD4F850240132C4F867
:103DC00050240A06CFD406A80493FCF73DFC049BBC
:103DD0000028C8D0252206A9484604F0D3FB0023BA
:103DE00089F82430C4E7D4F85034D4F8542401338B
:103DF0009342C5D8D4F85034D4F844249B1AC25CFA
:103E0000D4F850340133C4F85034D4F8503403EBB0
:103E1000420360E7D4F85034D4F854240A33934270
:103E2000AED8D4F850340733C4F85034D4F85034F2
:103E3000D4F844249B1AC218C35C5178D4F8502497
:103E400043EA01230232C4F85024D4F85024D4F8B1
:103E50004414521A815CD4F8502443EA01430132DD
:103E6000C4F85024D4F85024134434E7D4F8503420
:103E7000D4F854240833934282D8D4F85034D4F878
:103E800044249B1AC218C35C5178DBB2D4F8502486
:103E9000C9B20232C4F85024D4F850240332C4F812
:103EA0005024D4F85024D4F844C4A2EB0C0200EB04
:103EB000020E10F802C09EF801E0D4F8502402323D
:103EC000C4F850244CEA0E22D4F850C4D4F844E488
:103ED000ACEB0E0C10F80CC0D4F8500442EA0C42C3
:103EE0000130C4F85004D4F850041044C4F850040D
:103EF000002E00F0328243EA012305EBC500534354
:103F000040F6AC5205EB8000DB00B3FBF2F3CE4A87
:103F10002521304479E0D4F85024D4F854140432E4
:103F20008A423FF62DAFD4F85024D4F84414521AE4
:103F30008118825C91F801C0D4F8501442EA0C2236
:103F40000231C4F85014D4F85014D4F844E4A1EB6E
:103F50000E0100EB010E415C9EF801E0D4F8500424
:103F600041EA0E21023042EA0142C4F85004D4F87A
:103F70005414D4F85004091A8A4204D9D4F85424A9
:103F8000D4F85014521AD4F850140A44C4F85024E7
:103F9000002E00F0E28105EBC50005EB8000AB4A86
:103FA000B6E7D4F85034D4F85424023393423FF6A1
:103FB000E7AED4F85034D4F844249B1AC218C35C3A
:103FC0005278DBB2D4F85014D2B20231C4F8501493
:103FD000002E00F0C28105EBC50053EA022305EB79
:103FE000800030440FD19A4904F029F805F5957303
:103FF000013544F82380EDB2019B002B7FF4C4AE61
:104000000AF1010A39E5934A252104F0CFFAEDE7D8
:10401000D4F85034D4F85424013393423FF6B0AE70
:10402000D4F85034D4F844249B1A10F80390D4F8F0
:1040300050340133C4F85034D4F85434D4F85024F4
:104040009B1A994505D9D4F85424D4F85034A2EBDE
:104050000309FEB15FFA89FBD4F8501405EBC503E0
:10406000D4F84424BBF1240F05EB8303A1EB020138
:1040700028BF4FF0240B334401445A46184602F03F
:104080005FFF05F5957301350022EDB200F80B20B6
:1040900044F82380D4F8503453FA89F31BE6D4F85B
:1040A0005034023317E6D4F85034D4F85424023391
:1040B00093423FF665AED4F85034D4F844249B1AAA
:1040C000C118C25C4978D4F8503442EA0122023364
:1040D000C4F850345300D4F85414D4F85004091AD6
:1040E000B1EB420F60D2D4F85434D4F850249B1A68
:1040F0005AE0D4F85034D4F85424023393423FF6B3
:104100003FAED4F85034D4F844249B1AC218C35C90
:104110005178D4F8502443EA01230232C4F85024E1
:10412000D4F850241344C4F85034002E00F0158104
:1041300005EBC500282305EB800030E7D4F85034A8
:104140000433C8E5D4F85034D4F8542404339342EB
:104150003FF616AED4F85034D4F844249B1AC21853
:10416000C35C5178D4F8502443EA01230232C4F8E6
:104170005024D4F85024D4F844C4A2EB0C0200EB31
:10418000020C825C9CF801C0D4F8500442EA0C2274
:10419000023043EA0243C4F85004D4F85424D4F85B
:1041A0005014521A93429ED8D4F850245CE6D4F8A6
:1041B0005034D4F85424023393423FF6E1ADD4F89E
:1041C00050340133C4F850342AE7D4F85034D4F8CA
:1041D0005424023393423FF6D3ADD4F85034D4F88C
:1041E00044249B1AC218C35C5178D4F8502443EA83
:1041F00001230232C4F85024D4F85424D4F85014C3
:10420000521A934204D9D4F85434D4F850249B1A47
:10421000D4F8502412FA83F35DE5D4F85034D4F87E
:104220005424013393423FF6ABADD4F85034D4F864
:1042300044249B1AC35CD4F8502403EB430301329B
:10424000C4F85024D8E700BF3D630020536300202A
:10425000656300206F630020D4F85034D4F85424F0
:10426000143393423FF68CADDEB1D4F8502405EB05
:10427000C503D4F8441405EB8303521A33441044A5
:104280001A4600F1100150F804CB884242F804CBE2
:10429000F9D100221A7405F59573013544F823808D
:1042A000EDB2D7F85034D7F840141033C7F8503473
:1042B000D7F85034D7F844249B1ACA18CB5C5078EE
:1042C000D7F8502443EA00230232C7F85024D7F825
:1042D0005024D7F844C4A2EB0C0201EB020C8A5C18
:1042E0009CF801C0D7F8501442EA0C22023143EA8C
:1042F0000243C7F85014D7F85424D7F85014521A70
:1043000093427FF651AFD7F85434D7F85024EEE6F5
:10431000D4F850340933DEE4D4F850240020114995
:10432000013AFFF79FF9D4F85434D4E4002E7FF417
:1043300067AED4F85034029A9A42BFF461AE0A4B89
:10434000029A83F8A458C3F8502402E0019B002B82
:10435000F5D0039847B0BDE8F08F019B002BE8D063
:1043600012E500BF7A63002010F9002010B5041E8A
:1043700007DD0023224601210120BDE81040FFF7A0
:104380005BBB09D000231A4619461846FFF754FBB9
:10439000002322181946EFE710BD2DE9FF4105461D
:1043A000002862D03C4C40F20D133C4AD4F8006423
:1043B000CDE901230A364FF48073C6F30906ADF840
:1043C0000C30D4F800349E4252D2D4F8008401A9B3
:1043D000D4F80004C8F5806720443A4602F0B0FDE6
:1043E00001ABA8F2F6322046D91902F0A9FD012D41
:1043F000C4F8006439D0013D0020FCF7B5F8284A24
:10440000C5F3CC0315F0070501924FF00D0214BF60
:10441000013308258DF808208DF809301B0A8DF826
:104420000D50D4F800548DF80A3000230A358DF869
:104430000B30C5F309058DF80C30D4F800349D42DB
:1044400020D2D4F8007401A9D4F80004C7F580661E
:104450002044324602F074FD01ABA7F2F6320E485A
:10446000991902F06DFDC4F8005404B0BDE8F08164
:1044700001ABD4F8007403CBE2191B88E051516002
:104480001381B4E701ABD4F8006403CBA2191B88F5
:10449000A05151601381E6E710F9002002AC0DAC89
:1044A00006AC0DAC2DE9F0434D4C85B0D4F850343A
:1044B000D4F84424D4F840149B1ACA18CB5C507822
:1044C000D4F8502443EA00230232C4F85024C4F83C
:1044D0005834D4F85834802B77D8D4F85854D4F8BA
:1044E0005434D4F850249B1AAB4204D2D4F8545418
:1044F000D4F85034ED1A002D6ED0D4F85824D4F8E6
:104500005034D4F8440403921B1A40F69740C95C17
:10451000D4F8503411F0800FCEB203F1010340F60D
:104520007801C4F8503441F67F7308BF1846FBF792
:10453000CFFF40F2DF2140F29B20FBF783FF0823EF
:10454000039A40F2AE61009640F25730FBF728FF25
:104550006E1ED4F85034D4F84424D4F800749B1A56
:10456000D4F8401437441944D4F80034C7F3090789
:104570009F422CD2D4F80084D4F80004C8F5806996
:10458000039120444A4602F0DBFCA8F580620399BF
:1045900032441348494402F0D3FCC4F80074D4F800
:1045A00050341E44C4F85064D4F858345B1BC4F82B
:1045B0005834D4F8585435B9B4F85C0480B2FFF7D5
:1045C000ECFEA4F85C54012007E0802587E7D4F8CE
:1045D000000432462044DEE7284605B0BDE8F083FB
:1045E00010F900202DE9F04FD64C8DB094F83D34F1
:1045F00003F0FF06002B00F00887D4F85024D4F80D
:1046000054349A4280F0FB860020FFF777F9D4F803
:104610005034D4F84424D4F840549B1AEA5CD4F8BB
:104620005014D3B2103A0131C4F850144A2A00F29F
:10463000DB8601A151F822F00D1F0200471F020086
:10464000D12102002322020081230200332502002F
:10465000912B0200912B0200D1260200D1260200EC
:10466000912B0200912B0200912B0200912B020052
:10467000912B0200912B02003F270200872A0200A3
:10468000951D020079270200B327020011280200BD
:1046900041280200D92802008D290200912B020036
:1046A000C3290200EF290200912B0200912B020086
:1046B000912B0200912B0200872A0200CF2A0200D0
:1046C000E92A0200372B0200912B0200612B020025
:1046D000912B0200912B0200912B0200912B0200E2
:1046E000912B0200912B0200912B0200912B0200D2
:1046F000912B0200912B0200912B0200912B0200C2
:10470000912B0200912B0200912B0200912B0200B1
:10471000912B0200912B0200912B0200912B0200A1
:10472000912B0200912B0200912B0200912B020091
:10473000912B0200912B0200912B0200912B020081
:10474000912B0200912B0200912B0200912B020071
:10475000912B0200912B0200912B0200912B020061
:104760007B2B0200D4F85034D4F854240433934201
:1047700000F24586D4F85034D4F844249B1AEA1841
:10478000EB5C527843EA0223D4F850240232C4F896
:104790005024A4F85C340DB0BDE8F04F82E6D4F8A4
:1047A0005034D4F854241233934200F22886D4F8BB
:1047B0005034D4F844249B1AEA1815F803C05178F1
:1047C0005FFA8CFCD4F85034C9B20233C4F85034C8
:1047D000D4F85034D4F844249B1AEA18EB5CDBB2CA
:1047E00057780293FFB2D4F850340233C4F85034EF
:1047F000D4F85034D4F844249B1AEA1815F80380EE
:1048000092F801905FFA88F8D4F850345FFA89F989
:104810000233C4F85034D4F85034D4F844249B1AEA
:10482000EA18EB5CDBB203935378DBB20493D4F861
:1048300050340233C4F85034D4F85034D4F84424FB
:104840009B1AEA18EB5CDBB205935378DBB2069354
:10485000D4F850340233C4F85034D4F85034D4F877
:1048600044249A1AAB18AA5C5878D2B2D4F85034BF
:10487000C0B20233C4F85034D4F85034D4F844E40D
:10488000A3EB0E03EB5CD4F850E4DBB20EF1010EA7
:10489000C4F850E4D4F850A4D4F844E4AAEB0E0EC3
:1048A00005EB0E0A15F80EE09AF801A04EEA0A2E62
:1048B000D4F850A40AF1020AC4F850A4A4F85CE4A5
:1048C000D4F850A4D4F844E4AAEB0E0E05EB0E0A7B
:1048D00015F80EE09AF801B0D4F850A44EEA0B2E69
:1048E0000AF1020AC4F850A4C4F858E4D4F850E419
:1048F000D4F844A4AEEB0A0E15F80EE0D4F85054E8
:104900000135C4F85054D4F8585445EA0E45C4F85B
:104910005854D4F85854802D12D8D4F85844094D1E
:10492000D5F854E4D5F850A4AEEB0A0EA64504D24F
:10493000D5F85444D5F85054641B2CB900266AE0CD
:104940008024ECE710F900204CEA0121079342EAA9
:104950000020A04DFBF7BCFD029B48EA092104F1B1
:10496000FF3843EA0720FBF76DFDD5F85824D5F84A
:104970005014D5F84404079B091AD5F84004405C4C
:10498000D5F850140131C5F850140090DDE9051038
:1049900041EA0021DDE9030740EA0720FBF700FDBB
:1049A000D5F85034D5F84424D5F840149B1A19444E
:1049B000D5F8003408EB0309D5F80034C9F3090928
:1049C00099452CD2D5F80074D5F80004C7F5806A53
:1049D00002912844524602F0B3FAA7F58062029988
:1049E00028464244514402F0ABFAC5F80094D5F889
:1049F00050344344C5F85034D5F858341B1BC5F81F
:104A00005834D5F8584434B9B5F85C0480B2FFF78F
:104A1000C4FCA5F85C4430460DB0BDE8F08FD5F875
:104A2000000442462844DEE7D4F85034D4F8542435
:104A30000433934200F2E384D4F85034D4F844248D
:104A40009B1AEA18E95C5778D4F8503441EA0721F8
:104A50000233C4F85034D4F85034D4F844249B1AA8
:104A6000E818EA5C4078D4F8503442EA0020023377
:104A7000C4F85034FBF72CFDCDE7D4F85034D4F80B
:104A800054240133934200F2BA84D4F85034D4F859
:104A900044249B1AEB5CD4F85024D9B201325B0059
:104AA000C4F85024C4F85834D4F85834802B7DD836
:104AB000D4F85874D4F85434D4F850249B1ABB4218
:104AC00004D2D4F85474D4F85034FF1A012F7FF66E
:104AD00035AFD4F85034D4F844248DF829109B1AFB
:104AE000EA18EB5C5078D4F8502443EA00230232F1
:104AF000ADF82E30C4F850240422D4F80054D4F871
:104B000000340C3509920022C5F309058DF82820E0
:104B10009D42ADF82A20ADF82C2049D2D4F800945B
:104B200009A9D4F80004C9F580682044424602F07F
:104B300007FA09ABA9F57D72264803EB080102F0DC
:104B4000FFF9C4F80054A7F10208D4F85034D4F89F
:104B50004424D4F840149B1A1944D4F80034434434
:104B6000C3F30909D4F8003499452DD2D4F8005480
:104B7000D4F80004C5F5806A02912044524602F040
:104B8000DFF9A5F58062029942441248514402F0CF
:104B9000D7F9C4F80094D4F850344344C4F85034DE
:104BA000D4F85834DB1BC4F8583434E7802781E745
:104BB00009ABD4F800C403CB04EB0C0244F80C009E
:104BC000186851609060BCE7D4F800044246204465
:104BD000DDE700BF10F90020D4F85034D4F8542495
:104BE0000A33934200F20B84D4F85034D4F84424AE
:104BF0009B1AEA1815F803C050785FFA8CFCD4F8B9
:104C00005034C0B20233C4F85034D4F85034D4F81D
:104C100044249B1AEA1815F803E051785FFA8EFED7
:104C2000D4F85034C9B20233C4F85034D4F85034F4
:104C3000D4F844249B1AEB5CD4F85024DBB2013244
:104C4000C4F85024D4F85024D4F84474D21BAF18BC
:104C5000AA5C7F7842EA0722D4F850740237C4F87D
:104C60005074A4F85C24D4F85024D4F84474D21BB3
:104C7000AF18AA5C97F80180D4F8507442EA082271
:104C80000237C4F85074C4F85824D4F85024D4F827
:104C90004474D21BAF5CD4F850240132C4F85024C1
:104CA000D4F8582442EA0742C4F85824D4F85824C7
:104CB000802A68D8D4F85874D4F85424D4F850848E
:104CC000A2EB0802BA4204D2D4F85474D4F85024A7
:104CD000BF1A002F3FF432AED4F858244EEA012117
:104CE000D4F850844CEA0020D4F84494A8EB090886
:104CF00015F80880D4F850540135C4F85054CDF854
:104D00000080FBF74DFBD4F8503407F1FF38D4F89E
:104D10004424D4F840149B1A1944D4F80034434472
:104D2000C3F30909D4F80034994580F0F880D4F829
:104D30000054D4F80004C5F5806A0291204452461C
:104D400002F0FEF8A5F5806202994244D148514430
:104D500002F0F6F8C4F80094D4F850344344C4F890
:104D60005034D4F85834DB1BC4F85834D4F85854B1
:104D7000002D7FF450AEB4F85C0480B2FFF70DFB59
:104D8000A4F85C5447E6802796E7D4F85034D4F86A
:104D900054240833934200F23283D4F85034D4F8C8
:104DA00044249B1AEA18EB5C5078DBB2D4F8502408
:104DB000C0B20232C4F85024D4F85024D4F84414B9
:104DC000521AA918AA5C497842EA0122D4F8501470
:104DD0000231C4F85014A4F85C24D4F85024D4F858
:104DE0004414521AA95CD4F85024C9B20132C4F850
:104DF0005024D4F85024D4F84474D21BAF18AA5CC1
:104E000097F801C0D4F8507442EA0C220237C4F873
:104E10005074C4F85824D4F85024D4F84474D21BE5
:104E2000AF5CD4F850240132C4F85024D4F858248C
:104E300042EA0742C4F85824D4F85824802A5ED89D
:104E4000D4F85874D4F85424D4F850C4A2EB0C020B
:104E5000BA4204D2D4F85474D4F85024BF1A002FA4
:104E60003FF46CAD43EA0023D4F85804D4F850243E
:104E7000D4F844C41BB28DF82900A2EB0C028DF8C3
:104E800025308DF82D10AD5CD4F850248DF82E50BF
:104E90000132C4F8502409228DF824205ABAC3F3F1
:104EA0000723ADF826208DF82830030A8DF82A3024
:104EB000030C8DF82B30030E8DF82C30D4F8003411
:104EC0000B33C3F30905D4F800349D4219D2D4F84A
:104ED000009409A9D4F80004C9F58068204442462A
:104EE00002F02EF86FF47D736A4809EB030209ABF8
:104EF00003EB080102F024F8C4F8005403E780270C
:104F0000A0E7D4F800C409AB04EB0C0203CB44F8CF
:104F10000C00516019889B7811819372ECE7D4F8EA
:104F200000044246204413E7D4F85034D4F8542403
:104F30000433934200F26382D4F85034D4F844240A
:104F40009B1AEA18EB5C5078D4F8502443EA00230B
:104F50000232C4F85024D4F85024D4F84414521A1D
:104F6000A918AA5C4D78D4F8501442EA05220231FF
:104F700043EA0243C4F85014D4F85424D4F850142B
:104F8000521A934204D9D4F85434D4F850249B1ABA
:104F9000D4F850243FE1D4F85034D4F854240233E8
:104FA000934200F22C82D4F85034D4F844249B1A53
:104FB000EA18E85C5278D4F8503450EA022003F141
:104FC0000203C4F8503400F03A81FFF7E6F922E515
:104FD000D4F85034D4F854240233934200F20F82B0
:104FE000D4F85034D4F844249B1AEA18E85C527878
:104FF000D4F8503440EA02200233C4F85034013867
:1050000000B2FFF7B3F9FFF7F1BAD4F85034D4F88F
:1050100054240233934200F2F28194F8A414072935
:1050200000F2ED81D4F85024D4F84434D21AA818F0
:10503000AB5C4078D4F8502453EA002302F102021A
:1050400018BF03F1FF33C4F8502401F18C0218BFDC
:105050009BB204EBC2021381D4F8503453604B1C52
:1050600084F8A434FFF7C2BA94F8A434002B3FF4B8
:10507000BDAA591E8B3304EBC3031A8932B1596898
:10508000013AC4F850141A81FFF7B0BA84F8A41496
:10509000FFF7ACBA10F90020D4F85034D4F85424F7
:1050A0000233934200F2AB8194F8A424072A00F261
:1050B000A681D4F85034D4F844145B1AE918EB5C98
:1050C0004878D4F8501443EA00230231C4F850144D
:1050D000D4F85014D4F8540401EB4301814200F297
:1050E0008E81002B3FF482AA02F18C010120013253
:1050F000013B04EBC10184F8A4240881D4F85004D6
:10510000D4F8502403384860D4F84414521AA9182B
:10511000A85C4978D4F8502440EA01200232C4F84F
:105120005024D4F8502402EB4303C4F8503466E70B
:1051300094F8A434002B00F06281581E8B3304EBEA
:10514000C3014B68C4F85034D4F85034D4F8442424
:105150009B1AEA5CD4F85034262A03F10103C4F800
:10516000503440F04C81D4F85024D4F84434D21A4E
:10517000AB18AA5C5B7842EA0322D4F850340233BD
:105180005600C4F85034D4F85034D4F8547403EBB7
:105190004203BB4200F23381D4F850341E440B89E1
:1051A0009A4219D9D4F8502402EB43020133C4F8CF
:1051B0005024D4F85024D4F84404121AAF18A85C30
:1051C0007D78D4F8502440EA05200B810232C4F8DF
:1051D0005024C4F8506412E7C4F8506484F8A4045E
:1051E000FFF704BAD4F85034D4F85424023393426D
:1051F00000F20581D4F85034D4F844249B1AEA18FC
:10520000EB5C5178D4F8502443EA01230232C4F80D
:105210005024D4F8502413445DE0D4F85034D4F82A
:1052200054240433934200F2EA80D4F85034043317
:10523000C4F8503494F8A534002B3FF4D7A9FBF7F9
:10524000CFF9FFF7E8BBD4F85034D4F85424043332
:10525000934200F2D480D4F85034D4F844249B1AFA
:10526000EA18EE5C5178D4F8503446EA012602334D
:10527000C4F85034D4F85034D4F844249B1AEA18B3
:10528000EB5C5078D4F8502443EA0023023246EA1B
:105290000346C4F85024D4F85434D4F850249B1A4C
:1052A0009E4204D9D4F85464D4F85034F61A002E2F
:1052B0003FF49CA9D4F85034D4F844249B1AE85CF9
:1052C000D4F850340133C4F85034FBF74DF9D4F816
:1052D0005034013B3344C4F85034FFF787B9D4F855
:1052E0005034D4F854240133934200F28880D4F827
:1052F0005034D4F844249B1AEB5CD4F85024013287
:10530000C4F85024D4F85424D4F85014521A9342B8
:1053100004D9D4F85434D4F850249B1AD4F8502427
:1053200052FA83F3D7E7D4F85034D4F85424023334
:10533000934264D8D4F850340133C4F85034D6E7DB
:10534000D4F85034D4F854240233934257D8D4F8C4
:105350005034D4F844249B1AEA18EB5C5178D4F802
:10536000502443EA01230232C4F85024D4F85424D0
:10537000D4F85014521A934204D9D4F85434D4F8BF
:1053800050249B1AD4F8502412FA83F3A3E7D4F8DC
:105390005034D4F854240133934230D8D4F85034E4
:1053A000D4F844249B1AEB5CD4F8502403EB430359
:1053B0000132C4F85024D9E7D4F85034D4F8542436
:1053C000143393421BD8D4F850341033C4F85034FB
:1053D000B2E5D4F85034D4F85424093393420ED8AB
:1053E000D4F85034093376E7D4F8502400200F491C
:1053F000013AFEF737F9D4F85434C4F85034D4F8ED
:105400005434C4F85034FFF799BAD4F85034D4F86F
:10541000542402339342F2D84FF47A733046A4F8FE
:105420005C34FEF76BFAFFF7B6B900BF7A63002071
:105430002DE9F04397B088460446154602A89946E0
:105440001E9FE6F746F9D8F8002004F1100106A8DF
:10545000FDF7D6FB0646F0B1294606A800F0E6FCAB
:10546000002843D098F82430E3B100238DF80730AA
:105470000020B9F1000F21D01D4BD8F800201B6887
:105480009A421BD13A462946EDF79AF81F9B1870AD
:1054900006A8F6F7FBFE02A8E6F728F9304617B093
:1054A000BDE8F0830DF107012846EDF798FB9DF864
:1054B0000730013B042BDBD80320DAE70D4B441CFB
:1054C000013D0822196815F8013F5BB113F0800F08
:1054D00004F1010418BF3F230B4413F8203C1A4485
:1054E000DE2AF0D9013401203C60CFE70646CFE741
:1054F0000C660020587A0020C2B10B78022B17D11D
:105500004B78042A80F8273091F90230836291F9B0
:105510000330C36207D991F90430052A03631CBF25
:1055200091F905304363012280F825201046704729
:105530000020704700238361704710B40468246919
:10554000A4465DF8044B604703685B69184703682D
:105550009B6918470368DB691847000070B504466B
:105560000D46114816461149FBF7CEFAE3690BB117
:10557000AB4215D1A06898B906F47062B2F5A06F7D
:105580000DD133060ED5049B012B0BD108490648DB
:10559000FBF7BAFAAB680220E561A361236270BD34
:1055A0000020FCE70120FAE7646600200358002091
:1055B0003B580020E3B505460E461F46CDE90023C3
:1055C0000B4602460C490D48FBF79EFAA86888B9BD
:1055D000EB690BB1B3420BD1A7F10117012F09D829
:1055E00007490648FBF790FAB3680120EE61AB610A
:1055F00002B0E0BD0020FBE7625800206466002096
:10560000AA580020024B1A6802601860704700BF59
:1056100090E404207FB57148FAF700FA01211F20B9
:105620006F4CFBF70FFB6F4B4FF480021D206E4D4C
:10563000C3F88420FBF706FBD4F880324FF0004219
:10564000242043F0C103C4F88032684BC3F884209F
:10565000FBF7F8FAD4F874330D2043F0C103C4F813
:1056600074331924FBF71EFB2520FBF71BFB1E20C0
:10567000FBF718FB0520FBF715FB013C022115F891
:10568000010BFBF70FFB14F0FF04F6D1584D082473
:10569000013C012115F8010BFBF704FB14F0FF049A
:1056A000F6D14F4B0220D3F8542342F0C102C3F885
:1056B0005423D3F8702342F0C102C3F87023D3F807
:1056C0006C2342F0C102C3F86C23D3F8582342F094
:1056D000C102C3F85823D3F82C2342F0C102C3F807
:1056E0002C23D3F8342342F0C102C3F83423D3F877
:1056F000302342F0C102C3F83023D3F85C2342F0D8
:10570000C102C3F85C233B4B5A683B4B1A60E7F776
:1057100029FD3A4B40F2BE5221463948C3F8C442F3
:1057200001F070FA374B1C7004F01EFEA8B1364D24
:1057300001A9364801952C3D02940594CDE9034416
:1057400004F01AFE039A32492046002A08BF2A466E
:10575000FDF788FF039802F03FFB2E4B00252E4AF1
:1057600058695A621A6BB0F8581002F58042A3F8D3
:105770004A50A3F84C50511A9A63284CD963B0F898
:105780005A100120521A21461A64254B254A1A60E4
:10579000254B264A1A600422FAF786FD2146284640
:1057A0000222FAF781FD214604220320FAF77CFD4C
:1057B00002221F491046FAF777FD02221D492120D7
:1057C000FAF772FD1C4BC3F8B4421C4B102283F84D
:1057D0009D20E1F723FAFBF797FFFAE70054EA2A46
:1057E00000801F4000800042E131002000C00042E4
:1057F000FA310020001000E03417012060880020FA
:10580000D7E50420D6E504200C320020946800205F
:105810001F3C002014650020408B0020A11D0000CB
:1058200090E10020795B010058DC04206DA30000AA
:105830009943000035420000006C002000E400E0C5
:10584000A84B00214FF0010CD3F80004D3F8042436
:10585000904200F0CC80D3F80424985CD3F8042460
:10586000C0B20132C2F30902C3F8042483F80D0464
:10587000D3F80424985CD3F804240132C2F309025B
:10588000C3F80424A3F80E04D3F80424985CD3F8D6
:1058900004240132C2F30902C3F80424B3F80E242D
:1058A00092B242EA0022A3F80E24D3F80424985CB2
:1058B000D3F804240132C2F30902C3F80424A3F884
:1058C0001004D3F80424985CD3F804240132C2F302
:1058D0000902C3F80424B3F8102492B242EA002269
:1058E000A3F81024D3F80424985CD3F80424C0B29D
:1058F0000132C2F30902C3F80424C3F81404D3F834
:105900000424985CD3F804240132C2F30902C3F8DA
:105910000424D3F8142442EA0022C3F81424D3F850
:105920000424985CD3F804240132C2F30902C3F8BA
:105930000424D3F8142442EA0042C3F81424D3F810
:105940000424985CD3F804240132C2F30902C3F89A
:105950000424D3F8142442EA0062C3F81424D3F8D0
:105960000424985CD3F80424C0B20132C2F30902C3
:10597000C3F8042483F8180493F80D2402F0FF0000
:1059800062B193F80D24023A072A00F2A980DFE8F9
:1059900002F0420644393B3F9A0901207047012238
:1059A00083F81924D3F80014D3F80424914200F0AA
:1059B0009180D3F80424995CD3F80424C9B201324D
:1059C000C2F30902C3F8042483F81A14D3F8142488
:1059D000013AC3F8142493F80D24042ADDD0D3F837
:1059E00014243AB100220120C3F81C24704783F824
:1059F0000D14C1E793F818240120C2F10802C3F87E
:105A00001C24704700207047002283F81A24DDE729
:105A100083F80C1418E74022F7E7D3F80014D3F802
:105A200004249142EED0402283F81A24D3F80424AF
:105A3000995CD3F804240132C2F30902C3F80424A8
:105A4000A3F80E14D3F80424995CD3F8042401328B
:105A5000C2F30902C3F80424B3F80E2492B242EA56
:105A60000122A3F80E24D3F80014D3F804249142A1
:105A70002CD0D3F81424012A28D90622C3F81C24D8
:105A8000D3F80424995CD3F804240132C2F3090248
:105A9000C3F80424A3F81014D3F80424995CD3F8B1
:105AA00004240132C2F30902C3F80424B3F8102419
:105AB00092B242EA0122A3F81024D3F81424013A46
:105AC000C3F8142482E783F80CC4BDE60722C3F8A8
:105AD0001C247BE70022AA21104683F81A1483E7CE
:105AE000AA2292E710F9002090F831205AB991F8D3
:105AF000312012F0500F06D00B6813F01F0302D1B3
:105B00001A46F6F747BE002070472DE9F041174CC2
:105B10000B4640F2BD5802462168414512D825681F
:105B200040F2BE56124F21683D44711A284602F0D9
:105B3000C9FC23680133184440450ED90023266070
:105B400087F8BD350B4B01221A700B4B1878A0F16A
:105B5000130358425841BDE8F081284602F001FD88
:105B60002368013318442060ECE700BF248B002039
:105B7000D7E50420D6E50420637A00200EB403B5EF
:105B800003A951F8040B0191FFF7BFFF02B05DF8C4
:105B900004EB03B070472DE9F7430C461746054662
:105BA00010F8013B202BFAD04FF0000825602B782D
:105BB0003BB92369013BFE2B23D9002003B0BDE88C
:105BC000F0832F2BF5D0291D284601AAF6F724FDD6
:105BD00005460028F1D0019EB6F5803F34BF012371
:105BE00002237F2E984408D8F0B2F4F7B8FE0028BC
:105BF000E3D12E2EDBD0202ED9D0C4F81080A560A2
:105C0000D5E72A4615F8013B202BFAD02F2BF8D0E8
:105C10003A6022464FF02031A66852F8163BC4F88D
:105C200016105160C2F8071018782E3818BF0120DE
:105C30001F4613F8012B2E2AFAD0731E9F429C4652
:105C400003D213F801292E2AF8D100224FF0070EB3
:105C50004FF00809114690460AE03B782E2B14D1EC
:105C6000BC4520D14FF00A0E08214FF01009013732
:105C7000BE42F2D8A37D202B9FD000284BD012EA41
:105C8000080F18BF0222627598E7222B0BD07C2BDD
:105C900009D0A3F15B05022D05D9A3F12A05052D35
:105CA00006D82D2B12D0714512D800205F2320E09A
:105CB000A3F13A05052D03D9A3F121055D2D05D9E1
:105CC00003F0C003802BEED10020D0E7714507D947
:105CD000BEF10A0F1DD0BC451BD30CF1FF37F3E713
:105CE000A3F16105192D0DD8203B49EA0202DBB270
:105CF000D2B24D1C2144EDB28B75062D00D825750E
:105D00002946B4E7A3F14105192D98BF49EA0808CF
:105D1000EFE70020AEE7237D7E220120234460755B
:105D20009A753122DA7549E7411E00F10A03002015
:105D3000C20142EA500211F8010F50FA82F2994270
:105D4000D0B2F5D170472DE9F341037806460D46F0
:105D50009BBB0B7813F0700F2FD04C6914F01F040D
:105D60002BD1274600212846D5F81480F6F785FB6D
:105D700018B302780AB32E2A15D0E52A13D0C17AB7
:105D800011F0080F11D11CB1FFF7CEFFB84214D1AA
:105D90000023C8F34F12294630460094F6F79CF9C9
:105DA00002B0BDE8F0810024DCE70F29FBD15106E9
:105DB000D8D502F01F04477BD4E70020F0E738B5C0
:105DC0000D460446F6F762FAAB6B63B10023A46399
:105DD00020462380A370A96BFFF7B5FF08B101200F
:105DE00038BDA063FCE7E86B0028F9D084F83130B7
:105DF00020466386E463E96BFFF776FE0028EED168
:105E0000E063EDE7042904D800EB4101B1F801009B
:105E100070470A2903D800EB4101888870470D2993
:105E20001ABF00EB4101C888002070472DE9F04FF0
:105E300000278DB00E460F70856B002D00F0998005
:105E400003972C78002C3BD0EB789BBB14F06004BC
:105E500006D02F2201204B700A700DB0BDE8F08FE4
:105E600021462846F6F7BCF950B3014622460825DC
:105E7000082A0B780AD1202B18D010252E23FF2CAE
:105E800027461DD00134F355E4B20CE0A3F14107DD
:105E90000131192F05D8077B3D42F0D02033DBB20A
:105EA000EDE7202BEBD101320C2AE1D10023204673
:105EB0003355D2E7294603A8F4F7BFFD002852D195
:105EC00000203070C9E7A98803A8A1EB080189B2B6
:105ED000F6F7F2FA81460028F2D0C37A0F2BEFD101
:105EE000037803F01F035B45EAD14FF0000B5FFA24
:105EF0008BF14846FFF786FF27B300F5105292B2A8
:105F0000B2F5806FDCD2474BC0F3090003EA872764
:105F1000384300F5803021465246F6F734FB0446FC
:105F20000028CDD000270BF1010BBBF10D0FDED106
:105F300008F101081FFA88F85FFA88FBEB785B45E7
:105F4000C1D207E000F5205292B2B2F5006F05D33E
:105F50000028E0D10023A01B23707EE7B2F5806FFC
:105F6000AED20746DFE734464FF0010806F1FF0ADC
:105F7000E2E7C46B002C53D094F83130002B9FD053
:105F800088464FF00209DFF89CA094F830304B456A
:105F900005D20023A8EB060088F800305DE7002258
:105FA00049462046F5F7E5FB002889D00378C12B48
:105FB00086D1074600F11E0B06F1FF0237F8023FBB
:105FC000F5B103F5105189B2B1F5806FBFF478AF28
:105FD0000AEA8525C3F309031D4305F580304146D0
:105FE0000192F6F7D0FA804600283FF469AF002509
:105FF000019ABB45E2D109F101095FFA89F9C4E7C9
:1060000003F5205189B2B1F5006F03D3002BC0D046
:106010001846E4E7B1F5806FBFF452AF1D46E8E7DC
:1060200020461AE700FC0F002DE9F8430646894692
:10603000C1B18D1ED6F830340124AB4298BF002583
:1060400005F00703C5F3C8082F469C40E4B2D6F814
:106050002C140022304601EB1731F5F7DAFAB8B903
:10606000BDE8F883D0F82054E4E7BD4222D0D6F84A
:1060700030349F421AD2640014F0FF040AD108F1B0
:10608000010301244FF00008B3F5007FDFD29846EA
:1060900010F8082022423B4607F10107E5D1B9F18B
:1060A000000F01D1C6F82034981CD9E74FF40078CE
:1060B0000027E4E70120D3E720B103680022D96973
:1060C000002308477047F0B40C4671B3D56A28B373
:1060D0000B5C0133DBB245B36A78032A25D1235424
:1060E00002262A78E71C03EB52013129C2BFC3F113
:1060F00032025200D2B25FFA86FCD9B2624501D9AF
:1061000030290DD923440022DA70C0F10202013097
:10611000D2B254FA80F0F0BC00F074BD0346DAE766
:10612000A95D0236F9540133E5E7F0BC7047C38B33
:1061300089B21B0406D4C1F30E01C183C38B9BB289
:10614000C3827047C38BC1F3080103F47E430B4342
:10615000C383F3E703685966DA6D12F4F81FFBD0C6
:106160005B6F704737B50D460446CDE90032F6F750
:106170008DF8D5F88004DDE9003258B10021A46320
:106180002180A17001462046F7F782F800B9A0638C
:1061900003B030BDD5F884140029F9D084F831005B
:1061A00060862046E463F6F703FD0028F0D1E06343
:1061B000EEE7F8B50E461746034610F8012B202AE5
:1061C000FAD03360B3601D4615F8014B0CB12F2C8B
:1061D0001AD1194613F8012B202AFAD02F2AF8D009
:1061E000002439604FF6FF7533682746B481736029
:1061F00030463461F4F7A9FB98B1601EB782FE28DF
:106200008CBF0020012004E02046F4F7A8FB08B171
:106210000020F8BD2E2C02D0202C18BFB5602B46D4
:10622000D1E73046F6F73CFAA842F1D0F6F75CFA2F
:106230000134FB0343EA570353FA80F3000A9AB28E
:10624000C3F34E0343EAC23310FA83F39FB2CFE79E
:10625000044B1B7823B9044B04481968E7F77ABD4F
:10626000704700BF057000200870002070A9202032
:1062700010B103689B6B1847704710B103685B6BE4
:1062800018470148704700BFC23E002010B10368A4
:106290009B6A184700200021704738B503690546FE
:1062A0000C460BB1E5F7C0FA23692B61002323618B
:1062B00038BD10B103681B6B1847704710B420B18C
:1062C00001685DF8044B096A08475DF8044B7047A4
:1062D0002DE9F74F8846194606461746DDF83490F3
:1062E000E5F797FB051E39DB08222B4906F592706E
:1062F00096F839B202F024FF06F50F7596F838A229
:10630000044600283ED08023002203FA0AF31446F4
:10631000934534DDA9780C98884235D1002C2EDBCA
:106320002A7890452BD16A78974228D1D9F8002055
:1063300093422DDAC9F800306FF00305D6F820310A
:10634000186910B103685B6A984722180023D6F8D1
:1063500020110093D3170869FFF7B0FF284603B058
:10636000BDE8F08FE979AB790C9803EB0123A978AC
:106370008842D5D01C44083501329345F2DC6FF0D9
:106380000405EBE70246F8E71C4408350132BFE795
:10639000D2DC0025D2E700BF523A002010B10368DA
:1063A0009B6818477047F0B53D4CADF20C4DD4F8E2
:1063B0005024D4F844349A4218D3D4F85074D4F802
:1063C00044547E1BB6F5004F10D2D4F84824D4F8BC
:1063D0004C14531AB3F5004F08D2D4F84CE4D4F857
:1063E00050C4E64501D39E4200D3F8B10023D4F84F
:1063F0005024D4F838040093FFF760FF4FF40042B4
:10640000D4F84014D4F83804FFF7C8FFD4F8503457
:10641000C4F84434D4F850341844C4F84804D4F8C8
:106420004834C4F84C340DF20C4DF0BDD4F848C4D7
:10643000D4F8540484450FD2B21A0A447F2A0BD9E7
:10644000D4F84014D4F838041944FFF7A7FFD4F85F
:1064500048341844C4F84804B6F5F84FE3D3D4F8E8
:106460005024D4F84C349A42DDD205F5004502A8F8
:10647000ED1BD4F840742A46B91900F061FD32468C
:106480003946781901F092FD2A4602A9D4F8400451
:1064900000F056FDD4F85034C4F84434BFE700BFD0
:1064A00010F9002000234FF47A7201610373C0E9F0
:1064B0000132034B036011B14B6801334B607047ED
:1064C0002C07002010B5044629B10B680022DB6BB5
:1064D0009847204610BDFFF7E5FFFAE770B5AAB070
:1064E00000261A4D044602A801912E70E5F7F1F836
:1064F00006A83346019A1649FFF734FE06A8E5F7C9
:10650000CAF8E8B106A8E5F7A2F8B0B116A8E5F711
:10651000E0F8224606A91AA8FCF772FB50B11AA8A7
:10652000E5F795F818B929461AA8FFF77FFC1AA8CD
:10653000F5F7ACFE16A8E5F7D9F806A8F5F7A6FE1C
:1065400002A8E5F7D3F82AB070BD00BF777A002023
:106550003C17012038B50025194B04461022294666
:106560000360C0E90155C0E9D655C0E9D85500F52A
:106570005A7000F047FB4FF4407304F1C000032150
:10658000A4F8783304F5E76384F87A53C4F838370D
:106590004FF46873C4F88843A4F83C3784F83E5736
:1065A000F8F774F904F5F0700521F8F787F904F5A8
:1065B0004870FFF727F82046BDE83840F8F72CBEB2
:1065C000303200202DE9F84FD54B0024D54AD96947
:1065D000D548C2F80610198CC0F884445181D3F80C
:1065E0002210C0F88844C2F81210D98CC0F8904428
:1065F000D182CE4AA0F89C441168126803F130029F
:10660000CB49026003F16C02DC3380F8B544C0F87A
:106610009424C84AC0F8A0344FF47F43C0F8A8249B
:106620000722A0F8D034FF23C0F8AC24292280F838
:10663000D23480F8B12480F8BC44BF4A80F8CC44FE
:1066400000F028FBBD4BBE4D4FF40472C3F88040F0
:106650002146C3F8844005F58660BA4BC5F8084466
:106660001C615C61B84B85F810441C615C61B74BE0
:10667000C5F814441C615C614FF48073C5F8004494
:10668000C5F80C34C5F8044485F81844C5F81C4412
:10669000C5F8204400F0B6FAAD48C5F84046C5F844
:1066A000444600F071FAA44AAA49A94800F0F2FA57
:1066B000A94800F069FAA04AA649A74800F0EAFAFA
:1066C000A64DA74B0E22214628461C64A3F8984CE1
:1066D0005C64C3F88840C3F88C40C3F8904CC3F89E
:1066E000944CC3F89C4C00F08DFA0123AC73EB730F
:1066F00023462C746C742B5501340E2CFBD1994B12
:10670000994A9A4E1A609A4B1A689A4B1A60FAF78D
:1067100005F9FAF703F9FAF763F896F80090FAF733
:10672000FDF8FAF75DF8EB7B96F80180002B00F09E
:106730000882FAF7F3F8FAF753F8B478FAF7EEF8B4
:10674000FAF74EF896F804A0FAF7E8F8FAF748F8DE
:106750007779FAF725F9642390FBF3F202FB130033
:106760000A23B9FBF3F203FB1299D2B25FFA80FB62
:106770005FFA89F985F800906A70B8FBF3F203FBC1
:106780001288D2B25FFA88F885F80280EA70B4FB0A
:10679000F3F203FB1243D4B2DBB22B71EB7B002B81
:1067A00040F0DC81FAF7BAF8FAF71AF8B3780B2B55
:1067B00094BF002301239B0044EA03020A23002420
:1067C0006A71BAFBF3F203FB12AAD2B25FFA8AFA39
:1067D00085F806A0EA71B7FBF3F203FB1277D2B299
:1067E000FFB22F726A72BBFBF3F203FB12BBD2B291
:1067F0005FFA8BFB85F80AB0EA72FAF78FF8F9F7BF
:10680000EFFFF37821464022013B5B4EDBB22B7356
:106810005A4DC5E90044AC6005F10C0000F0F2F9F6
:1068200085F84C40564D28462E60C5F84453C5F8AF
:106830006053C5E90144F8F713FD05F57870C5F814
:10684000E063C5F82407C5F84007C5E9F944F8F73F
:1068500007FD05F5F860FFF77DFE05F57060FFF7B1
:1068600079FE484D06F11C0385F8254028462B602B
:1068700006F168032C61EB602C752C6285F82440CE
:1068800085F8264085F82740C5E90144C5E9064456
:10689000C5E90A44C5E90C44F8F7D0FC05F10C0041
:1068A000F8F7A8FC384D06F1A4032146EC614FF43B
:1068B00080722B6006F5887385F8204005F148004A
:1068C000EB6006F59E7385F82C40AB6140F2011336
:1068D000EC632B870123A5F8404085F83A3085F812
:1068E00042406C64C5E90144C5E90444C5E9094472
:1068F000C5E90C4400F086F900220023C5E95223C3
:10690000C5E9542340F2FF320023C5E95844C5E9E4
:106910005623C5E95A44FAF753F985F8744135E02E
:10692000283200208089002038170120387200208A
:10693000F180010000093D00FC68002000EA002011
:10694000E0010120C4010120ECF80020D4F800206F
:106950003008012059030100B00F0120F0EB0020A6
:1069600020EC002004EC0020B58B000010EC00208F
:106970000CEC002008EC0020743300203C70002058
:1069800040CB00204C820020A0820020C5F870017E
:10699000032105F5C07085F89544A5F89644A5F83F
:1069A0009844F7F773FF072105F52870F7F786FF7E
:1069B00005F58C60FEF726FE2846F8F72DFC05F15C
:1069C0000C00F8F73BFC05F11800F8F713FC644DD8
:1069D00006F5BC7306F5E87685F882402846EE6039
:1069E000FF262B602C612C7585F85E4085F8604091
:1069F000EC67A5F8804085F88340A5F8846085F8A9
:106A00008F40C5E90144C5E90644C5E90A44C5E922
:106A10001B44C5E91D44C5E92444C5E92644F8F7EB
:106A20000DFC05F10C00F8F7E5FB4E4DAA23C5F867
:106A3000004405F58560C5F8044485F8084485F8E8
:106A4000094485F80A4485F80B4485F80C4485F818
:106A50000D44A5F80E44A5F81044C5F8144485F873
:106A6000184485F8194485F81A34C5F81C44C5F84B
:106A70002044C5F82444E4F75EFE85F83D442146F1
:106A8000C5F8444485F83C444022C5F8484405F222
:106A90006440C5F84C44C5F84044C5F85044C5F8B6
:106AA0005444C5F85844A5F85C4485F85E4485F81C
:106AB0005F4485F8604400F0A5F82146A5F8A44499
:106AC0004FF47F7205F5956000F09CF8264A27493F
:106AD000284685F8A44800F0DDF8254D254B05F142
:106AE000500085F848401C62C3F8AC405C6283F8F3
:106AF000B0409C64EC64DC641C675C67C3F898403D
:106B0000C3F89C4083F8A06083F8A14083F8A240BA
:106B10002C646C64C3E92944E4F70DFE124A16495B
:106B2000284685F8644000F0B5F80F4A1349144828
:106B300000F0B0F80C4A11491248BDE8F84F00F0D7
:106B4000A9B8F9F7EBFEF9F74BFEB37823B10C2B9C
:106B500000D90C3BDCB2F1E50C23FBE700232BE66C
:106B60008481002010F90020FC68002069030100E6
:106B700060EB0020A8EA002079030100F58F0000F7
:106B8000746500209865002038B50025044600F59E
:106B9000816040F8085C40F8045CE4F7CCFD4FF4F9
:106BA0008072294604F21C4000F02CF84FF4803328
:106BB0004FF404722946C4F8203504F5A860C4F8DF
:106BC0001C55A4F82455C4F8285584F82C55C4F84D
:106BD0003055C4F8345500F015F84FF6FF73C4F87B
:106BE0005057C4F85457C4F85857A4F85C37C4F841
:106BF0006057C4F86457C4F86857C4F86C57C4F8B1
:106C0000705738BD01B5EAB1102A17DB00F0070351
:106C100033B1C3F10803D21A013B00F8011BFBDCBE
:106C2000C9B241EA012141EA01418C46D308013B46
:106C3000E0E8021CFBDC12F0070203D0013A00F886
:106C4000011BFBDC01BD00BF08B52DED028BB0EED2
:106C5000408A00F01BF8B4EE488AF1EE10FA06D62E
:106C6000DFED098AB4EEE88AF1EE10FA02D4BDEC49
:106C7000028B08BD00F04CFB88EEA80ABDEC028B2D
:106C80002123036008BD00BF00000000B1EEC00A70
:106C9000704700BF0B460146184600F093B900004C
:106CA0002DE9F043364F86460D46284615F8014B30
:106CB0003E5D16F00806F8D12D2C30D12C78012637
:106CC000851C002B57D0102B09D1302C07D12878E8
:106CD00000F0DF00582849D16C78102302354FF0BE
:106CE000FF380027B8FBF3F803FB08F96FEA09093E
:106CF0003846A4F1300CBCF1090F15D86446A34204
:106D000023DDB7F1FF3F07D080451BD301D1A1455B
:106D100018DB00FB0340012715F8014BE9E72B2C9A
:106D200004BF2C78851CCCE7A4F1410CBCF1190FF1
:106D300001D8373CE3E7A4F1610CBCF1190F04D88A
:106D4000573CDCE74FF0FF37E6E77B1C06D12223F8
:106D5000CEF80030384632B9BDE8F08306B1404283
:106D6000002AF9D007B1691E1160F5E73024002B25
:106D7000B5D10823B3E7302CA9D00A23AFE700BF71
:106D8000C3380020FFF78CBF13460A46014602486D
:106D90000068FFF785BF00BF5869002070B50D4D32
:106DA0000D4C641BA4100026A64209D10B4D0C4CBF
:106DB00003F0DEFA641BA4100026A64205D170BDC4
:106DC00055F8043B98470136EEE755F8043B9847E1
:106DD0000136F2E7F8240060F8240060F82400602F
:106DE000002500608A892DE9F041054610070C4610
:106DF00058D44B68002B05DC0B6C002B02DC002008
:106E0000BDE8F081E66A002EF9D0002312F480522A
:106E10002F68216A2B6032D0606DA3895A0705D58F
:106E20006368C01A636B0BB1236CC01A002302465F
:106E3000E66A216A2846B047431CA38906D129681F
:106E40001D292BD8294A0A41D60727D4002262607F
:106E5000D9042269226004D5421C01D12B6803B9F0
:106E60006065616B2F600029C9D004F14403994229
:106E700002D0284600F0A0FA00206063C0E701239A
:106E80002846B047411CC8D12B68002BC5D01D2B0C
:106E900001D0162B01D12F60B1E7A38943F0400345
:106EA000A381ADE70F69002FA9D093070E6808BF33
:106EB0004B690F6018BF0023A6EB07088B60B8F181
:106EC000000F9CDD216AA66A43463A462846B04731
:106ED000002806DCA38943F04003A3814FF0FF3074
:106EE0008EE70744A8EB0008E9E700BFFEFFBFDF1D
:106EF00038B50B6905460C4613B90025284638BD40
:106F000018B1036A0BB900F0E5F8B4F90C30002BA6
:106F1000F3D0626ED00704D4990502D4A06D00F0BE
:106F200051FB28462146FFF75DFF636EDA070546F1
:106F3000E4D4A3899B05E1D4A06D00F045FBDDE717
:106F40000A44914200F1FF3300D1704710B511F8A7
:106F5000014B03F8014F9142F9D110BD10B56AB150
:106F60000139841810F8012B11F8013F9A4203D11E
:106F7000A04201D0002AF5D1D01A10BD1046FCE77E
:106F800037B50C46054611462046019200F0C2FF77
:106F900001998142034605D8225C1AB1002420469B
:106FA00003B030BD2246284600F0E0FA044600282F
:106FB000F4D0421B0021284600F086FE0028EDD1C7
:106FC000EDE7000010B5054C13462CB10A4601460A
:106FD0000220AFF3008010BD2046FCE70000000057
:106FE000002310B50446C0E90033C0E904338360D0
:106FF00081814366C2818361194608225C30FFF7B4
:1070000001FE054B6362054BA362054BE362054B32
:107010002462236310BD00BFAD480200D3480200C4
:107020000B4902002F490200024A0349034800F0BD
:1070300075B900BF00690020994602000C69002064
:1070400041680C4B994210B5044601D0FFF750FF40
:10705000A168094B994202D02046FFF749FFE16839
:10706000064B994204D02046BDE81040FFF740BFD0
:1070700010BD00BF78100520E01005204811052044
:1070800010B50B4B0B4C0C4A1A6020460022042111
:10709000FFF7A6FF04F1680001220921FFF7A0FF16
:1070A00004F1D0000222BDE810401221FFF798BF82
:1070B000B011052078100520D1470200014800F0EA
:1070C00081BA00BFE2110520014800F07DBA00BF7F
:1070D000E211052010B50446FFF7F0FF236A1BB14B
:1070E000BDE81040FFF7F0BF044B2362044B1B6860
:1070F000002BF5D1FFF7C4FFF2E700BFE94702001C
:10710000B011052010B50C46B1F90E1000F020FFAB
:107110000028ABBF636DA3891B1823F48053ACBF59
:107120006365A38110BD002070472DE9F0411F4623
:107130008B89DB0505460C46164605D5B1F90E10C0
:107140000223002200F0F2FEA389B4F90E1023F40A
:107150008053A38132463B462846BDE8F04100F00B
:10716000C5B810B50C46B1F90E1000F0DFFE431C97
:10717000A38915BF606523F4805343F48053A38132
:1071800018BFA38110BDB1F90E1000F087BD0A220F
:10719000002100F0E1B90A22002100F0DDB9000071
:1071A0002DE9F0414D4A0C460023D0E9000102F0E0
:1071B00007FF002ABCBF02F5A83202F5C0724FF4E7
:1071C000616100F52F20B2FBF1F301FB13224FF0B8
:1071D0003C01ACBF00F66C2000F66B20A360B2FB54
:1071E000F1F301FB132263602260C31C072293FBAF
:1071F000F2F2C2EBC2029B1A48BF07330028A36118
:10720000B8BFA0F50E333649AEBF90FBF1F1A3F540
:107210002C7393FBF1F1334B03FB010048F6AC6395
:10722000B0FBF3F3034440F2B45CB0FBFCF29B1AF6
:1072300040F26D172C4AB0FBF2F264269B1AB3FBA6
:10724000F7F2B3FBFCF3B2FBF6F5EB1A034407FBD2
:107250001233992003EB8307023703F1010EB7FBCA
:10726000F0FC00FB0CF002304FF00508B0FBF8F02A
:10727000AEEB000040F2F95E774594BF02276FF055
:10728000090767444FF4C87C0CFB0121012F98BF0C
:107290000131B3F5997F0CD3A3F59973E361A1F2A2
:1072A0006C710023E060C4E9047123622046BDE8EC
:1072B000F08112F0030F02D106FB15255DB94FF4E2
:1072C000C875B2FBF5F605FB1622B2FA82F2520936
:1072D0003B331344E2E70122FAE700BF805101008B
:1072E000B13A02004FC5FDFFB03A020038B5074D74
:1072F00004460846114600222A601A46F9F7F5FBB3
:10730000431C02D12B6803B1236038BDBC1105209A
:10731000014B1868704700BF586900202DE9F843F9
:107320000746884614460026D4E90195B9F10109BB
:1073300005D52468002CF7D13046BDE8F883AB8929
:10734000012B07D9B5F90E30013303D02946384651
:10735000C04706436835E9E7F0B5ADF5057D0E4653
:1073600004AF4FF40071039100933946134603AA0A
:10737000054600F0F9FC044680B10246039B314605
:107380002846FFF7B3FFBC42039003D021462846AE
:1073900000F012F803980DF5057DF0BD4FF0FF30B9
:1073A000F9E7000013460A46014602480068FFF765
:1073B000D3BF00BF5869002037B5002944D051F829
:1073C000043C0190002BA1F10404B8BFE41800F0C4
:1073D000D1FD1E4A0198136833B96360146003B08D
:1073E000BDE8304000F0CCBDA34208D92568611942
:1073F0008B4201BF19685B6849192160EDE71A46A5
:107400005B680BB1A342FAD911685518A5420BD19C
:10741000246821445418A3421160E0D11C685B68C1
:1074200053600C441460DAE702D90C230360D6E7FA
:10743000256861198B4204BF19685B68636004BFEB
:10744000491921605460CAE703B030BD70100520AF
:10745000012B2DE9F04701D0242B06D9FFF758FF67
:10746000162303600020BDE8F087DFF8E4C00D4676
:107470002E4615F8014B1CF8047017F00807F7D1D9
:107480002D2C32D12C780127B51C002B5BD0102B72
:1074900009D1302C07D12C7804F0DF04582C4DD1C1
:1074A0006C781023023507F1004808F1FF384FF0DF
:1074B000000EB8FBF3F9764603FB198AA4F1300CF1
:1074C000BCF1090F16D86446A34224DDBEF1FF3F8C
:1074D00008D0B1451CD301D1A24519DB06FB0346F8
:1074E0004FF0010E15F8014BE8E72B2C04BF2C7868
:1074F000B51CCAE7A4F1410CBCF1190F01D8373C07
:10750000E2E7A4F1610CBCF1190F04D8573CDBE7AA
:107510004FF0FF3EE6E7BEF1FF3F05D122230360B7
:10752000464642B930469EE707B17642002AF9D076
:10753000BEF1000F00D0691E1160F3E73024002B6C
:10754000B1D10823AFE7302CA5D00A23ABE700BFA9
:10755000C3380020FFF77CBF13460A4601460248A5
:107560000068FFF775BF00BF586900202DE9F041A2
:10757000A3B1C91A17780144044603F1FF3C8C42B9
:10758000204601D9002009E00578BD4204F101043C
:10759000F5D10CEB0405D618A54201D1BDE8F08168
:1075A00015F8018D16F801EDF045F5D0E7E710F874
:1075B000012B11F8013B012A28BF9A42F7D0D01ABB
:1075C000704770477047704770479368013B002BC6
:1075D00010B4936008DA9469A34201DB0A2903D14D
:1075E0005DF8044B00F034B91368581C1060197032
:1075F00008465DF8044B7047F8B506460F4614463A
:10760000D518AC4201D1002007E014F8011B3A461E
:107610003046FFF7DAFF431CF3D1F8BD2DE9F04FF8
:107620000D469DB014469846064618B1036A0BB93C
:10763000FFF750FD6B6ED90705D4AB899A0502D4CC
:10764000A86DFFF7BFFFAB891B0701D52B699BB95D
:107650002946304600F03AF970B16B6EDC0704D56C
:107660004FF0FF301DB0BDE8F08FAB899805F7D41F
:10767000A86DFFF7A9FFF3E70023099320238DF8F6
:107680002930CDF80C803023DFF8B0818DF82A3016
:107690004FF0010923469A4613F8012B0AB1252A17
:1076A000F9D1BAEB040B0BD05B4622462946304693
:1076B000FFF7A2FF013000F0A980099A5A4409920D
:1076C0009AF80030002B00F0A18000234FF0FF3229
:1076D000CDE905230AF1010A049307938DF853308D
:1076E0001A935446052214F8011B544800F0ECFA92
:1076F000049AD8B9D10644BF20238DF8533013071C
:1077000044BF2B238DF853309AF800302A2B15D024
:10771000079A544600204FF00A0C214611F8013B0D
:10772000303B092B4DD9B0B1079214E0A0EB080310
:1077300009FA03F313430493A246D2E7039B191DEE
:107740001B680391002BBBBF5B4242F00202079310
:107750000793B8BF049223782E2B0CD163782A2B81
:1077600034D1039B1A1D1B680392002BB8BF4FF046
:10777000FF3302340593DFF8D4A02178032250466A
:1077800000F0A2FA38B1049BA0EB0A00402282402C
:1077900013430134049314F8011B29488DF8281071
:1077A000062200F091FA00283FD0264B1BBB039B1A
:1077B000073323F0070308330393099B3B440993E2
:1077C00068E70CFB02320C460120A6E700230134D7
:1077D000059319464FF00A0C204610F8012B303A59
:1077E000092A03D9002BC6D00591C4E70CFB01215F
:1077F00004460123F0E703AB00932A46124B04A989
:107800003046AFF300800746781CD6D16B6ED9079F
:1078100005D4AB899A0502D4A86DFFF7D5FEAB89D4
:107820005B063FF51DAF09981CE703AB00932A46A2
:10783000054B04A9304600F00FF9E4E7413A002077
:107840004B3A002000000000A14D0200473A002002
:10785000F8B50E461446054618B1036A0BB9FFF792
:1078600039FCA369A360A3891A0725D523691BB333
:1078700023682269981A6369F6B28342374604DCAA
:1078800021462846FFF734FBE0B9A368013BA3601B
:1078900023685A1C22601E706269431C9A4204D0FD
:1078A000A389DB0706D50A2E04D121462846FFF717
:1078B0001FFB38B93846F8BD2146284600F006F8C7
:1078C0000028D5D04FF0FF37F4E7000038B52A4B39
:1078D000054618680C4618B1036A0BB9FFF7FAFBA6
:1078E000A389B4F90C20180722D4D90607D4092398
:1078F0002B6042F04003A3814FF0FF3034E0580783
:1079000012D5616B41B104F14403994202D028467B
:10791000FFF752FD00236363A38923F02403A381AF
:107920000023636023692360A38943F00803A381D4
:1079300023694BB9A38903F42073B3F5007F03D007
:107940002146284600F0A9FBA089B4F90C2010F0CC
:1079500001030AD00023A36063695B42A36123692A
:1079600043B910F08000C4D138BD810758BF6369A6
:10797000A360F4E70020F7E7586900202DE9F047FD
:10798000164699468A680B69DDF820809342B8BF95
:107990001346336091F8432007460C460AB1013381
:1079A00033602368990642BF336802333360256829
:1079B00015F0060506D104F1190AE36832689B1A2E
:1079C000AB4226DC94F84320131E226818BF012323
:1079D00092062BD404F1430249463846C047013091
:1079E0001ED02368226903F00603042B02BFE5685A
:1079F0003368ED1AA3680CBF25EAE57500259342AC
:107A0000C4BF9B1AED1800261A34B5421AD10020C3
:107A100008E00123524649463846C047013003D1A9
:107A20004FF0FF30BDE8F0870135C6E7E1185A1C7A
:107A3000302081F84300224494F8451082F8431026
:107A40000233C7E70123224649463846C047013082
:107A5000E6D00136D9E700002DE9FF470F7E0C9DE7
:107A6000782F914680460C469A4601F1430207D88A
:107A7000622F0AD8002F00F0D480582F00F0C08069
:107A800004F1420584F842703AE0A7F16303152B34
:107A9000F6D801A151F823F099520200AD5202002C
:107AA00029520200295202002952020029520200E2
:107AB000AD5202002952020029520200295202004E
:107AC00029520200B1530200D95202006B53020046
:107AD0002952020029520200D35302002952020007
:107AE000D9520200295202002952020073530200A7
:107AF0002B681A1D1B682A6004F1420584F8423085
:107B000001239FE020682B68070603F10401296028
:107B100001D51E6803E04606FBD5B3F90060002ED0
:107B200003DA2D23764284F843305A480A2312E0C0
:107B30002B682068191D2960050601D51E6802E022
:107B40004106FBD51E8853486F2F0CBF08230A231C
:107B5000002184F843106568A560002DA2BF21684C
:107B600021F0040121600EB9002D4BD01546B6FB63
:107B7000F3F103FB1167C75D05F8017D3746BB4292
:107B80000E46F4D9082B0BD12368DE0708D52369EC
:107B900061689942DEBF302305F8013C05F1FF35ED
:107BA000521B2261CDF800A04B4603AA2146404655
:107BB000FFF7E4FE01304AD14FF0FF3004B0BDE8DA
:107BC000F087236843F0200323603348782784F844
:107BD0004570236829681F0651F8046B02D45F06BC
:107BE00048BFB6B2DF0748BF43F02003296048BF53
:107BF00023601EB9236823F0200323601023A7E726
:107C00002448E4E71546BDE72B6826686169181D1E
:107C1000286035061B6801D5196002E07006FBD5A7
:107C20001980002323611546BCE72B681A1D2A60C2
:107C30001D6862680021284600F046F808B1401B24
:107C4000606063682361002384F84330AAE72369F6
:107C50002A4649464046D0470130ADD023689B07AD
:107C600013D4E068039B9842B8BF1846A6E70123E7
:107C7000324649464046D04701309DD00135E36841
:107C800003995B1AAB42F2DCEBE7002504F119061D
:107C9000F5E700BFC3390020D439002038B5064DC0
:107CA0000023044608462B60F9F7A4F8431C02D1D0
:107CB0002B6803B1236038BDBC1105200000000013
:107CC000000000000000000001F0FF01102A2BDB83
:107CD00010F0070F08D010F8013B013A8B422DD06D
:107CE00010F0070F42B3F6D1F0B441EA012141EAA6
:107CF000014122F007047FF000070023F0E802565C
:107D0000083C85EA010586EA010685FA47F5A3FAEB
:107D100087F586FA47F6A5FA87F68EB9EED1F0BC5C
:107D200001F0FF0102F0070232B110F8013B013A05
:107D300083EA010313B1F8D100207047013870477E
:107D4000002D06BF35460338073815F0010F07D15F
:107D5000013015F4807F02BF013015F4C03F0130BF
:107D6000F0BC0138704700BF30B515469BB02C6899
:107D70001A4689B1002C12BF4FF4C1634FF422732D
:107D80000021002CADF80C300091049108DA8B230F
:107D9000036000201BB030BD4FF422730C46F0E7A7
:107DA0004FF6FF73ADF80E3069461E9B02940594A2
:107DB00000F00AFA031EA4BF2B60009B4FF00000E6
:107DC000A4BF18700498E5E7024B0146186800F05C
:107DD0002BB800BF58690020024B01461868FFF716
:107DE000EBBA00BF5869002070B50E4E0C463168E2
:107DF000054611B900F0CAF830602146284600F067
:107E0000C5F8431C0AD0C41C24F00304A04207D0C8
:107E1000211A284600F0BAF8013001D14FF0FF34A2
:107E2000204670BD741005202DE9F041CD1C25F0D1
:107E3000030508350C2D38BF0C25002D074601DB46
:107E4000A94205D90C233B6000263046BDE8F081ED
:107E50002F4E00F08FF833681C4644BB2946384645
:107E6000FFF7C2FF431C04464FD134682646002E5C
:107E700042D1002C43D023683146384604EB030836
:107E800000F084F880453AD123680335ED1A25F0D7
:107E9000030508350C2D38BF0C2529463846FFF759
:107EA000A3FF01302BD023682B4423600EE022680F
:107EB000521B1ED40B2A16D96119A342256018BF84
:107EC0005960636808BF316062514B60384604F105
:107ED0000B0600F055F826F00706231DF21AB4D061
:107EE0009B1BA350B1E76268A3420CBF32605A608B
:107EF000ECE723466468B0E734467668B7E70C23BE
:107F00003B60384600F03CF89FE72560DEE700BFA5
:107F10007010052010B5024601448A42134603D072
:107F20001C780132002CF8D1181A10BD38B5074D55
:107F300004460846114600222A601A46F8F764FFF4
:107F4000431C02D12B6803B1236038BDBC1105204E
:107F500038B5074D04460846114600222A601A46E5
:107F6000F8F746FF431C02D12B6803B1236038BDEC
:107F7000BC1105200148FFF725BB00BFE11105201A
:107F80000148FFF721BB00BFE111052038B5064DC0
:107F90000023044608462B60F8F712FF431C02D169
:107FA0002B6803B1236038BDBC110520884210B591
:107FB00001EB020402D98442234607D8431EA142A2
:107FC00008D011F8012B03F8012FF8E7024401460D
:107FD0008A4200D110BD13F8014D02F8014DF7E7B8
:107FE0002DE9F041804614460E4621B9BDE8F04126
:107FF0001146FFF719BF2AB9FFF7DEF925462846D3
:10800000BDE8F08100F000FA8442074602D8B4EBE4
:10801000500F12D821464046FFF706FF05460028BC
:10802000EDD0BC422246314628BF3A46FEF788FFD3
:1080300031464046FFF7C0F9E1E73546DFE7034642
:1080400011F8012B03F8012B002AF9D1704770B504
:108050000C46B1F90E10002996B015461E460DDAF1
:10806000A38913F0800F4FF000010CBF4FF4806321
:108070004023002031602B6016B070BD6A4600F0CE
:10808000A1F90028ECDB019901F47041A1F500533E
:10809000594259414FF48063EBE78B8973B59D07D3
:1080A00006460C4607D504F14703236023610123EC
:1080B000636102B070BD01AB6A46FFF7C8FF00996B
:1080C00005463046FFF7B0FE48B9B4F90C309A05C2
:1080D000EFD423F0030343F00203A381E3E7A38972
:1080E000206043F08003A381009B6361019B2061BA
:1080F0005BB1B4F90E10304600F076F928B1A389CF
:1081000023F0030343F00103A381A3891D43A58149
:10811000CFE72DE9F0478E681F46BE420B688246C6
:108120000C4690462CD88A8912F4906F26D0656947
:10813000096905EB4505A3EB010905EBD5757B1C2A
:108140004B446D109D4238BF1D46530527D5294627
:10815000FFF76AFE064660B321694A46FEF7F0FE65
:10816000A38923F4906343F08003A38126616561B2
:108170004E44A5EB09052660A5603E46BE4200D9E7
:108180003E46206832464146FFF710FFA3689B1B1E
:10819000A3602368334423600020BDE8F0872A46AB
:1081A000FFF71EFF06460028E0D121695046FFF781
:1081B00003F90C23CAF80030A38943F04003A381DC
:1081C0004FF0FF30E9E700002DE9F04F98468B892A
:1081D0001B069DB007460D4614460ED50B6963B9C4
:1081E0004021FFF721FE2860286120B90C233B6065
:1081F0004FF0FF30D0E040236B6100230993202330
:108200008DF82930CDF80C803023DFF8A4818DF86B
:108210002A304FF0010923469A4613F8012B0AB180
:10822000252AF9D1BAEB040B0BD05B46224629462E
:108230003846FFF76EFF013000F0A980099A5A44D2
:1082400009929AF80030002B00F0A18000234FF033
:10825000FF32CDE905230AF1010A049307938DF853
:1082600053301A935446052214F8011B5048FFF767
:108270002BFD049AD8B9D00644BF20238DF8533083
:10828000110744BF2B238DF853309AF800302A2B66
:1082900015D0079A544600204FF00A0C214611F8D9
:1082A000013B303B092B4DD9B0B1079214E0A0EB54
:1082B000080309FA03F313430493A246D2E7039B8E
:1082C000191D1B680391002BBBBF5B4242F00202E9
:1082D00007930793B8BF049223782E2B0CD16378B1
:1082E0002A2B34D1039B1A1D1B680392002BB8BFA5
:1082F0004FF0FF3302340593DFF8C4A02178032246
:108300005046FFF7E1FC38B1049BA0EB0A00402285
:10831000824013430134049314F8011B25488DF85F
:1083200028100622FFF7D0FC002838D0224B1BBBB8
:10833000039B073323F0070308330393099B33445C
:10834000099368E70CFB02320C460120A6E70023E4
:108350000134059319464FF00A0C204610F8012B02
:10836000303A092A03D9002BC6D00591C4E70CFB8B
:10837000012104460123F0E703AB00932A460F4B8B
:1083800004A93846AFF30080421C0646D6D1AB891B
:108390005B063FF52DAF09981DB0BDE8F08F03AB2C
:1083A00000932A46054B04A93846FFF755FBEBE737
:1083B000413A00204B3A002000000000BB58020068
:1083C000473A002038B5074D0023044608461146B9
:1083D0002B60F8F712FD431C02D12B6803B1236018
:1083E00038BD00BFBC11052038B5064D002304463A
:1083F00008462B60F8F706FD431C02D12B6803B139
:10840000236038BDBC11052051F8043C181F002B17
:10841000BCBF0B58C0187047024B1844407800F09E
:1084200007007047C2380020024B1844407800F023
:1084300008007047C2380020024B1844407800F012
:1084400044007047C23800200FB407B5064904AB9A
:10845000086853F8042B81680193FFF7DFF803B035
:108460005DF804EB04B070475869002030B514463D
:10847000002C9BB005461A4605DA8B2303604FF0AB
:10848000FF301BB030BD4FF40273ADF80C3014BF99
:1084900004F1FF332346029305934FF6FF730091D7
:1084A0000491ADF80E3069461E9BFFF78DFE431C0C
:1084B000BCBF8B232B60002CE3D0009B00221A70E2
:1084C000DFE7000007B5009313460A46014603485C
:1084D0000068FFF7CBFF03B05DF804FB586900208C
:1084E00010B50246147813460132002CFAD1013B34
:1084F00011F8012B03F8012F002AF9D110BDC9B2E0
:10850000034610F8012B1AB18A42F9D11846704778
:10851000002918BF0023F9E7034B1B5C03F003039A
:10852000012B08BF20307047C3380020034B1B5C71
:1085300003F00303022B08BF20387047C338002024
:1085400070B503461E4613F8014B44B14A1E01E0C4
:10855000A54204D012F8015F002DF9D1F2E7301ADC
:1085600070BD034613F8012B002AFBD1181A0138FD
:1085700070470000024B0A460146186801F012BA23
:108580005869002010B50139034632B111F8014F86
:1085900003F8014B013A002CF7D11A440021934211
:1085A00000D110BD03F8011BF9E700000CB430B591
:1085B000174B0C1E1D689DB008DA8B232B604FF003
:1085C000FF301DB0BDE8304002B070474FF4027379
:1085D000ADF8143014BF04F1FF332346049307931E
:1085E0004FF6FF7302900690ADF81630209A21AB3B
:1085F00002A928460193FFF7E7FD431CBCBF8B236C
:108600002B60002CDDD0029B00221A70D9E700BF3E
:10861000586900200EB410B59FB021AC4FF4017121
:1086200054F8042B0192ADF81C1004900890FFF749
:1086300098FF0C4B059009900D930B48019A006828
:1086400003940023119316934FF6FF73ADF81E3079
:1086500004A9234601F02AF81FB0BDE8104003B07A
:10866000704700BFCF4802005869002013B511F0D1
:10867000FF01034610D102B0BDE81040FFF73FBF35
:10868000431C044618460191FFF739FF0199002861
:10869000F6D1204602B010BD0024F3E7024B0A4693
:1086A00001461868FFF79CBC586900200A7870B52D
:1086B0006AB970BD9A4209D10C46054614F8013FCB
:1086C000002BF6D015F8016F9E42F7D001300378E9
:1086D000002BEFD11846ECE74269002A40F26C7398
:1086E000A8BF6FF063031344920705D1642193FB85
:1086F000F1F201FB1232CAB94FF4C87293FBF2F1E6
:1087000002FB1133B3FA83F35B09D0E906024000A0
:1087100000EB0210184441F2A263984227D011DC0A
:1087200001280ADCC043C00F404270470123ECE738
:10873000104BC34043F3000070470A381728F7D99D
:108740000020704741F2B463984206DC41F2B16305
:108750009842D4BF002001207047A0F5B6500238DF
:108760001528EDD8044BC34003F0010070470120E9
:10877000704700BFCF00CC001F002A002DE9F04F4A
:108780008FB01E46002307460D4602931C46137801
:10879000002B00F0BF84252B1FD192F801B0BBF154
:1087A000300F24D0BBF12B0F21D002F101084FF084
:1087B000000B98F80020313A082A1BD840460A22BC
:1087C00006A9FEF7E1FADDF81880814698F8002046
:1087D000452A12D108F1010811E0691EA14202D810
:1087E000002400F09ABC3B5501320134CFE702F17E
:1087F0000208DEE74FF00009E8E74F2AEAD098F8D0
:108800000000A0F12502552AEAD801A151F822F072
:10881000B1680200895F0200895F0200895F02007F
:10882000895F0200895F0200895F0200895F0200A0
:10883000895F0200895F0200895F0200895F020090
:10884000895F0200895F0200895F0200895F020080
:10885000895F0200895F0200895F0200895F020070
:10886000895F0200895F0200895F0200895F020060
:10887000895F0200895F0200895F0200895F020050
:108880004D610200A561020013620200B1620200A4
:10889000895F0200FD620200E9630200DD640200FC
:1088A000EB640200895F0200895F0200895F0200B9
:1088B0001B650200895F0200895F02002F650200CC
:1088C000895F0200816502008F6602009F660200D8
:1088D000C766020005670200776702000B620200AC
:1088E000A36702005F680200895F0200895F0200DF
:1088F000895F0200895F0200895F0200895F0200D0
:10890000116102007B610200D16102008D620200F0
:108910008D620200895F02004F6302007B610200EA
:10892000895F02000D650200DD640200EB64020055
:10893000156502001F650200895F02002F650200B5
:10894000895F0200FB6102009365020093660200EA
:10895000AD660200895F02006967020003620200DF
:1089600087670200E9670200B369A94A183352F821
:1089700023904846FFF7F5FD09F1FF3920446B1EAF
:10898000A04207D198F80030002B00F0C38308F113
:108990000102FCE6A3427FF623AF19F8012F3A55F6
:1089A0000134EDE7B2699A4B03EB8203D3F87C9074
:1089B0004846FFF7D6FD09F1FF3920446B1E84427B
:1089C000E0D0A3427FF60CAF19F8012F3A550134DD
:1089D000F5E78F4B326953F822904846FFF7C1FD07
:1089E00009F1FF3920446B1EA042CBD0A3427FF691
:1089F000F7AE19F8012F3A550134F5E73369844A87
:108A00000C3352F823904846FFF7ABFD09F1FF39CC
:108A100020446B1EA042B5D0A3427FF6E1AE19F808
:108A2000012F3A550134F5E7794BD3F8A090484629
:108A3000FFF797FD99F80030002BA3D033464A4644
:108A4000291B3819FFF79AFE00287FF7C9AE0444A6
:108A500098E76F4BD3F8E490E9E76D4BD3F89C901F
:108A6000E5E76B4BD3F89890E1E76A49D6F814A094
:108A70008A45ACBF00210121BAF1000F11DB64204F
:108A80009AFBF0F01330BBF1000F14D0632827DD00
:108A9000614B624ABBF12B0F18BF1A46DFF898C131
:108AA0000CE00AF26C70039101F018F9642203994A
:108AB00090FBF2F0E7E7584ADFF880C1584B01908D
:108AC000B9F1020F2CBFC1EB0901C1F10201009104
:108AD00050498A45A8BF13466246291B381928E029
:108AE0004D4ADBE74F49504AF368642808BF0A46FD
:108AF000291B3819FFF75AFD0028FFF671AE044410
:108B0000A5423FF63FAF6BE670693369D6F80CA01B
:108B1000002807EB0409A5EB040103F101030BDBBB
:108B2000642290FBF2FC02FB1C00404ACDE900A04D
:108B30004846FFF73BFDDFE700F26C70CDE9031319
:108B400001F0CCF86422DDE9031390FBF2FC0CFB8E
:108B50001200EAE725228DF81820BBF1000F11D092
:108B6000B9F1060F38BF4FF00609B9F106038DF8C9
:108B700019B00CD10DF11A002D49FFF760FA3346F8
:108B800006AA5DE74FF02B0B4FF00A09EDE7294AE3
:108B90001E210DF11A00FFF709FD0028EADD0DF195
:108BA0001A031844E8E73046FFF796FD81467069DE
:108BB000002811DB642390FBF3F203FB1200642313
:108BC000814499FBF3F203FB12999944B9FBF3F248
:108BD00003FB1293134A8BE700F26C7001F07EF8EE
:108BE0006423B9F1000F90FBF3F202FB130007DAE4
:108BF0007269A3F2CF739A42B8BF4FF00109DEE762
:108C0000DDD07269034B9A42B8BF4FF0FF39D6E707
:108C10008435002094F8FFFFC23E0020DE61002072
:108C20005D6400208C3800207E38002082380020CF
:108C300091380020D43B0020763800206F38002087
:108C40007169BB4A9142ACBF002301233046CDE994
:108C50000331FFF741FD04990029824639DB642284
:108C600091FBF2F21332706900283DDB4FF0640C87
:108C700090FBFCFE0CFB1E00BAF1000F43DA716999
:108C8000AC4B99424ADB8244BAF1FF3F4BD1013AE7
:108C90004FF0630A039B642101FB02AA002B40F002
:108CA0004082BBF12B0F04D142F20F72924500F2C9
:108CB0003C8206AA25211170BBF1000F40F0BC8157
:108CC000501C9D49FFF7BBF9CDF800A04B4606AA02
:108CD00086E001F26C70049101F000F84FF0640C32
:108CE000049990FBFCF2BEE700F26C70CDE904122F
:108CF00000F0F4FF4FF0640CDDE9041290FBFCFE81
:108D00000EFB1C00B8E7BED0894B9942B4BF0123CB
:108D100000230393B8BF4FF0FF3AB4E74FF0010AC6
:108D2000CDF80CA0AFE7BAF1640F04BF01324FF0E9
:108D3000000AAFE78149824AB3686B2808BF0A4638
:108D4000D6E6B36863B10C2B04D00C2193FBF1F28F
:108D500001FB12337A49794A492808BF0A46C7E617
:108D60000C23F7E7F369774A0133C1E6336901332E
:108D700030E773682EE76B1E9C42BFF431AD0A23C7
:108D80003B550134FEE5B3680B2B6F4BD4BF00227B
:108D9000012203EB8203D3F8A4904846FFF7E1FBDE
:108DA00009F1FF32204405F1FF3CA0423FF4EAAD57
:108DB000A4457FF615AD98F8001012F8013F502930
:108DC00007D16249C95C01F00301012908BF2033C2
:108DD000DBB23B550134E8E7736800935C4AB36843
:108DE000291B3819FFF7E2FB86E6336A002B77DB95
:108DF00000F0D0F9029B0BB900F0D8F900F072FF37
:108E0000336A002BD4BF00220122282302FB033344
:108E1000C358C3F1000900F0C3F90123029372693A
:108E2000B2F145034FEAE27C6CF1000CBCF1000F9B
:108E3000A5EB040107EB040002DA03334CF1000C4C
:108E40009B0843EA8C7302F1FF3A4FEAAC0C4FF0F7
:108E5000640E9AFBFEFEB3EB0E036CEBEE7E02F2A9
:108E60002B1A4FF4C87C9AFBFCFC13EB0C034EEB63
:108E7000EC7C463A40F26D1E0EFB02F29B184CEB66
:108E8000E272D6F81CC04FF0180A13EB0C0342EB49
:108E9000EC72A3FB0AC30AFB023EB3681CEB03029D
:108EA0004FF03C0C4EEBE37EA2FB0C320CFB0E228F
:108EB000D6F804E013EB0E0342EBEE72A3FB0C3E7C
:108EC0000CFB02EE32689B184EEBE27EB3EB09031B
:108ED0006EEBE972CDE900321E4AFFF767FB0BE645
:108EE0004FF000099BE7336874E66B1E9C42BFF4A9
:108EF00077AC092344E73368019373680093164AFB
:108F0000B368EAE56B1E9C42BFF46AACB369621CAD
:108F10001BB937233B55144634E53033FAE7F36980
:108F2000B26907339B1A072293FBF2F352E600BFA4
:108F300094F8FFFF95F8FFFF993800207E38002055
:108F40008C3800209D38002084350020C338002054
:108F5000AC380020A2380020A73800203046FFF7A8
:108F6000BBFBB26932B1013A0028F36926DC03D1B8
:108F70000A33D7E70622F7E7D21A7369002B40F2CB
:108F80006B71A8BF6FF064010B44990705D1642091
:108F900093FBF0F100FB113171B94FF4C87193FBF1
:108FA000F1F001FB1033B3FA83F35B09D21A052AFF
:108FB000B4BF352334230DE60123F7E7012309E687
:108FC0006B1E9C42BFF40CACB3693033D8E6B26977
:108FD0001AB1013AF3690733A4E70622FAE7706988
:108FE000002805DB642390FBF3F202FB1303F1E599
:108FF00000F26C7000F072FEF4E772694C498A422C
:109000000CDA2D208DF81800A1EB020AB9F1000F3F
:1090100001D009F1FF390DF119024BE6BBF12B0F1D
:1090200002F26C7A7FF445AE42F20F7292457FF6FF
:1090300040AE8DF818B0E9E73023901C537040E63D
:10904000336A002BFFF69EAC00F0A4F8029B0BB92C
:1090500000F0ACF800F046FE336A002BD4BF0022CB
:109060000122282302FB033307EB040AC358C3F190
:10907000000900F095F83C2399FBF3F000F08EFC1A
:109080003C23A5EB040B90FBF3F202FB13000090D2
:10909000284A4FF461635946504699FBF3F3FFF7B2
:1090A00085FA0028FFF69CAB0444A5427FF698ABF6
:1090B0000123029366E4336A002BFFF663AC00F0F1
:1090C00069F8029B0BB900F071F8336A1A4A002B59
:1090D000D4BF0023012352F823904846FFF741FAFA
:1090E00009F1FF3920446B1EA04202D100F058F86C
:1090F000DEE7A34204D919F8012F3A550134F3E70A
:1091000000F04EF8FFF76CBB6B1E9C42BFF468ABDF
:10911000252335E60DB100233B5520460FB0BDE8B1
:10912000F08F2D228DF8182070E75A46FAE700BF1D
:1091300094F8FFFFB63800205C690020FFF71EBBE3
:1091400010B501390244904201D1002005E00378B6
:1091500011F8014FA34201D0181B10BD0130F2E7F6
:1091600030B50B4D044614F8013BEA5C02F00302F3
:10917000012A11F8012BA85C00F0030008BF20337E
:10918000012808BF2032981A01D1002AEBD130BD46
:10919000C33800200148FEF714BA00BFE3110520D0
:1091A0000148FEF710BA00BFE3110520014B186813
:1091B00000F002B8586900202DE9F04F8DB0074645
:1091C00000F090FDBB49BC4D0446384600F0E4FE7B
:1091D000064610BBB94BBA4A1860BA4BA062186079
:1091E000B94B2065C3E900224A2100220023C4E9CB
:1091F0000300C4E90500C4E90D00C4E90F00C4E997
:109200000823C4E912232868217284F83010FEF77D
:10921000E3FD2E600DB0BDE8F08F2968002940F015
:109220008E802868FEF7D8FD3046FFF79AF9411C7A
:109230003846FEF7F9FD2860002840F08680A14AF4
:10924000DFF88482DFF874A2002313609F4ACAF813
:10925000003000200021C8E90022C4E90333C4E93A
:109260000533C4E90801C4E90D33C4E90F33C4E987
:1092700012014A222272A36284F8302023653378D7
:109280003A2B08BF013633783C2B62D1751C904ACB
:1092900090490AAB2846FFF7BDF90028BADD0A9BC2
:1092A000DA1E072AB6D8EB5C3E2BB3D102360A9BF6
:1092B000F518F35C2D2B5AD101354FF0FF390023FF
:1092C000ADF81E30ADF8203008AF0AABCDE901375C
:1092D00003930DF11E0300937F490AAB07AA2846AA
:1092E000FFF798F9002895DDBDF81E30BDF8206025
:1092F0003C2202FB0366BDF81C304FF4616202FBA6
:1093000003660A9B09FB06F605EB0309EB5C3C2BA5
:1093100040F0EC8009F10105704A6E490AAB28461D
:10932000FFF778F9002828DC99F801303E2B24D18A
:10933000674BA662C8E90033CAF800606AE7FEF727
:1093400036F900287FF46DAF64E73146FEF777FE0B
:1093500075E75F4A62490AAB3046FFF75BF90028C0
:109360007FF758AF0A9B033B072BA0D952E72B2B63
:1093700008BF01354FF00109A1E70A9BDA1E072A51
:109380003FF648AFEB5C3E2B7FF444AF09F1020996
:109390000A9B09EB030519F803302D2B40F0B5802B
:1093A00001354FF0FF390023ADF81C30ADF81E3009
:1093B000ADF820300A930AABCDE9027301930DF1A9
:1093C0001E03009344490AAB07AA2846FFF722F977
:1093D000002800F3A080A6F5616304930A9B27464A
:1093E0001D444FF0000B2B782C2B08BF013595F84E
:1093F0000090B9F14D0F40F0A1800AAB0DF12602AB
:10940000CDE9013209AA0092364903930DF12202F7
:109410002846FFF7FFF803287FF4FCAEBDF82210C2
:109420004B1E0B2B3FF6F6AEBDF82420531E042B2B
:109430003FF6F0AEBDF82630062B3FF6EBAEC7E99F
:10944000031287F808907B610A9B05EB030900254E
:109450000223ADF81C30ADF81E50ADF820500A952F
:1094600099F800302F2B40F095800AAB08AACDE97F
:1094700001320DF11E0200921B49039307AA4846D0
:10948000FFF7C8F8A84200F385804A210022002394
:10949000C4E90355C4E90555C4E90823C4E90D55D9
:1094A000C4E90F55C4E912232172A56284F8301073
:1094B0002565AFE6F7390020DC110520B81105203D
:1094C000A0400020B41105205C690020C23E0020AD
:1094D000F0110520FA3900202F3A0020E411052070
:1094E0000D3A00201B3A00202E3A00203E4A3F4908
:1094F0000AAB4846FFF78EF800287FF719AF0A9BA2
:10950000033B072B7FF644AF84E62B2B08BF0135C6
:109510004FF0010947E7BDF81E20BDF820303C217F
:1095200001FB0233BDF81C204FF4616101FB0233E3
:1095300009FB03F351E74FF0010B54E7B9F14A0F70
:1095400006BF01354B4644230A220BA92846059342
:10955000FDF71AFCDDF82C90059BADF82600A94517
:1095600014D14D23BBF1000F07D123720321022335
:10957000C4E90313C4F814B069E784F830300B224F
:109580000123C4E90D230023E36360E780B23B724B
:1095900078615CE7BDF81E20BDF820303C2101FB5E
:1095A0000233BDF81C204FF4616101FB0233BB6143
:1095B0000A9D28374D44BBF1000FBCD0049B2365A6
:1095C0000B4BC8F800306068074BA662C8F804303F
:1095D00000F0C6FBA26A236DCAF800209B1A054A58
:1095E00018BF0123136015E6E41105200D3A002091
:1095F000F0110520B411052038B54B1C144603D1D9
:109600004FF0FF35284638BD938923F0200393811E
:10961000636B5268CDB28BB1A36B934208DD2368B4
:109620005A1E226003F8015C636801336360E9E756
:10963000214600F03BFC0028F1D0E1E721692368D6
:1096400051B1994208D213F8011CA94204D1013B3F
:10965000013223606260D5E7C4E90F3204F14403AC
:1096600063630323A363234603F8465F2360012358
:10967000DCE710B50C46496B69B104F1440399422B
:1096800001D0FDF799FE236C63600020606313B185
:10969000E36B236010BD2369236000236360A3890B
:1096A00043F02003A3814FF0FF30F3E72DE9F047AB
:1096B0000C46ADF5227D0021CDE94411A649A091CB
:1096C0000DF10408A549A64FDFF89892CDF818814E
:1096D0000646A19100931378002B00F05A81F95CA3
:1096E00011F0080102F1010519D06368002B0FDDAC
:1096F00023681A78BA5C120701D42A46EBE7459A28
:109700000132459262680133013A62602360ECE7FE
:10971000A19B2146304698470028E9D0EDE7252B4C
:1097200012D09A466368002B40F391802268137828
:10973000534540F02E816368013B6360459B0132D5
:10974000013322604593D8E74191439153782A2B06
:1097500002BF1023951C41930A22AA461AF8011B46
:10976000A1F13003092B1CD97E480322FEF7ACFA85
:1097700038B1419AA0EB0900012383401343419380
:10978000554615F8013B782B06D8572B10D8252BBA
:10979000C7D057D8002B65D0032347930A234293A1
:1097A00076E0439B02FB0311303943915546D4E7E1
:1097B000A3F15802202AEFD801A151F822F000BFEE
:1097C0001B700200416F0200416F020079700200BD
:1097D000416F0200416F0200416F0200416F0200C1
:1097E000416F0200416F0200416F02008F70020062
:1097F00075700200F36F0200F36F0200F36F020056
:10980000416F020031700200416F0200416F02009F
:10981000416F0200416F02009F7002006D700200F4
:1098200013700200416F0200416F02009B70020042
:10983000416F020075700200416F0200416F02002B
:109840001B700200453B022BA6D805231FE0A19BFD
:1098500021463046984700283FF468AF44980028D6
:1098600040F08D804FF0FF308FE0419A42F02002AF
:109870004192419A42F40072419210226F2B42921F
:1098800034BF0323042302E00023429303234793BE
:109890006368002B3DDD419B590604D423681A7888
:1098A000BA5C12073CD4479B022B4BDC6B4622462A
:1098B00041A9304600F0C4F801286AD002287FF49C
:1098C0001CAFCBE7082342930423E0E70A22D5E745
:1098D0002946404600F00AFA419B43F04003419379
:1098E00005460123D3E7419B43F040034193002306
:1098F000CDE70223CBE74198C3063FF5FEAE009BC0
:10990000459A191D00911B68C0074CBF1A801A6048
:10991000F3E6A19B2146304698470028BBD09DE73F
:10992000459A013245926268013A002A626002DD7E
:1099300001332360B2E7A19B2146304698470028B7
:10994000ACD08BE7042B0FDC6B46224641A9304696
:1099500000F0D0F8B0E700BFA16D02001B6E02005E
:10996000C3380020473A00200B4B002B3FF4C5AE14
:109970006B46224641A93046AFF300809CE7A3899D
:1099800013F0400F18BF4FF0FF300DF5227DBDE8FA
:10999000F0874498F9E700BF000000000028B8BF36
:1099A00040427047F8B54B1E0B42074602D00025D7
:1099B0002846F8BD082938BF0821531D0E4602D994
:1099C0000C233B60F3E7042A38BF0422D41C24F0A4
:1099D0000304C1F10703A342F2D308392144FEF77F
:1099E00023FA0028E3D050F8042C031F002AB8BF44
:1099F0009B18F51C1D4476423540191D6A1A0BD080
:109A00000B2A03EB020618D91868801A98501A60BE
:109A10003846FDF7D1FC33461A6804F10C0198185A
:109A200029448842C4D92919C81A121A1860043165
:109A30002A513846FDF7C0FCBAE751429950EBE78E
:109A40002DE9F84315468A6880460C4632B98A6982
:109A5000002A0CBF01224FF0FF328A602268DFF833
:109A60009090D1065FBF1A68111D19601668002713
:109A7000A06988B1012807D12A6811786269525C0F
:109A800052B9002F31D022E0022820D12B681B7858
:109A900019F803301B071AD42368DA065EBF2B6857
:109AA0001B7806F8013B2A686B6801322A60A268BD
:109AB000013B013A6B600137A26042B1002BD7DC59
:109AC000D4F880312946404698470028D0D02368F2
:109AD00013F0100305D1E2680132E260A26902B11D
:109AE000337023693B4423610020BDE8F88300BF45
:109AF000C33800202DE9F04F9846744B0C4682463F
:109B0000164693E8070087B003AB83E80700704B65
:109B1000A169704A032918BF1A46A36801925A1E08
:109B2000B2F5AE7F88BF6FF4AE75274682BF03EBF8
:109B3000050940F25D13A36057F81C3B43F45063E2
:109B400098BF4FF0000923603D464FF0000B31688D
:109B500003AB097853F82B000222FEF7B5F828B3BF
:109B6000BBF1010F59D162682AB92268082342F477
:109B7000007263602260226822F4A0622260A26800
:109B8000511EA16092B13268511C3160127805F803
:109B9000012B7268013A002A726007DCD4F8802138
:109BA000314650469047002840F085800BF1010B6C
:109BB000BBF1030FCBD163680BB90A236360636801
:109BC00045496069C91A00F091F84FF0000BA3688D
:109BD0002268002B3DD03168606991F800C010F810
:109BE0000C00002835D0BCF1300F24D1100522D54F
:109BF0000BF1010BB9F1000F03D0013309F1FF396B
:109C0000A3607368013B002B73601BDD3368013375
:109C10003360A368013BA360D9E7BBF1020FAED16B
:109C2000226802F4C061B1F5007FBFD110236360E8
:109C300042F48072A2E722F4106222600B7805F8E9
:109C4000013BDEE7D4F88031314650469847002882
:109C5000DFD02368D9050DD5BD4209D915F8011CFF
:109C6000D4F87C3132465046984705F1FF394D46CD
:109C7000BD4228D0226812F0100213D12A70636806
:109C8000019E39465046B047D8F8003021681A1D69
:109C9000C8F8002011F0200F1B680FD01860E3688F
:109CA0000133E3602369ED1B5D442B4423610020F5
:109CB00007B0BDE8F08F4FF0000BCAE7CA074CBFF2
:109CC00018801860EBE70120F2E700BF783500202C
:109CD0002D450200FD4C0200F53900200028B8BFD8
:109CE00040427047004870476864002070B50B78A8
:109CF00004465E2B0BBF4B784A1C8A1C002108BF10
:109D00000121013804F1FF0500F8011FA842FBD131
:109D10000BB9501E70BD81F00101E154104602469E
:109D200012F8015B2D2D05D05D2D16D0002DF1D040
:109D30002B46F2E746785D2EFAD0B342F8DC0230CB
:109D40001A4601329642A154FBDCF21A013A5D1C1C
:109D5000B342A8BF0022AB18E1E71046DAE70000E3
:109D60002DE9F74F0546FFF7BDFF40F2B1739D4265
:109D700040F395806FF4F662AC18A5F2B27340F22E
:109D80006D12A41002FB03446FF06302A5F26D7321
:109D900093FBF2F31C444FF4C8736FF4C86195FB56
:109DA000F3FC03FB1C5C6A18BCFA8CF6B2FBF3F202
:109DB00005F0030314446422456095FBF2F776092D
:109DC00002FB1757014600F1500B00934FF0070AB2
:109DD0000D7A4B694A2D2BD1009AE51802B917B9B3
:109DE000BCF1000F22D13B2BD4BF002301232B4415
:109DF000013B8D692B4A4FEAE57EC3FB025E8B6A0D
:109E0000ED184EEBE373C1E9085328318B45DFD1E0
:109E1000D0E90843D0E912128C429341B4BF012328
:109E200000230360012003B0BDE8F08F0023DEE7CC
:109E3000442D01D12344DCE7009A52BB002F0CBF14
:109E400035460125CA680192174A4FF0300909FBCF
:109E50000525A6464FF00008043D019A08F10108C7
:109E6000424555F8289016DC0EF1040595FBFAF8EA
:109E7000C8EBC808A5EB08055D1B0B6903F1FF33B0
:109E800048BF0735C3EBC3032B444B4505DA734486
:109E9000AFE73546D6E7CE44DFE7073BF5E70020DE
:109EA000C1E700BF80510100803600202DE9F0415C
:109EB0000C46496B04F1440399421DD14FF4806173
:109EC000FDF7B2FF18B94FF0FF30BDE8F0814FF455
:109ED0008063A36394F84630606380F8FF3394F89E
:109EE000453080F8FE3394F8443080F8FD3300F2BA
:109EF000FD3020600020E8E7A66B77003A46FEF7C9
:109F00006FF805460028DED000EB06080146324611
:109F10004046FDF715F8C4E90D57C4F80080E9E79D
:109F20002DE9F84FDFF86CA007468946164600F089
:109F30003BF8DAF8004034B14B46984613F8012B51
:109F40003AB13D2AF9D1384600F034F80020BDE896
:109F5000F88FA8EB0908A34654F8040B0028F2D0A8
:109F600042464946FCF7FAFF0028F4D154F8043C75
:109F700003EB080513F808303D2BECD1DAF800307C
:109F8000ABEB03039B103846336000F013F8681CFA
:109F9000DDE700BF6469002007B501AAFFF7C0FF35
:109FA00003B05DF804FB00000148FDF70BBB00BFE8
:109FB000E01105200148FDF707BB00BFE0110520B7
:109FC0007BB972B90029BEBF00204FF0004106E006
:109FD00008BF00281CBF6FF000414FF0FF3000F0B9
:109FE000A3B9ADF1080C6DE904CE002909DB002B03
:109FF0001ADB00F035F8DDF804E0DDE9022304B0F7
:10A000007047404261EB4101002B1BDB00F028F858
:10A01000DDF804E0DDE9022304B0404261EB4101D8
:10A02000524263EB43037047524263EB430300F039
:10A0300017F8DDF804E0DDE9022304B0404261EBEB
:10A0400041017047524263EB430300F009F8DDF829
:10A0500004E0DDE9022304B0524263EB430370479E
:10A060002DE9F047089E0D4604460F46002B4AD1C5
:10A070008A42944665D9B2FA82F343B102FA03FCEC
:10A08000C3F120029F4020FA02F217439C404FEA9E
:10A090001C4E1FFA8CF5B7FBFEF1220C0EFB11775C
:10A0A00042EA074201FB05F090420AD91CEB02028A
:10A0B00001F1FF3780F01C81904240F21981023992
:10A0C0006244121AA4B2B2FBFEF00EFB102244EA64
:10A0D000024400FB05F5A5420AD91CEB040400F17B
:10A0E000FF3280F00781A54240F2048164440238C7
:10A0F00040EA0140641B00211EB1DC400023C6E998
:10A100000043BDE8F0878B4208D9002E00F0ED80B7
:10A110000021C6E900050846BDE8F087B3FA83F1DF
:10A12000002949D1AB4202D3824200F2F880841A5E
:10A1300065EB030201201746002EE2D0C6E9004776
:10A14000DFE702B9FFDEB2FA82F3002B40F0908025
:10A150008A1A4FEA1C471FFA8CFE0121B2FBF7F561
:10A1600007FB1520220C42EA00420EFB05F090424C
:10A1700008D91CEB020205F1FF3802D2904200F22E
:10A18000CB804546121AA4B2B2FBF7F007FB1022AF
:10A1900044EA02440EFB00FEA64508D91CEB040469
:10A1A00000F1FF3202D2A64500F2BB801046A4EBBC
:10A1B0000E0440EA05409FE7C1F120078B4022FAD8
:10A1C00007FC4CEA030C05FA01F420FA07F3FD4002
:10A1D0004FEA1C492343B5FBF9F81FFA8CFE09FB33
:10A1E00018551C0C44EA054408FB0EF5A54202FA7A
:10A1F00001F200FA01F00BD91CEB040408F1FF3A5C
:10A2000080F08880A54240F28580A8F1020864446D
:10A21000641B9DB2B4FBF9F309FB134445EA044403
:10A2200003FB0EFEA64508D91CEB040403F1FF3521
:10A230006CD2A6456AD9023B644443EA0843A3FBB7
:10A240000295A4EB0E04AC42C846AE4656D353D09A
:10A2500056B1B0EB080264EB0E0404FA07F7CA40EB
:10A26000CC401743C6E9007418460021BDE8F087CA
:10A27000C3F1200102FA03FC20FA01F225FA01F1F0
:10A280009D402A434FEA1C471FFA8CFEB1FBF7F0B2
:10A2900007FB1015110C41EA054100FB0EF58D423C
:10A2A00004FA03F408D91CEB010100F1FF382FD2A6
:10A2B0008D422DD902386144491B92B2B1FBF7F5AA
:10A2C00007FB151142EA014205FB0EF1914208D944
:10A2D0001CEB020205F1FF3816D2914214D9023D5F
:10A2E0006244521A45EA004138E73146304608E7F1
:10A2F0003946E6E61046FBE64845A9D2B9EB020826
:10A3000065EB0C0E013BA3E74546EAE72B4694E7D5
:10A310004046D1E7D0467BE7023D624432E708463B
:10A320000AE76444023842E7704700BF53B94AB9AC
:10A33000002908BF00281CBF4FF0FF314FF0FF304D
:10A34000FFF7F2BFADF1080C6DE904CEFFF788FE10
:10A35000DDF804E0DDE9022304B0704700000000EE
:10A360005FF800F0D91D00605FF800F0851D006007
:10A370005FF800F0552400605FF800F02D1E0060CB
:08A380000000000000000000D5
:04A38800F8B500BF65
:08A38C00D4FCFF7F010000007A
:10A3940000000000000000000000000000000000B9
:10A3A40000000000000000000000000000000000A9
:10A3B4000000000000000000000000000000000099
:10A3C4000000000000000000000000000000000089
:10A3D4000000000000000000000000000000000079
:10A3E4000000000000000000000000000000000069
:10A3F4000000000000000000000000000000000059
:10A404000000000000000000000000000000000048
:10A414000000000000000000000000000000000038
:10A424000000000000000000000000000000000028
:10A434000000000000000000000000000000000018
:10A444000000000000000000000000000000000008
:10A4540000000000000000000000000000000000F8
:10A4640000000000000000000000000000000000E8
:10A4740000000000000000000000000000000000D8
:10A4840000000000000000000000000000000000C8
:10A4940000000000000000000000000000000000B8
:10A4A40000000000000000000000000000000000A8
:10A4B4000000000000000000000000000000000098
:10A4C4000000000000000000000000000000000088
:10A4D4000000000000000000000000000000000078
:10A4E4000000000000000000000000000000000068
:10A4F4000000000000000000000000000000000058
:10A504000000000000000000000000000000000047
:10A514000000000000000000000000000000000037
:10A524000000000000000000000000000000000027
:10A534000000000000000000000000000000000017
:10A544000000000000000000000000000000000007
:10A5540000000000000000000000000000000000F7
:10A5640000000000000000000000000000000000E7
:10A5740000000000000000000000000000000000D7
:10A5840000000000000000000000000000000000C7
:10A5940000000000000000000000000000000000B7
:10A5A40000000000000000000000000000000000A7
:10A5B4000000000000000000000000000000000097
:10A5C4000000000000000000000000000000000087
:10A5D4000000000000000000000000000000000077
:10A5E4000000000000000000000000000000000067
:10A5F4000000000000000000000000000000000057
:10A604000000000000000000000000000000000046
:10A614000000000000000000AD8E0000CD8E0000A0
:10A624001F7E000061820000917B0000FF7D00001E
:10A63400D37E00006F8D0000657E0000957B0000D6
:10A64400AD7B0000518E0000778E000081820000F7
:10A65400198E0000F98E00001D8E0000AD820000EE
:10A6640019830000739D0000A99D000000000000F4
:10A6740000000000FFD4010059D10100557A000008
:10A68400597A0000FFD40100FFD40100FFD4010077
:10A6940000000000010000000200000003000000B0
:10A6A4000400000005000000060000000700000090
:10A6B4000004000001040000020400000304000080
:10A6C4000404000005040000060400000704000060
:10A6D4000008000001080000020800000308000050
:10A6E4000408000005080000060800000708000030
:10A6F400000C0000010C0000020C0000030C000020
:10A70400040C0000050C0000060C0000070C0000FF
:10A7140000100000011000000210000003100000EF
:10A7240004100000051000000610000007100000CF
:10A7340000140000011400000214000003140000BF
:10A74400041400000514000006140000071400009F
:10A75400001800000118000002180000031800008F
:10A76400041800000518000006180000071800006F
:10A77400001C0000011C0000021C0000031C00005F
:10A78400041C0000051C0000061C0000071C00003F
:10A7940000000100010001000200010003000100AB
:10A7A400040001000500010006000100070001008B
:10A7B400000401000104010002040100030401007B
:10A7C400040401000504010006040100070401005B
:10A7D400000801000108010002080100030801004B
:10A7E400040801000508010006080100070801002B
:10A7F400000C0100010C0100020C0100030C01001B
:10A80400040C0100050C0100060C0100070C0100FA
:10A8140000100100011001000210010003100100EA
:10A8240004100100051001000610010007100100CA
:10A8340000140100011401000214010003140100BA
:10A84400041401000514010006140100071401009A
:10A85400001801000118010002180100031801008A
:10A86400041801000518010006180100071801006A
:10A87400001C0100011C0100021C0100031C01005A
:10A88400041C0100051C0100061C0100071C01003A
:10A8940000000200010002000200020003000200A6
:10A8A4000400020005000200060002000700020086
:10A8B4000004020001040200020402000304020076
:10A8C4000404020005040200060402000704020056
:10A8D4000008020001080200020802000308020046
:10A8E4000408020005080200060802000708020026
:10A8F400000C0200010C0200020C0200030C020016
:10A90400040C0200050C0200060C0200070C0200F5
:10A9140000100200011002000210020003100200E5
:10A9240004100200051002000610020007100200C5
:10A9340000140200011402000214020003140200B5
:10A944000414020005140200061402000714020095
:10A954000018020001180200021802000318020085
:10A964000418020005180200061802000718020065
:10A97400001C0200011C0200021C0200031C020055
:10A98400041C0200051C0200061C0200071C020035
:10A9940000000300010003000200030003000300A1
:10A9A4000400030005000300060003000700030081
:10A9B4000004030001040300020403000304030071
:10A9C4000404030005040300060403000704030051
:10A9D4000008030001080300020803000308030041
:10A9E4000408030005080300060803000708030021
:10A9F400000C0300010C0300020C0300030C030011
:10AA0400040C0300050C0300060C0300070C0300F0
:10AA140000100300011003000210030003100300E0
:10AA240004100300051003000610030007100300C0
:10AA340000140300011403000214030003140300B0
:10AA44000414030005140300061403000714030090
:10AA54000018030001180300021803000318030080
:10AA64000418030005180300061803000718030060
:10AA7400001C0300011C0300021C0300031C030050
:10AA8400041C0300051C0300061C0300071C030030
:10AA94000000000000000000658200007D820000CC
:10AAA400557A0000D77E0000977D0000237E0000C9
:10AAB400037E00000000000000000000057B000091
:10AAC400AB7A0000557A0000D37A0000B77A000010
:10AAD400DF7A0000C37A0000F58F00000D900000BB
:10AAE4000100000001000000090000000300000054
:10AAF400020000000900000009000000020000003C
:10AB04000100000009000000020000000100000034
:10AB1400090000000600000001000000030000001E
:10AB24000100000009000000010000000100000015
:10AB3400010000000100000001000000010000000D
:10AB440001000000090000000100000001000000F5
:10AB540001000000010000000900000001000000E5
:10AB6400F33E80ED47AFD3FE21005877541E010118
:10AB7400FF02EDB021BE001660012E00EDB0C3004F
:10AB8400603E00D3FE31000021EC00110040431868
:10AB94000D00000000000000ED4D3C4FEDB07E23A1
:10ABA400FE80281238F4D67E4E23E5626BED422BEC
:10ABB4004FEDB0E118E8210000E5319A0001FDFFF6
:10ABC400AFE1ED793C06BFED6906FFED793C06BFC8
:10ABD400ED61FE1006FF20E93E00ED79067F3E3070
:10ABE400ED79D9C1D1E1D9DDE1FDE108F108E1D187
:10ABF400C1F1310000ED4FC3F43F0000000000003C
:10AC040000FF000000000000BF0000FF00FF1AF872
:10AC1400F1E33A5C8A004C10CC43000000023AFF96
:10AC24003FD9110080010040616CEDB0D92127604B
:10AC340001FD7F7E23B7CA2100ED79D9446516C092
:10AC4400EDB0D918EE300013141617003E3FED474F
:10AC5400ED5E3E00FBC3B7D9000000000300000016
:10AC640002000000050000000000000003000000D6
:10AC740005000000010000000400000006000000C0
:10AC84000200000004000000E1FD367C00C3000760
:10AC94002A5D5CE1E5C39A0022BA5CE1D5186AFF3B
:10ACA400FDCB017EC9FFFFFFDF28451815FFFFFF1D
:10ACB400FDCB029E1812FFFFC3F701FFFFFFFFFF4A
:10ACC400FBC9CD7700C36002DF2825CD7700CDB75F
:10ACD40017FDCB7C4E2819FDCB7C662813FD7E0026
:10ACE400FE14200C210000E5C7FFFFFFFFFFED4528
:10ACF4002A5D5C225F5CED7B3D5C21C516E5C7FDEA
:10AD0400CB7C56C8ED7B3D5CC75E2356ED53BD5CE2
:10AD140023E3EB210000E5210800E521B95CE5C34C
:10AD24000007F57CB52006F1E12ABA5CC9D511FE0D
:10AD340015ED52D1200EF1210007E5210400195E22
:10AD44002356EBE9F73E01D3F73EEED3EFF1E1F5FD
:10AD5400D77B00323A5CFEFF2017FDCB7C4E280FD8
:10AD6400FDCB0C7E28092A595C7EFEF7CA990AE7B6
:10AD7400FFD61BD2711EFEF02809FEF32805FEFC47
:10AD8400C228002A5D5C22CB5CF1FDCB376EC22861
:10AD940000FDCB7C46C22800FDCB7CC6DF2004FD31
:10ADA400360CFFFD460D0E00FDCB0C7E280AC5D7E0
:10ADB400FB19C1D71800183F2A535C3A465CBE30D1
:10ADC40002E7002320063A455CBE38F5235E23568D
:10ADD4002328241918E5110600197EFE0E28F723EE
:10ADE400FE2220010DFE3A2804FECB2004CB41288C
:10ADF40006FE0D20E518CA10E12B225D5CDF20322F
:10AE0400FDCB0C7ECAF0012B0E00237EFE0E201D0E
:10AE1400C5010600D7E819E5ED5BCB5CA7ED523020
:10AE24000AEB010600A7ED4222CB5CE1C17EFE0DD8
:10AE340020D8D7BF16CD5502D72000D6CEFE01CAE2
:10AE44008604FE02CAB404FE03CA3D05FE04CA31E8
:10AE540005FE05CAED04FE2ACA2F08FE21CA980879
:10AE6400FE08CAA208FE07CAAC08FE2DCA5905FE90
:10AE74002FCA7F052AB75CE92ACB5C225D5CEF2AE6
:10AE84004F5C1149A319383D212402E52A635C2251
:10AE9400655C21925C22685C21B55C013A0011007A
:10AEA40000D51E08D5115516D5C30007214202014D
:10AEB400130011B65CEDB03E0132EF5CFD36775005
:10AEC400FD367600C9FDCB7C8EC902F0012100005D
:10AED400CD000022BA5CC90C000100000021CD5C49
:10AEE400062236FF2310FBC9FD367C00FB76CDB766
:10AEF40017FDCB01AEFDCB304E2803D7CD0EE17E3E
:10AF0400FD77003CF5210000FD7437FD7426220B0B
:10AF14005C2C22165CD7B016FDCB37AED76E0DFD78
:10AF2400CB02EEFDCB029EF121BF020604EDB17E01
:10AF3400FE203808E5D71000E12318F3ED7B3D5CD3
:10AF44003333214913E5C70050726F6772616D2076
:10AF540066696E6973686564014E6F6E73656E73BE
:10AF64006520696E20424153494302496E76616C03
:10AF740069642073747265616D206E756D626572AB
:10AF840003496E76616C6964206465766963652043
:10AF940065787072657373696F6E04496E76616C5F
:10AFA4006964206E616D6505496E76616C69642023
:10AFB4006472697665206E756D62657206496E7697
:10AFC400616C69642073746174696F6E206E756D51
:10AFD400626572074D697373696E67206E616D6592
:10AFE400084D697373696E672073746174696F6E59
:10AFF400206E756D626572094D697373696E6720A1
:10B004006472697665206E756D6265720A4D697346
:10B0140073696E67206261756420726174650B6583
:10B0240072206D69736D6174636820650C5374726A
:10B0340065616D20616C7265616479206F70656E05
:10B044000D57726974696E6720746F2061202772CE
:10B05400656164272066696C650E52656164696E7A
:10B0640067206120277772697465272066696C659B
:10B074000F4472697665202777726974652720709A
:10B08400726F746563746564104D6963726F647282
:10B094006976652066756C6C114D6963726F6472B4
:10B0A400697665206E6F742070726573656E7412B4
:10B0B40046696C65206E6F7420666F756E64134804
:10B0C4006F6F6B20636F6465206572726F721443D7
:10B0D4004F4445206572726F72154D4552474520A5
:10B0E4006572726F72165665726966696361746916
:10B0F4006F6E20686173206661696C6564175772AE
:10B104006F6E672066696C6520747970651821D844
:10B114005C3602D72000FE0D2802FE3ACA8306FEE2
:10B1240023200BCD4E06CDB105200FD72000CD1E18
:10B1340006CDB705CD6D06C3B51AE700CDF205CD32
:10B14400B1052003CD2F06CDB7053AD95CFE5428AE
:10B1540004FE422006CDB006C3CD0AFE4E2010CD1B
:10B164008F063AD65CA7CA9F0632C55CC3C105CD1B
:10B174008506C3BA1ACD4E06CDB10520BDCDF20564
:10B18400CDB1052003CD2F06CDB7053AD85CD7271E
:10B1940017211100A7ED42381E3AD95CFE54280449
:10B1A400FE422003C34E0BFE4E2006CD8F06C34045
:10B1B4000FCD8506C3BF1AE70BCDA306CDB705CDCA
:10B1C4008506C3AB1ACDB906CD9F05D71800FECCB2
:10B1D400203ACDB906CD9F05D71800CDB705C3B029
:10B1E4001AD72000FE232024D72000CDB70521380C
:10B1F40000228D5C228F5CFD750EFD74573E07D3D3
:10B20400FED76B0DC3C105D72000FE23C2B204D7FD
:10B214002000CDB705AFF5FDCB7CCECD1817F13CA2
:10B22400FE1038F2C3C10521D65C11DE5C06081A93
:10B234004E777912231310F7C9FE2CC8FE3BC9FEC2
:10B244000D2804FE3A20C5DFC0ED7B3D5CFD3600D1
:10B25400FF21F41BDF28113E7FDBFE1F38073EFE73
:10B26400DBFE1F3005217D1BE5C7FD360014EFD73B
:10B274008C1CDFC8F5D7F12BF1C9D72000CDE70529
:10B284002812F5793DB0202D1AD78D2C3027E6DF12
:10B2940032D95CF1FE0DC8FE3AC8FEA5D0CDB10589
:10B2A400C2B204D72000D7821CDFC8F5D7991EED9F
:10B2B40043D65CF1C9E702D72000CDE705C8F5798C
:10B2C400B02811210A00ED42380AED43DA5CED534F
:10B2D400DC5CF1C9E703D72000D7821CDFC8F5D7AF
:10B2E400941EFE10300532D85CF1C9E7013AD95CEE
:10B2F400FE4DC22D06ED5BD65C7BB2280C137BB2EF
:10B3040028091B210800ED52D0E704E708CD6506A3
:10B314003ADB5CA7C8E706ED5BD65C137BB2280971
:10B324001B214000ED52D0E705E707CDF205CDB172
:10B3340005C2B204CD2F06C92AD65C237DB4C0E76A
:10B3440009D72000FE23CA4E06CDF505CDB1052050
:10B3540003CD2F06DFC83AD95CFE54C8FE42C8FEAE
:10B364004ECA8F06C38506FFFFFFFFFFFFFFFFFFE7
:10B37400FFFFFFFFFFFFFFFFFFFFFFFFFFFFFFFFD9
:10B38400FFFFFFFFFFFFFFFFC9D72000FE2A203485
:10B39400D72000CDF505CDB1052003CD2F06F53A14
:10B3A400D95CFE4E2004FDCB7CDEF1FE0D2829FE87
:10B3B4003A2825FEAA2842FEAF2856FECA2807FED0
:10B3C400E4CAD207E700D72000D7821CCDB705D73F
:10B3D400991EED43ED5C1803CDB705AF32E65C2A48
:10B3E400595CED5B535CED53E95C37ED5222E75C4D
:10B3F4002A4B5CED5222EB5CC9D72000CDB7052166
:10B40400001B22E75C21004022E95C3E0332E65C3B
:10B41400C9D72000FE0D280AFE3A200BFDCB7C6E16
:10B4240020A2D7E61C1808D7821CCDB105280BFD35
:10B43400CB7C6E208FD7E61C1806D72000D7821C41
:10B44400D71800CDB705D7991EED43E75CD7991EF1
:10B45400ED43E95C3E0332E65CC9FDCB7C76280211
:10B46400E714D72000D7B228CBF9300E210000FD15
:10B47400CB7C662021FD360001EF2802E700DF289F
:10B4840023FDCB7C6E2804CB7E28F1237E32E75C3F
:10B49400237E32E85C237932EB5C3E01CB712801D8
:10B4A4003C32E65CEBD72000FE2920D0D72000CD2B
:10B4B400B705ED53E95CC9FDCB7CEECD01073AD964
:10B4C4005CFE422812FE4E2008CD8F06CD460F1892
:10B4D40006CD8506C3C41A060921E65CCD8408237B
:10B4E40010FA2AE95CFDCB7C5E280B3AE65CFE038D
:10B4F400300411140119ED4BE75C79B0280BDDE53C
:10B50400CD8408DDE10B2318F1C38C09E5C5FDCB1F
:10B514007C5E7E2005CD070D1803CD090EC1E1C95F
:10B52400FDCB7CE6CD0107C3B308FDCB7CFECD018A
:10B5340007C3B308FDCB7CF6CD010721E65C11DE21
:10B544005C010700EDB03AD95CFE4E280CFE42289F
:10B554000ECD8506CD71191825CD8F06CD460F2148
:10B56400E65C0609E5C5FDCB7C5E2807CDAF0D3052
:10B57400FB1805CD880B30FBC1E1772310E63ADEDA
:10B584005C473AE65CB82006FE0328113802E71649
:10B59400FDCB7C76205DFDCB7C7ECAA709FDCB7CF0
:10B5A400762802E7142ADF5CED5BE75C7CB5280EA5
:10B5B400ED52300AFDCB7C662802E713E7152AE139
:10B5C4005CDD7E04FECD20052AE45C1811FDCB7CF5
:10B5D4005E280B3AE65CFE032804011401097CB5DD
:10B5E40020032AE95C3AE65CA720032A535CCD6079
:10B5F4000A18213AEE5CE6C02005CDB717E714ED32
:10B604004BE75CC503D730003680EBD1E5CD600A4B
:10B61400E1D7CE08DD7E04FECD2005CD8E13180CB7
:10B62400FDCB7C5E2806CDAE0FCDB717C3C105EDAB
:10B634005BE75C2AE15CE57CB52006131313EB1889
:10B64400092ADF5CEB37ED52380911050019444D26
:10B65400D7051FE13AE65CA728477CB52821DD7EA3
:10B6640004FECD20052AE45C180AFDCB7C5E280488
:10B67400111401192B462B4E2B030303D7E8192A67
:10B68400595C2BED4BE75CC50303033AE35CF5D748
:10B69400551623F177D12373237223CD600AC38C0B
:10B6A40009FDCB7C8EED5B535C2A595C2BD7E519E5
:10B6B400ED4BE75C2A535CD7551623ED4BEB5C0945
:10B6C400224B5C3AEE5C67E6C0200FFDCB7CCE3AA1
:10B6D400ED5C6F22425CFD360A002A535CED5BE7A9
:10B6E4005C2B22575C2318B37AB3C8DD7E04FECDED
:10B6F4002004CD9A19C9E5D5FDCB7C5E2807CDAFD2
:10B704000D30FB1805CD880B30FBD11BE1FDCB7C44
:10B714007E2003771805BE2802E715237BB220D6C6
:10B72400C9010100ED43D65C010300ED43DA5C017D
:10B73400CA0AED43DC5CFDCB7CE6CD530721E65C15
:10B7440011DE5C010900EDB0FDCB0AFECD7119C319
:10B75400F60872756EED4BD65C21F30A5E23562310
:10B76400EB7CFE4B300AA7ED423005EB232318ECAB
:10B77400EB5E2356ED53C35CC3C1053200820A6EEF
:10B7840000C5042C01BE015802DE00B0046E006046
:10B79400093600C0121A0080250C00004B05002A4F
:10B7A400535C2B010B00C5D75516C1D5CD821AD1D8
:10B7B40021750B010B00EDB8133AD95CFE42C0D5DC
:10B7C4002104001936422311070D73237223117CBF
:10B7D4000B732372D1C9CD170B2A4F5C2BEBA7ED4A
:10B7E40052EB21165C3AD85C074F060009732372AA
:10B7F400C3C10508000800543A0C760B0B002182E3
:10B804000BC35A0D21880BC35A0DCD880BCBBFC96E
:10B8140021C75C7EA728063600237E37C9CD3E1695
:10B82400F33AC65CD3FEED5BC35C212003424BCBF1
:10B8340038CB193EFED3EFDBF707300FDBF70730C9
:10B844000ADBF7073005DBF707380C2B7CB520E75C
:10B85400F53EEED3EF181F606906802B2B2B1900E1
:10B864002B7CB520FBC600DBF707CB1830F03EEE8F
:10B87400D3EF782F37F5192B7DB420FB1919192B29
:10B884007DB42838DBF70730F6DBF70730F1DBF758
:10B894000730ECDBF70730E7626BCB3CCB1D06804F
:10B8A4002B2B2B19002B7CB520FBC600DBF707CB19
:10B8B4001830F021C75C360123782F77CD4D0DF178
:10B8C400FBC9FEA53806D6A5D7100CC9213B5CCB15
:10B8D40086FE202002CBC6FE7F38023E3FFE203883
:10B8E40017F5FD34763AB15CFDBE763007CD740CA5
:10B8F400FD367601F1C3070DFE0D200EFD367600F0
:10B904003E0DCD070D3E0AC3070DFE06201FED4B6D
:10B91400B05C1E001C0C79B82808D608280430FA3C
:10B9240018F2D53E20CD3A0CD11DC818F5FE1628C4
:10B934000CFE172808FE10D811D00C180311C80CDF
:10B94400320E5C2A515CD511050019D1732372C9DA
:10B9540011D00C320F5C18EB113A0CCDBB0C573ADA
:10B964000E5CFE162808FE173FC03A0F5C573AB12A
:10B974005CBA28023006477A905718F27AB7CA742C
:10B984000C3AB05CBAC8D53E20CD3A0CD118F206B8
:10B994000B2F4F3AC65CD3FE3EEFD3EF2FD3F72ADB
:10B9A400C35C545D1B7AB320FBCD3E16DBEFE60887
:10B9B40028F737F3CE00D3F7545D1B7AB320FB1B73
:10B9C400AFCB3910EFFB3E010EEF06EED3F7ED419E
:10B9D4002B7DB420FBF53A485CE6380F0F0FD3FEFD
:10B9E400F1C9FDCB029EE52A3D5C5E2356A7217F6B
:10B9F40010ED52202BE1ED7B3D5CD1D1ED533D5C4C
:10BA0400E5117E0DD5E9380A2805FD360007EFE17A
:10BA140018EEFE0D2806D7850FE118E4E1C30007F0
:10BA2400E1119E0DD5E9D8C8FDCB7C6628DCF60172
:10BA3400C921AF0DC35A0DDD2A515CDD7E10A72844
:10BA440002E70DDD7E14A72814DD5E133D93380D47
:10BA540016001CDD7313DD19DD7E1437C9DD7E0F7E
:10BA6400A72801C93AC65CD3FEF3CDD30F3015CD58
:10BA7400B50E2010FBCD4D0DDD3613003AD25CDD42
:10BA8400770F18BFDD7E0BA728E0FBCD4D0DE60038
:10BA9400C9DD2A515C47DD7E14A7782802E70CDD56
:10BAA4005E101C2008F5AFCD480EF11E01DD7310A9
:10BAB4001600DD19DD7714C9CD8210DD7E0BA7C811
:10BAC40021CD5C36001E01CD4F10C03ACD5C3DC97E
:10BAD400CD4F0EC0C3AC0EDD770FDD46103AC65C09
:10BAE400D3FEDDE5D121150019AF862310FCDD77E7
:10BAF40011210B0019E50607AF862310FC77F3CD5F
:10BB04001E10E1E51E08CD300E20F4DDE5E111152F
:10BB14000019DD5E107BA72809062010FECD300E2B
:10BB240020DDDD340D2003DD340EE1CD4D0DFBDDD4
:10BB34007E0BA7C91100151B7BB220FBC921CE5C6B
:10BB44001E08CD4F10C021CE5CAF0607862310FC23
:10BB5400BEC03ACE5CA7280DDDBE0CC03ACF5CDD7A
:10BB6400BE0BC01805DD7E0BB7C02AD05CDD5E0DB0
:10BB7400DD560EA7ED5228122B7CB5C0CD020FDD89
:10BB8400350D3003DD350EF601C93ACE5CB7C47B02
:10BB9400103AD35CA72821DDE5E111150019E55F12
:10BBA400CD4F10E1C03AD35C473AD45C962310FCE5
:10BBB400C03ACE5CA7C47B103AD35CDD7714DD3485
:10BBC4000D2003DD340EBFC9CD520FC3510BCD522E
:10BBD4000FDD2A515CDDCB04FEC92A535C2B011412
:10BBE40001C5E5C52A655C09DA9E0F01500009DA32
:10BBF4009E0FED72D29E0FC1E1D7551623C1CD829F
:10BC04001A22515CEB21A30F010B00EDB03AD65C74
:10BC140012133AC55C1213AF12626B13010601EDE5
:10BC2400B0ED5B515CC9FD360003EF080008004E1F
:10BC3400090EA90D1401DD2A515CDD7E10A7C83E52
:10BC440001C3480EED5FF6C047CDC70F38F6C9CD26
:10BC54003E16C5C1DBF70FD810F8C9CD3E1621C278
:10BC6400010680CDC70F300D2B2B7CB520F3DD7E74
:10BC74000BA728EDC9DBF70F38213E7FDBFEF6FE6C
:10BC8400DBFE1FD43E162B7CB520EADD7E0BA728F5
:10BC9400E4C9FBCD4D0DFD360014EF2E092D37C838
:10BCA400060E10FE18F7CDBC0F0EF72109003AC599
:10BCB4005C5FDBF70F38EFED61542600CB03CB1448
:10BCC400060810FEDBF7E601BA28DB2D20E93E0169
:10BCD400D3F7060E10FEC906FFDBF71F380410F970
:10BCE40004C9431E803ECED3EF0000DD23DD2BDDEF
:10BCF40023DD2B3E00DBF71FCB1BD26B107323100D
:10BD0400E2BFC93E0121CD5C775FAFD3F7060410D3
:10BD1400FE7E2F3717060AD3F71FA7051600C28F1A
:10BD240010231DE5E1C289103E01D3F7C9D92100D2
:10BD340000D9DD2A4F5C111400DD19DD7E00FE8080
:10BD44002837DD7E04E67FFE4D20243AD65CDDBE36
:10BD540019201CD9DD6E1ADD661BD9ED4BDA5C2A7D
:10BD6400DC5CCD03142008DDCB18462802E70DDD8A
:10BD74005E09DD560ADD1918C22A535C2BE501530E
:10BD840002E5C52A655C09DA9A1101500009DA9ABC
:10BD940011ED72D29A11C1E1D75516D1D521B11442
:10BDA400011900EDB03AD65CDD7719015302DDE5E7
:10BDB400E1CD821AEBED4BDA5CCB78200E78B1281A
:10BDC4000A7EDD770E23DD230B18F2DDE1D97CB585
:10BDD400201E2A4F5CE52B012000D75516E10120D7
:10BDE40000DD09CD821A3EFF0620E5772310FCE131
:10BDF400DD751ADD741BDDE5E1111C0019EB21CAA8
:10BE040014010C00EDB0DDE5E1113700010C00195F
:10BE1400EB21CA14EDB0DDE5E1ED5B4F5CB7ED520B
:10BE240023C9FD360003EFDD6E1ADD661BE5DD7EFA
:10BE340019F5DDE5E1015302D7E819DDE5E1ED5B34
:10BE44004F5CB7ED5223015302CD4414F1E147DDB9
:10BE54002A4F5C111400DD19DD7E00FE802818DDF8
:10BE64007E04E67FFE4D2005DD7E19B8C8DD5E093F
:10BE7400DD560ADD1918E1012000E5C5D7E819C12E
:10BE8400E1CD7614C9DD2A515C210712C35A0DDDB8
:10BE9400CB18462802E70DDD5E0BDD560CDD6E4542
:10BEA400DD664637ED52381313DD730BDD720C1B60
:10BEB400DDE5DD19DD7E52DDE137C9DDCB434E28FA
:10BEC40004AFC60DC9110000DD730BDD720CDD3447
:10BED4000DCD5212AFCD321518BDDD7E19CD321500
:10BEE40001FB04ED43C95CCD801238152813DD7EB7
:10BEF40044DDBE0D200BDDE5E111520019CD2B14FC
:10BF0400C8CDF71320E1E711CDA913111B0019CDFA
:10BF1400EB15CD26142022DDCB4346201CDD7E43C9
:10BF2400DDB646E602C8DDE5E111470019010A0065
:10BF3400CD031420043EFFB7C937C9DD21FAFFDD64
:10BF440019DDCB18462002E70CDD5E0BDD560CDD57
:10BF5400E5DD19DD7752DDE113DD730BDD720CCB0A
:10BF64004AC8DD7E19CD321501C832CD5216CDEE48
:10BF740012AFCD3215C9CD49132009CD9F11AFCDD4
:10BF84003215E70FDDE5060ADD7E0EDD7747DD239A
:10BF940010F6DDE1DD4E0BDD7145DD7E0CDD77460F
:10BFA400DD7E0DDD7744DDCB4386DDE5E111430025
:10BFB40019CD2614110F0019CD2B14DDE5E111471D
:10BFC40000CD5A13110000DD730BDD720CDD340D4E
:10BFD400C9DD6E1ADD661B06207EFEFFC02310F944
:10BFE400AFC9DDE5E111370019E5CDA913CDC413BF
:10BFF40020F8E3C5DBEFE6012002E70E3EE6D3EFCF
:10C00400016801CD5216CDB3153EEED3EFC1E178F0
:10C01400B677C9E5DDE1DDCB18462807DDCB43CE95
:10C02400CDDA12AFCD3215CD9F11C9E17E323A5C23
:10C03400EFDDE5E111280019CDE215CD261420F13C
:10C04400DDCB284628EBC9DD5E441803DD5E29DD1F
:10C054006E1ADD661BAF577BE607CB3BCB3BCB3B76
:10C06400194704AF371710FD47A6C9CDC413782F5D
:10C07400A677C9DDE5E111520019DD5E2918D6ED78
:10C084004BC95C0BED43C95C78B1C9DDE5060A7E9A
:10C09400DDBE0E201623DD23050D20F378B7280B13
:10C0A400DD7E0EFE202004DD2310F5DDE1C9010E46
:10C0B400001803010002E51E007B8623CE0128013F
:10C0C4003D5F0B78B120F27BBE77E1C9E53E1021DC
:10C0D400165C225F5C5E2356E1E5B7ED5220051144
:10C0E40000001807300BEBB7ED42EB2A5F5C7323BB
:10C0F400722A5F5C23233D20D9325F5CE1C90120B1
:10C1040000DD2A4F5C111400DD19DD7E00FE80C8BD
:10C11400E5DD7E04E67FFE4D2014DD5E1ADD561B50
:10C12400ED52300AEBB7ED42DD751ADD741BE1DD2B
:10C134005E09DD560ADD1918D108000800CDB312D6
:10C14400FD11530200000020202020202020202068
:10C1540020FF00000000000000000000FFFFF51FAA
:10C164001F1F1FCDDF14F1E60FFE0A3802C607C6F3
:10C1740030CDF814C9F5CDD6143E20CDF814F1C94C
:10C18400E5D5C5F5D9E5D5C5F52A515CE5F53E02F9
:10C19400D70116F1D71000E122515CF1C1D1E1D9E8
:10C1A400F1C1D1E1C9E5C5F5060A7ECDED14231030
:10C1B400F93E0DCDF814F1C1E1C9E5FE002006CD2C
:10C1C4006515FBE1C9F3CD65152188132B7CB520DA
:10C1D400FB2188130606CD3E16DBEFE6042004108F
:10C1E400F5E1C92B7CB520ECCD3215E710D5110053
:10C1F40001ED44C6094F06080D20137AD3F73EEE2D
:10C20400D3EFCDA2153EECD3EFCDA21518113EEF1E
:10C21400D3EF7BD3F7CDA2153EEDD3EFCDA215100E
:10C22400D77AD3F73EEED3EFD1C9C5F5018700CD58
:10C234005216F1C1C9E5111E001804E5111F02DBF5
:10C24400EFE6012002E70E3AC65CD3FE3EE2D3EFEE
:10C25400147A430EE7000000EDB33D20FB3EE6D325
:10C26400EFCD4D0DE1C9C1E134C9E5110F00210045
:10C27400001807E511100221F401434A0CC5060811
:10C284002B7CB528E1CD3E16DBEFE60428F010F553
:10C2940006062B7CB528CFCD3E16DBEFE60420F056
:10C2A40010F53EEED3EF063CDBEFE602280410F86F
:10C2B40018CCC1E1E5CD3E16790EE7EDB23D20FB89
:10C2C4003EEED3EFE1C93E7FDBFE1FD83EFEDBFE30
:10C2D4001FD8CD4D0DFD360014EFF50B78B120FBC2
:10C2E400F1C9E5C50608CD3E16DBEFE60428F510D6
:10C2F400F50606CD3E16DBEFE60420F510F53EEE1E
:10C30400D3EF063CDBEFE602280410F818D6C1E1AF
:10C31400E5CD3E160EE71EFC060F1664EDB2ED7871
:10C32400BB201210F9ED78BB200B10F942ED78BB5D
:10C33400200310F9AFE1C9E53AC65CD3FE3EE2D36F
:10C34400EF1E660EE7061B3EFC00EDB3ED7910FC14
:10C35400ED7910FC43ED7910FC3EE6D3EFCD4D0DA5
:10C36400E1C97F20313938332053696E636C6169C8
:10C3740072205265736561726368204C7464204D49
:10C384004A4220FFFFFFFFFFFFFFFFFFFFFFFFFF0A
:10C3940023F7CB3FD603FDCB7C8ECD1817C3C10545
:10C3A400D7271779B0C8C5E52A4F5C2B09E3D7EB2B
:10C3B400162A4F5C11140019D137ED52C1D0C5D5DE
:10C3C400EB22515C232323237ECBFE110500195E4F
:10C3D4002356D5FE54200DFDCB7C4E20283E0DCD9A
:10C3E400070D1821FE4E200BFDCB7C4E2017CDAE41
:10C3F4000F1812FE4D200ED1DDE1D1FDCB7C4ECACB
:10C404008E13C39F11C1E1C5D7E819AF21165C5E35
:10C4140023562B225F5CC1E1E5C5A7ED52300BEB3F
:10C42400A7ED42EB2A5F5C7323722A5F5C23233CF3
:10C43400FE1038DBFD362600E1E1FDCB7C8EC9DD44
:10C444002A4F5C111400DD19DD7E00FE8020093EB8
:10C45400EED3EFAFC33215C9DD7E04FECD2005CD8A
:10C464009F1118DBFECE200B011401DDE5E1D7E8B6
:10C474001918CCDD5E09DD560ADD1918CBFDCB7C1D
:10C48400E6CD59182A4F5CE5CD9F05CD5918CD9FAF
:10C4940005D12A4F5CB7ED52ED5BDA5C1922DA5C08
:10C4A4002ADA5C22515CD7E615380428F9180B2ADD
:10C4B400E25C22515CD7100018E6FDCB7CA62A4F23
:10C4C4005CE5CD9F05CDA818CD9F05D12A4F5CB75B
:10C4D400ED52ED5BDA5C1922DA5CCDA818CDB71702
:10C4E400C93AD85C3C280B3DD701162A515C22DAA4
:10C4F4005CC93AD95CFE4D2012CD051BAFCD321577
:10C50400DD22DA5CDDCB4356C8E716FE4E2008CDAB
:10C51400460FDD22DA5CC9FE542806FE422802E7F3
:10C5240000CD170BED53DA5CD5DDE1DDCB04FEC99C
:10C534003AD85C3CC03AD95CFE4D2008DD2ADA5C6E
:10C54400CD8E13C9FE4EC0DD2ADA5CDD22515CCDEE
:10C55400AE0FC93AD65CCD3215DBEFE6012002E717
:10C564000E2AE95C22E45CCD051BDDCB18462005D0
:10C57400CD8E13E70CDDCB43D6DD7E19CD3215DD30
:10C58400E5E111520019EB21E65C010900DD710BB4
:10C59400EDB0D5210900ED4BE75C09CB3C24E5CD9A
:10C5A400431DE17BBC3002E70FD12AE45CED4BE78D
:10C5B4005C78B12822DD7E0CFE02200FE5C5CDEEAD
:10C5C40012C1DDE5E111520019EBE1EDA0DD340B00
:10C5D40020DFDD340C18DADDCB43CECDEE123AEF9A
:10C5E4005C3D280E32EF5CDDCB438E3E00DD770DE3
:10C5F4001883AFCD3215C39F112AE15C22E45CCDD0
:10C60400051BDDCB18462802E711DDCB435620027B
:10C61400E716DDE5E11152001911E65C010900EDB0
:10C62400B0C922E95CDD5E53DD565421080019CB04
:10C634003C247C32E75CCD041A110900DD6E45DD33
:10C644006646B7ED52DD7545DD7446DDE5E1115B07
:10C654000019ED5BE95C181ACD5D1ADD7E44B7283C
:10C66400F7173D571EF72AE95C19EBDDE5E10152A6
:10C674000009D9CDBF1320E07EB077D9CD391A3A5D
:10C68400E75C3D32E75C20D0CD1E1AC9E122C95CCB
:10C69400DD6E1ADD661B0100105E7123567123D511
:10C6A40010F72AC95CE9E122C95CDD6E1ADD661B5C
:10C6B400111F00190610D1722B732B10F92AC95CB3
:10C6C400E9DD4E45DD46463AB65CCB7F2003EDB04E
:10C6D400C91ABE200823130B78B120F5C9E715DD6C
:10C6E4007E19CD321501FB04ED43C95CCD801238AF
:10C6F400122810CDBF13200BDDE5E111520019CD36
:10C704002B14C8CDF71320E4E711E5E5ED5BE45CF9
:10C71400CD9D1AED53E45CE1ED5BDC5CCD9D1AED3F
:10C7240053DC5CE1C937ED52D02A655CED52D8EB9D
:10C7340009EBC9CD791D1819CDF5171814CD521C64
:10C74400180FCD5D1B180ACDCC1A1805CDCB1818BF
:10C7540000C3C1053AD85C8721165C5F160019E551
:10C76400CD051BDDCB18462808DBEFE6012002E7E8
:10C774000EDDCB04BEAFCD3215DDCB18462008DD6F
:10C78400CB43562802E716EBE1732372C9CDA510FB
:10C79400E5DD7E19CD3215013200ED43C95CCD8053
:10C7A40012F5DD7E29C60321C95CBE380177F13854
:10C7B40020281BDDCB1886DD7E44B7200CDDE5E1A7
:10C7C40011520019CD2B14281ACD58121815CDE387
:10C7D4001321CA5C7E3C772BBE38C3DDCB438EDD90
:10C7E400CB4396E1C9CDA510DD7E19CD651501C8F1
:10C7F40032CD5216F3DBEFE6012002E70E3EE6D31C
:10C80400EF01FF00ED43C95CDDE5E1112C0019EBFC
:10C8140021E2FF19010A00EDB0AFDD7747DDCB2837
:10C82400C6DDCB4386DDCB43CEDDE5D12143001904
:10C83400CD2614CDF713282FDD7129DDE5E111286C
:10C844000019CD261411F4FF19CDAD1501B201CD97
:10C854005216DDE5E111370019CDAF16010001CD07
:10C864005216CD3E1618CC018700CD52163EEED39B
:10C87400EFDD7E19CD3215013200ED43C95CCDA93F
:10C8840013DD7E29C60321C95CBE380177CDC413EC
:10C894002814DDE5E111430019CD5A162008CD26F0
:10C8A400142003CDE31321CA5C7E3C772BBE38CE23
:10C8B400DD6E1ADD661B111F00190620377E4F1F1F
:10C8C400B1772B10F8CD491ECD49132008AFCD32D6
:10C8D40015CD9F11C9CD5A1318EE3AD85CD701165D
:10C8E400CDA510DD7E19CD3215013200ED43C95CB2
:10C8F400CDA913DD7E29C60321C95CBE380177CDDD
:10C904005E1E20ECDD7E43DDB646E6022005CDE367
:10C91400131869DD7E47B72863DDE5E1115200197C
:10C92400110A000600DD4E0D79B72836E5DDE5C5B0
:10C93400060A7EDDBE47200523DD2310F5C1DDE1B7
:10C94400E128393004190D18DFE5D5C5E5CB2160A0
:10C954006909090909444DE12B09EB19EBEDB8C14B
:10C96400D1E1DDE5060ADD7E4777DD232310F7DD1F
:10C97400E1DD7E0D3CDD770DFE32280B21CA5C7EA5
:10C984003C772BBEDA681CDDE5AFCD3215DDE5E181
:10C99400112C0019CD5B1D3E0DCD711DDDE5E1119E
:10C9A400520019DD460D78B72805CD5B1D10FBCD6F
:10C9B400431D7BCB3FD7282D3E0DCD711DD7E32DD5
:10C9C4003E0DCD711DDDE1CD9F11C9DD6E1ADD6611
:10C9D4001B1E000E207E2306081F38011C10FA0DB2
:10C9E40020F3C9C5060A7ECD711D2310F93E0DCD75
:10C9F400711DE5D74D0DE1C1C9DDE5D71000DDE1BD
:10CA0400C9CDA510DD7E19CD3215DBEFE60120027C
:10CA1400E70EDDE5E111520019E5D113011F00AF66
:10CA240077EDB03EFFDD770D01FB04ED43C95CCD2E
:10CA3400F7132857CDA913CD5E1E2031DD7E43DDCB
:10CA4400B646E6022005CDE3131822DDE5E11147E1
:10CA54000019010A00CD03142013CDEB1378B67727
:10CA6400DDCB434E2807DD7E443CDD770DDDE5E17B
:10CA7400115200191E000E207E2306081F30011CCF
:10CA840010FA0D20F3DD7E0DBB20A4CD491ECDA9E7
:10CA940013CDEB132823E5C53EE6D3EF016801CDA2
:10CAA4005216DDE5E111370019CDB3153EEED3EF93
:10CAB400CDE313C1E1782FA677DDE5E1115200192A
:10CAC40006207EB720C82310F9AFCD3215CD9F11B3
:10CAD400C9AFDD7743DD7745DD7746DDE5E1114319
:10CAE4000019CD2614C9DDE5E111430019CDE21585
:10CAF400CD2614C0DDCB4346C9FE1A3802E712FD29
:10CB04003600FFFDCB01D623E3E58716005F2199AC
:10CB14001E195E2356F1210007E5EBE92AED5CE9D5
:10CB2400C9CD1EE01E880B070DF01EF51E3215053B
:10CB34001B8E13791DFD1EDA120B1F3F1F7A1F85F2
:10CB44001FA5109F11460F181F251F4F0E981E94E6
:10CB54001EE41FF61FFBFDCB01AE76D7BF02FDCB53
:10CB6400016E28F63A085CC9F53EFE218C5C36FF5E
:10CB7400D70116F1D71000C9F53E0318EEAFDBFE5E
:10CB8400E61FD61FC9DDCB434E2805FD360007EF4F
:10CB9400DD340DCD5212DDCB4356C8CD9F11E716BF
:10CBA400CDAE0FDDE5E1011401D7E819C93AC65C41
:10CBB400D3FEF3CDD30F300ACDB50E2005FBA7C3AA
:10CBC4004D0D37FBC34D0D21FF0022C95CCDA913C8
:10CBD400DD7E29DDBE0D2807CDF71320F0E711DD3A
:10CBE400E5E111430019CDEB15CD2614200F110FEB
:10CBF4000019CD2B142006B7DDCB4356C8CDD41F66
:10CC040037C921FF0022C95CCDA91318D221FF0026
:10CC140022C95CDDE5E111370019E5110C0019CDDD
:10CC24002614110F0019CD2B14CDA913DD7E29DD97
:10CC3400BE0D2807CDF71320F0E711DBEFE6012046
:10CC440002E70E3EE6D3EF016801CD5216E1CDB303
:10CC5400153EEED3EFCDC41378B677C9DDE5E11107
:10CC6400280019545D13012902EDB0C9CDA913CDD3
:10CC74005E1E2005DD7E47B7C0CDD41F37C93E42B6
:10CC840032D95CCD170BC9FF00E10096127A004B34
:10CC94008025C01260090000080405000502000098
:10CCA40000080109040C050D020A030B060E070F08
:10CCB400080901050406020A0008040C020A060E0B
:10CCC4000109050D030B070F000000000000000020
:10CCD400C9F0010059D1010001CF0100C9EF0100E1
:10CCE40021CF0100B1CF010047CF010079CC010071
:10CCF40061EF010055EE00002C010000000000422D
:10CD0400C8801F40B8821F40080000000000004295
:10CD1400C4801F40B4821F400400000000C00042D1
:10CD240024801F4014821F401000000000C00042F5
:10CD340028801F4018821F402000000000C00042CD
:10CD44002C801F401C821F404000000000C0004295
:10CD540034801F4024821F40000100000040004234
:10CD640064811F4054831F400004000000400042BF
:10CD740080811F4070831F40000002000040004279
:10CD84007C811F406C831F40000001000040004272
:10CD940068811F4058831F40000800000040004283
:10CDA4003C811F402C831F400100000000400042D2
:10CDB40044811F4034831F400400000000400042AF
:10CDC40040811F4030831F400200000000400042A9
:10CDD40048811F4038831F400800000000000042C3
:10CDE40004811F40F4821F40000004000000004240
:10CDF40008811F40F8821F40000008000000004224
:10CE040018811F4008831F4000008000000000427A
:10CE140014811F4004831F400000400000000042B2
:10CE240000811F40F0821F40000002000000004209
:10CE3400FC801F40EC821F40000001000000004203
:10CE440024811F4014831F4000000004000000429E
:10CE540028811F4018831F40000000080000004282
:10CE64001C811F400C831F40000000010000004291
:10CE740020811F4010831F40000000020000004278
:10CE8400EC801F40DC821F400010000000000042C4
:10CE9400F0801F40E0821F4000200000000000429C
:10CEA40034811F4024831F400000004000000042E2
:10CEB40038811F4028831F4000000080008000420A
:10CEC40094801F4084821F400000040000C0004280
:10CED40090801F4080821F4000000080008000423C
:10CEE400A8801F4098821F400000800000800042FC
:10CEF400A4801F4094821F40000040000040004274
:10CF04006C811F405C831F400010000000C0004281
:10CF140030801F4020821F408000000000400042FB
:10CF2400B0811F40A0831F40000000200040004249
:10CF3400AC811F409C831F40000000100040004251
:10CF440084811F4074831F4000000400004000429D
:10CF540088811F4078831F400000080000000042C1
:10CF64002C811F401C831F40000000100000004261
:10CF740030811F4020831F40000000200000004239
:10CF84000C811F40FC821F40000010000000004282
:10CF940010811F4000831F400000200000800042D9
:10CFA400C8811F40B8831F400080000000800042F9
:10CFB400C4811F40B4831F40004000000080004231
:10CFC400C0811F40B0831F40002000000080004249
:10CFD400BC811F40AC831F40001000000080004251
:10CFE400D0811F40C0831F40000002000080004227
:10CFF400CC811F40BC831F400000010000C00042E0
:10D0040074801F4064821F400000000100C0004281
:10D0140080801F4070821F400000000800C0004252
:10D0240084801F4074821F400000001000C0004232
:10D034006C801F405C821F400000400000C0004222
:10D044007C801F406C821F400000000400C000422E
:10D0540078801F4068821F400000000200C0004228
:10D0640088801F4078821F4000000020400E00325C
:10D074005B5900001DA77F800A400000D8399D2716
:10D084000054EA2A00A4781F007B9A17542F2F55C6
:10D094002A2A562D2D572B2B580A0A59CD315AD1ED
:10D0A400325BCE335CD0345D00355ECF365FCA3739
:10D0B40060D23861CB3962C93063CC2E280A291B6F
:10D0C4002B0952DA51D950D84FD749D14CD44BD32C
:10D0D4004ED64AD24DD53AC23BC33CC43DC53EC6EA
:10D0E4003FC740C841C942CA43CB44CC45CD2C5E5E
:10D0F4007460616264346667656E362D3738271E46
:10D104001F202122232425267333762E77785F442B
:10D1140045464748494A4B4C4D4E4F505152535443
:10D1240055565758595A5B5C5D2F3130636D350441
:10D1340005060708090A0B0C0D0E0F101112131423
:10D1440015161718191A1B1C1D6F7170752A5E04A9
:10D15400DD0203005E04EA0203005E04120B030016
:10D16400C82D0A2003005E04190704005E048E0221
:10D1740007007E050920070179001C2007004C05E3
:10D18400680201014C052F0401014C05D50305017A
:10D194004C05C40502014C05CC0902015C0AE821D6
:10D1A40002016D0426C606016D0428C606010001AD
:10D1B4000203040500000100000003000000020057
:10D1C400000006000000040000000C00000008003D
:10D1D400000009006100E01AE000E017F800E00731
:10D1E4000001013032010106390101104A01012E0A
:10D1F4007901010682010104A0010106B3010104C1
:10D20400CD010110DE010112F801012822020112F0
:10D214004602010AAD03DB03B103E011C303E009D5
:10D22400D80301183004E0205004B0106004012237
:10D234008A040136C104010ED00401446105D026DC
:10D24400001E0196A01E015A001F0808101F0806A0
:10D25400201F0808301F0808401F0806601F080820
:10D26400701F4A02721F5604761F64027A1F7002EE
:10D274007C1F7E02801F0808901F0808A01F080852
:10D28400B01F0802D01F0802E01F08027021F0102E
:10D29400D024E61A302CD02F672C0106802C016490
:10D2A400002D002641FFE01AFF00780180014302AF
:10D2B400880187018C018B01920191019501F6018E
:10D2C400990198019A013D029E012002A801A7013B
:10D2D400AD01AC01B001AF01B901B801BD01BC01A0
:10D2E400BF01F701C601C401C901C701CC01CA01CC
:10D2F400DD018E01F301F101F501F4013A02652C1F
:10D304003C023B023E02662C42024102530281016E
:10D31400540286015602890157028A0159028F017B
:10D324005B02900160029301630294016802970119
:10D33400690296016B02622C6F029C0172029D01CC
:10D3440075029F017D02642C8002A6018302A9015B
:10D354008802AE01890244028A02B1018B02B20141
:10D364008C0245029202B7017B03FD037C03FE039A
:10D374007D03FF03AC038603C203A303CC038C0326
:10D38400CD038E03CE038F03F203F903F803F703EF
:10D39400FB03FA03CF04C0047D1D632C511F591FE6
:10D3A400531F5B1F551F5D1F571F5F1F781FF81FFB
:10D3B400791FF91FB31FBC1FCC1FC31FE51FEC1F30
:10D3C400FC1FF31F4E21322184218321612C602C08
:10D3D400762C752C00000000000000000000FF27E0
:10D3E400100032FF27100032FF27100032FF2710F1
:10D3F40000320000000000000000000000000000F7
:10D4040000000000520100000000000000000000C5
:10D41400FF27100032FF27100032FF27100032FFD1
:10D42400271000320000000000000000000000008F
:10D4340000000000000003040001020500000000D9
:10D44400000000004D8900003189000011D701005F
:10D454007DD60100718900008589000081D1010019
:10D4640051EE01006CC00F40C0000000504F00009E
:10D47400ED7801000CFF0000130000000000000024
:10D484000000000024851F400BFF00001300000073
:10D49400000000000000000028851F400DFF000070
:10D4A40013000000000000000000000020851F4061
:10D4B4000A252400130000001200000012000000DE
:10D4C40001020300000000001C851F400000000052
:10D4D4000000000000010302001F1C1F1E1F1E1F6E
:10D4E4001F1E1F1E1F00000000010000E86800202E
:10D4F40012000000000600004E2800600A00000030
:10D5040000020000BA27006062000000000700006B
:10D514005827006062000000EE030000D668002077
:10D5240012000000000004EEAE6800202800000095
:10D53400000300004A280060000000000103090401
:10D544003228006000000000020309041C28006067
:10D554000000000003030904986800200000000094
:10D5640000000000000000000000000000010203B1
:10D57400000218011900040313120E0F28291110B8
:10D584001617141526271A1B211C060708090A0B4F
:10D594000C20000000000000000000004F8B000081
:10D5A40059D10100557A0000597A000000000000AA
:10D5B400000000002D1E00600000000000000000BC
:10D5C4009170010039B20100FF5D0100597A000039
:10D5D400DB5D0100004000400040E73BE73BE73BE8
:10D5E4000000000000000000F18001006D6C0100EB
:10D5F400598F000005EF0000798A0000C9F000008F
:10D604002D8A0000C78B0000CFF0000061EE0000FF
:10D61400A1F20000DDFA00005DEE00000000000051
:10D6240000000000E18B0100916C0100597A0000B8
:10D63400658401009D87010039850100C5560100FC
:10D64400C55901002D890100B585010059860100E5
:10D6540093560100D58601006559010071590100F6
:10D6640043EE000043EE000047EE00007D59010048
:10D6740099590100B5590100A5840100CD59010053
:10D684006578010099890100058A01000000000005
:10D6940000000000AB830100856C010009660100F5
:10D6A400C1670100CF570100D1690100276A010059
:10D6B400B7570100BB6901005D6B0100F157010020
:10D6C4004F5801002F67010051EE0000B3570100CD
:10D6D40055EE000059EE0000DF570100C1F00000D4
:10D6E400A58301005D6801004BEE00004D5601006A
:10D6F400E36A0100056C01003B6C010000000000BE
:10D7040000000000B97501009DB4010041AB0100A7
:10D71400597A0000FD7601000000000000000000BE
:10D7240031CB01009D7D00009D7D00009D7D0000AA
:10D7340067CB01006FCB0100E7CB010055CB0100A3
:10D744009B7D0000052D0200A12C0200DD2C0200AF
:10D754005D2D0200E32C0200F12C0200F72C0200E4
:10D76400FD2C0200F4FFFFFF00000000755C0100C7
:10D77400CBE20100FBCB010003CC0100795C01008A
:10D78400597A00006F5C0100D3E2010009CC01006A
:10D7940011CC010019CC010021CC01009B7D0000BB
:10D7A40000000000000000008D7B01008DAA010034
:10D7B4009B7D0000597A00002B5E01000DC301001F
:10D7C40089AA010099C0010041C2010091C1010070
:10D7D40079C001009FC1010009C4010051CA0100C0
:10D7E4003DC8010041C40100C3C10100FDC80100DE
:10D7F400B1CA0100A9C20100A3C10100B1C1010065
:10D80400B7C10100BDC1010071CA0100F4FFFFFFEF
:10D8140000000000457D01004D7D0100255E0100F2
:10D824006D790100135E0100155E01001D5E0100AB
:10D834000B5E010041AC0100E8FFFFFF00000000A7
:10D84400755C0100057E0100557D0100595E0100F3
:10D854000D7E010065BC01006F5C0100757901005B
:10D86400395E0100415E0100495E0100515E010024
:10D8740049AC010000000000000000007D630100CD
:10D88400D3AF01009D7D00009D7D0000575F010026
:10D8940065B00100FBAF01003D5F01009B7D00000E
:10D8A40025C9010091CA010085C9010039C20100DE
:10D8B4008BAA01003FC20100D5C1010019C20100B9
:10D8C40027C201002DC2010033C20100F4FFFFFF93
:10D8D40000000000755C0100157E01005DB00100D0
:10D8E4009B5F01001D7E0100A15F0100A35F010099
:10D8F400735F01007B5F0100835F01008B5F0100A8
:10D90400935F01009B7D00005C640020BC500020FC
:10D914005F640020114700201547002019470020AC
:10D924001D470020214700202547002029470020CB
:10D934002D4700203147002035470020394700207B
:10D944003D470020956300209D630020A6630020CE
:10D95400AC63002021470020B2630020B76300209D
:10D96400BC630020C3630020CD630020D563002086
:10D97400DE630020F5460020F9460020FD46002025
:10D984000147002005470020094700200D470020DB
:10D99400E7630020EE630020F5630020FD630020B0
:10D9A4000764002010640020176400202064002015
:10D9B40029640020D6440020AF45002032640020B2
:10D9C40035640020956300209D630020A663002039
:10D9D400AC63002021470020B2630020B76300201D
:10D9E400BC630020C3630020CD630020D563002006
:10D9F400DE6300204D64002050640020C23E0020FD
:10DA0400C23E0020C23E0020C23E0020C23E002092
:10DA14001F0000001C0000001F0000001E0000008A
:10DA24001F0000001E0000001F0000001F00000077
:10DA34001E0000001F0000001E0000001F00000068
:10DA44001F0000001D0000001F0000001E00000059
:10DA54001F0000001E0000001F0000001F00000047
:10DA64001E0000001F0000001E0000001F00000038
:10DA740043616C6C6564206664645F6765746669A1
:10DA84006C656E616D652829206F6E2077726F6EEC
:10DA940067206472697665207479706500000000FF
:10DAA4004661696C656420746F2073617665204DEE
:10DAB4004C442027257327004661696C65642074F3
:10DAC4006F2073617665205A5843332027257327C6
:10DAD400000000002F7072696E7465722D25303459
:10DAE4006425303264253032642D2530326425308B
:10DAF4003264253032642E74787400002D2530325F
:10DB0400752E7478740000002B434950534E5450C2
:10DB14004346473A000000002B434950534E5450AB
:10DB240054494D453A000000203139373000000097
:10DB34005749464920474F542049500041544530E5
:10DB44000000000041542B434950534E5450434667
:10DB5400473D312C302C22706F6F6C2E6E74702EFA
:10DB64006F7267220000000041542B434950534E0A
:10DB740054504346473F000041542B434950534EB1
:10DB8400545054494D453F004641494C0000000063
:10DB94004552524F52000000256425643A25643AE8
:10DBA40025642564000000004449564558542E421B
:10DBB400494E00004661696C656420746F206C6F87
:10DBC40061642066696E616C2073746174652025DC
:10DBD400640000004E6F206C6F6164657220737086
:10DBE40061636520696E205A3830207374617465EE
:10DBF4002025640053435245454E2E53435200257D
:10DC040073252E2A6400257325302E2A64002532BC
:10DC14006400252E32642F252E32642F252E326483
:10DC240000592D256D2D2564002E2A7500252E33CF
:10DC34006400256C6C6400252E32643A252E32640F
:10DC44003A252E326400252B30336C64252E326C39
:10DC5400640000202020202020202020282828289C
:10DC640028202020202020202020202020202020A8
:10DC740020202088101010101010101010101010F8
:10DC84001010100404040404040404040410101008
:10DC940010101010414141414141010101010101B4
:10DCA4000101010101010101010101010101101042
:10DCB4001010101042424242424202020202020288
:10DCC4000202020202020202020202020202101014
:10DCD4001010200000000000000000000000000000
:10DCE4000000000000000000000000000000000030
:10DCF4000000000000000000000000000000000020
:10DD0400000000000000000000000000000000000F
:10DD140000000000000000000000000000000000FF
:10DD240000000000000000000000000000000000EF
:10DD340000000000000000000000000000000000DF
:10DD440000000000000000000000000000000000CF
:10DD540000000030313233343536373839414243EC
:10DD64004445460030313233343536373839616210
:10DD74006364656600412D46612D66383930313261
:10DD840033343536375D00545A002531315B2D2B41
:10DD9400302D39412D5A612D7A5D256E00253131A2
:10DDA4005B412D5A612D7A5D256E004D25687525E0
:10DDB4006E2E256875256E2E256875256E002F2517
:10DDC4006875256E3A256875256E3A256875256E41
:10DDD40000232D302B2000686C4C00656667454697
:10DDE4004700455854454E444544006664635F66A5
:10DDF4006F726D61743A2025642C202564202D3EB9
:10DE0400202564205B25645D0A00253032782025B6
:10DE1400303278202530327820253032780A006676
:10DE240064635F666F726D61743A2074726B6C65C3
:10DE34006E203D2025640A0074726B6C656E3D256E
:10DE4400782074726B6E6F3D256420696D675F7412
:10DE5400726B6C656E3D25782074726B6F66663DDF
:10DE640025780A00547261636B2D496E666F0D0A42
:10DE740000436F756C64206E6F74206F70656E2044
:10DE84002725732700436F756C64206E6F74206CB4
:10DE94006F61642044534B2066696C65206865613A
:10DEA4006465722027257327004D56202D2043508A
:10DEB400430046696C652027257327206973206E0B
:10DEC4006F7420696E2044534B206F722065787400
:10DED400656E6465642044534B20666F726D617493
:10DEE40000547261636B2D496E666F00203E2050B2
:10DEF40055542025642E253032644B422047455426
:10DF04002025642E253032644B420053504543543F
:10DF140052415F0026616D703B00266C743B002605
:10DF240067743B002661706F733B003C443A000AFF
:10DF340044657374696E6174696F6E3A003A2F2F89
:10DF4400003F23004661696C656420746F2073612F
:10DF54007665204D44522027257327002B495044D1
:10DF64002C25642C256C750025642C253135730013
:10DF7400434F4E4E45435400434C4F534544004198
:10DF8400542B43495053454E443D0053454E442081
:10DF94004F4B00485454502F312E31200025732507
:10DFA400730D0A257325640D0A257325730D0A253F
:10DFB4007300436F6E74656E742D547970653A20E6
:10DFC40000436F6E74656E742D4C656E6774683AA9
:10DFD4002000746578742F706C61696E003430347D
:10DFE400204E6F7420466F756E64003C3F786D6CF4
:10DFF4002076657273696F6E3D22312E3022206562
:10E004006E636F64696E673D227574662D38223FB6
:10E014003E0D0A003C443A70726F7020786D6C6E4D
:10E02400733A443D224441563A223E3C443A6C6F92
:10E03400636B646973636F766572793E3C443A61DD
:10E0440063746976656C6F636B3E3C443A6C6F63D2
:10E054006B747970653E3C443A77726974652F3EFF
:10E064003C2F443A6C6F636B747970653E3C443A60
:10E074006C6F636B73636F70653E3C443A657863A1
:10E084006C75736976652F3E3C2F443A6C6F636BF5
:10E0940073636F70653E3C443A64657074683E30E7
:10E0A4003C2F443A64657074683E3C443A74696D2C
:10E0B400656F75743E496E66696E6974653C2F447C
:10E0C4003A74696D656F75743E3C443A6C6F636B6A
:10E0D400746F6B656E3E3C443A687265663E003C04
:10E0E4002F443A687265663E3C2F443A6C6F636B0A
:10E0F400746F6B656E3E3C443A6C6F636B726F6F0A
:10E10400743E3C443A687265663E003C2F443A686B
:10E114007265663E3C2F443A6C6F636B726F6F742A
:10E124003E3C2F443A6163746976656C6F636B3E61
:10E134003C2F443A6C6F636B646973636F766572EA
:10E14400793E3C2F443A70726F703E0D0A003530B0
:10E154003720496E73756666696369656E7420530A
:10E16400746F7261676500257325730D0A4C6F63C4
:10E174006B2D546F6B656E3A203C25733E0D0A542B
:10E18400696D656F75743A20496E66696E69746568
:10E194000D0A43616368652D436F6E74726F6C3A48
:10E1A400206E6F2D73746F72650D0A257325640DCF
:10E1B4000A257325732573006170706C696361743B
:10E1C400696F6E2F786D6C3B206368617273657440
:10E1D4003D7574662D380D0A00257325730D0A5498
:10E1E400696D656F75743A20496E66696E69746508
:10E1F4000D0A43616368652D436F6E74726F6C3AE8
:10E20400206E6F2D73746F72650D0A257325640D6E
:10E214000A257325732573003230312043726561FA
:10E2240074656400485454502F312E3120323034F8
:10E23400204E6F20436F6E74656E740D0A436F6ECB
:10E244006E656374696F6E3A20636C6F73650D0A53
:10E254000D0A003C68746D6C3E3C626F64793E004C
:10E264003C6120687265663D2200223E003C2F61BD
:10E274003E3C62723E003C2F626F64793E3C2F68E4
:10E28400746D6C3E00746578742F68746D6C003224
:10E294003030204F4B006170706C69636174696F3A
:10E2A4006E2F6F637465742D73747265616D0025D0
:10E2B400732F2573003C443A7265736F75726365FE
:10E2C400747970653E3C443A636F6C6C6563746941
:10E2D4006F6E2F3E3C2F443A7265736F757263659F
:10E2E400747970653E003C443A7265736F7572636D
:10E2F40065747970652F3E0068747470642F756E50
:10E3040069782D6469726563746F7279003C2F4477
:10E314003A687265663E3C443A70726F7073746119
:10E32400743E3C443A70726F703E00646973706C62
:10E3340061796E616D65007265736F757263657482
:10E3440079706500676574636F6E74656E746C656F
:10E354006E67746800676574636F6E74656E747459
:10E36400797065006765746C6173746D6F64696658
:10E37400696564006372656174696F6E6461746574
:10E384000067657465746167003C443A646973703E
:10E394006C61796E616D653E003C2F443A6469732B
:10E3A400706C61796E616D653E003C443A676574DA
:10E3B400636F6E74656E746C656E6774683E003C62
:10E3C4002F443A676574636F6E74656E746C656E22
:10E3D4006774683E003C443A676574636F6E7465A5
:10E3E4006E74747970653E003C2F443A67657463BB
:10E3F4006F6E74656E74747970653E003C443A6760
:10E4040065746C6173746D6F6469666965643E00FC
:10E4140025732C2025303264202573202530346464
:10E4240020253032643A253032643A253032642073
:10E43400474D54003C2F443A6765746C6173746DA6
:10E444006F6469666965643E003C443A6372656161
:10E4540074696F6E646174653E00253034642D25E3
:10E464003032642D2530326454253032643A2530FC
:10E4740032643A253032645A003C2F443A63726560
:10E484006174696F6E646174653E003C443A67650B
:10E4940074657461673E2671756F743B00267175EF
:10E4A4006F743B3C2F443A676574657461673E0042
:10E4B4003C2F443A70726F703E3C443A73746174FA
:10E4C40075733E485454502F312E31203230302051
:10E4D4004F4B3C2F443A7374617475733E003C2F68
:10E4E400443A70726F70737461743E3C2F443A7294
:10E4F4006573706F6E73653E0D0A00257325730D89
:10E504000A2573257325732573257300300D0A00BE
:10E514004441563A20310D0A00416C6C6F773A2021
:10E524004F5054494F4E532C204745542C204845B6
:10E5340041442C205055542C2044454C4554452CE2
:10E5440020434F50592C204D4F56452C204D4B43C2
:10E554004F4C2C2050524F5046494E442C20505280
:10E564004F5050415443482C204C4F434B2C205582
:10E574004E4C4F434B0D0A0034303320466F7262C9
:10E58400696464656E0034313320436F6E74656E64
:10E594007420546F6F204C61726765000A49663AB3
:10E5A40000343030204261642052657175657374A3
:10E5B40000343035204D6574686F64204E6F7420CC
:10E5C400416C6C6F776564000A44657074683A0046
:10E5D4006C6F636B696E666F006578636C757369E5
:10E5E40076650077726974650034303920436F6E44
:10E5F400666C696374006F70617175656C6F636BD1
:10E60400746F6B656E3A2530386C582D2530346C38
:10E61400582D2530346C582D2530346C582D253028
:10E62400346C582530386C58000A4C6F636B2D5489
:10E634006F6B656E3A0070726F706E616D65003C51
:10E64400443A6D756C746973746174757320786D74
:10E654006C6E733A443D224441563A223E0D0A0000
:10E66400485454502F312E3120323037204D756CA0
:10E6740074692D5374617475730D0A0025732573C1
:10E6840025640D0A2573257325730041542B4349D2
:10E6940050434C4F53453D0070726F7065727479EE
:10E6A400757064617465003C736574003A736574D5
:10E6B400003C72656D6F7665003A72656D6F7665C4
:10E6C400003C443A6D756C7469737461747573209D
:10E6D400786D6C6E733A443D224441563A223E3C76
:10E6E400443A726573706F6E73653E3C443A687267
:10E6F40065663E003C2F443A70726F703E3C443A6B
:10E704007374617475733E485454502F312E312004
:10E7140034303320466F7262696464656E3C2F4402
:10E724003A7374617475733E003C443A6572726F57
:10E73400723E3C443A63616E6E6F742D6D6F646912
:10E7440066792D70726F7465637465642D70726F71
:10E7540070657274792F3E3C2F443A6572726F7201
:10E764003E003C2F443A70726F70737461743E3C87
:10E774002F443A726573706F6E73653E3C2F443A52
:10E784006D756C74697374617475733E0D0A00352C
:10E794003031204E6F7420496D706C656D656E74F8
:10E7A4006564000A4F76657277726974653A00345D
:10E7B400313220507265636F6E646974696F6E20C4
:10E7C4004661696C656400434F5059200044454CD0
:10E7D4004554452000474554200048454144200005
:10E7E4004D4F564520004D4B434F4C20004F505445
:10E7F400494F4E532000505554200050524F50461C
:10E80400494E44200050524F505041544348200038
:10E81400554E4C4F434B20000A4578706563743A5B
:10E8240000485454502F312E312031303020436F62
:10E834006E74696E75650D0A0D0A0041542B4349C7
:10E84400505345525645523D300020201620202575
:10E8540073202573002020172020257320257300A2
:10E86400456D707479002561202562202565202579
:10E87400483A254D3A255320255900203E20256449
:10E884002E253032642064656743004C6F61642038
:10E8940053746174650053656C65637420536176C9
:10E8A40065205374617465004261636B00257320B5
:10E8B4002564004C6F616420617320524F4D2063C6
:10E8C4006172747269646765091A1B004C6F616434
:10E8D400206173205A5843322063617274726964F0
:10E8E4006765091819004C6F6164206173205A58D8
:10E8F400433320466C617368206361727472696487
:10E904006765091819004C6F6164206173204461C4
:10E914006E64616E61746F72206361727472696493
:10E924006765091A1B004C6F616420696E746F205F
:10E934004D756C74696661636520313238205241CB
:10E944004D002F5A585445454E53592F6966312E60
:10E95400726F6D002F5A585445454E53592F6573A5
:10E96400786D6D632E62696E002F5A585445454E7A
:10E9740053592F6D663132382E726F6D002F5A58ED
:10E984005445454E53592F6C7072696E7433322E50
:10E99400726F6D002F5A585445454E53592F6D656B
:10E9A4006E752E726F6D002F5A585445454E53594B
:10E9B4002F535045435452415F4946315F454432D9
:10E9C4005F4D455F524F4D5F466F726D6174746564
:10E9D400642E62696E004D4C440032303236313060
:10E9E4003038005A585445454E53592E484558001E
:10E9F400253034780066775F7465656E73793431D9
:10EA0400002F5A585445454E53592F67656E696512
:10EA14003132382E726F6D002F5A585445454E537B
:10EA2400592F7674782E726F6D00203E20416464F5
:10EA3400726573733A2000203E2057616974696ED1
:10EA44006720666F72204950206164647265737335
:10EA540000203E2057616974696E6720666F7220DA
:10EA640057694669204E545000203E20576169740E
:10EA7400696E6720666F72205769466900616C6C25
:10EA840070726F700053756E004D6F6E0054756533
:10EA940000576564005468750046726900536174D8
:10EAA400004A616E00466562004D617200417072F9
:10EAB400004D6179004A756E004A756C00417567B6
:10EAC40000536570004F6374004E6F7600446563B5
:10EAD4000041542B43494653520041542B4349505F
:10EAE4004D55583D310041542B43495053455256DE
:10EAF40045524D4158434F4E4E3D0041542B4349DE
:10EB040050524543564D4F44453D310041542B43EB
:10EB1400495052454356444154413D0041542B43CE
:10EB24004950524543564C454E3F002B43495052A1
:10EB34004543564C454E3A0041542B434950535497
:10EB44004F3D3330300041542B43495053455256C6
:10EB540045523D312C3830002B43494653523A53E9
:10EB6400544149502C2200302E302E302E30002FAC
:10EB74005A585445454E53592F5354415445002532
:10EB8400732F25642F2573002E25303375002B43F6
:10EB940049505245435644415441004465766963A3
:10EBA4006520697320746F6F20736D616C6C0D0A3E
:10EBB4000057726974696E67204641542000577289
:10EBC4006974696E6720757063617365207461622E
:10EBD4006C650D0A0057726974696E6720726F6FF5
:10EBE400740D0A00466F726D617420646F6E650D5A
:10EBF4000A00466F726D6174206661696C65640D0C
:10EC04000A004361726420697320746F6F20736D0E
:10EC1400616C6C2E0D0A0042616420636C75737420
:10EC2400657220636F756E740D0A00466F726D61B4
:10EC34007420446F6E650D0A00466F726D61742016
:10EC44004661696C65640D0A0053435245454E2E76
:10EC540053435200736E61006D6C640022676C61F3
:10EC640073737474792E636F6D222C3635303200D1
:10EC74004661696C656420746F20777269746520DD
:10EC84007374617465202564202725732700444527
:10EC9400564943452E42494E005A58535400535442
:10ECA4004154452E5A38300044495652414D2E4263
:10ECB400494E004D4652414D2E42494E004449565C
:10ECC4004558542E42494E004661696C656420746F
:10ECD4006F206C6F616420696E697469616C207364
:10ECE4007461746520256400696D6700686466005A
:10ECF40064736B006D64720074617000747A7800E0
:10ED0400706F6B002F5A585445454E53592F5A581B
:10ED14005445454E53592E434647007374617465F8
:10ED2400416374697665536C6F74203D20253064AB
:10ED34000A00737461746553617665536C6F742053
:10ED44003D202530640A006469764D6D6350726518
:10ED540073656E74203D202530640A006469764D25
:10ED64006D6345787452616D50726573656E74207D
:10ED74003D202530640A006469764D6D6353645206
:10ED84006561644F6E6C79203D202530640A00640F
:10ED940069764D6D63526F6D50726573656E742044
:10EDA4003D202530640A00696E746572666163658E
:10EDB4003150726573656E74203D202530640A00FD
:10EDC4006D6631323850726573656E74203D20254E
:10EDD40030640A006D663132384C6F616447656E89
:10EDE4006965203D202530640A0075617274507293
:10EDF4006573656E74203D202530640A0075736266
:10EE040050726573656E74203D202530640A006776
:10EE1400616D65706164427574746F6E73203D201A
:10EE24002530640A00776966694E747050726573A0
:10EE3400656E74203D202530640A00776966694E4A
:10EE44007470547A203D202530640A0064736B503A
:10EE5400726573656E74203D202530640A00647306
:10EE64006B456E61626C65447269766542203D2033
:10EE74002530640A006D6F64656D50726573656E4C
:10EE840074203D202530640A007072696E746572C6
:10EE940050726573656E74203D202530640A006CE1
:10EEA4007072696E7450726573656E74203D2025AE
:10EEB40030640A00626F6F74496E746F4D656E75CD
:10EEC400203D202530640A006D656E75456E6162D3
:10EED4006C65496E47616D65203D202530640A00EC
:10EEE4006366674E616D65203D2025730A00726F6D
:10EEF4006D4E616D65203D2025730A006469764D71
:10EF04006D6353646150617468203D2025730A0069
:10EF14006469764D6D6353646250617468203D206A
:10EF240025730A0064736B46646150617468203D04
:10EF34002025730A0064736B466462506174682010
:10EF44003D2025730A006D6F64656D55726C203D1C
:10EF54002025730A002F5A585445454E53592F43C0
:10EF64004F4E464947532F2573006469764D6D63B0
:10EF740050726573656E74203D20006469764D6D32
:10EF84006345787452616D50726573656E74203D8B
:10EF940020006469764D6D63526F6D5072657365C0
:10EFA4006E74203D20006469764D6D635364526530
:10EFB40061644F6E6C79203D20006469764D6D6309
:10EFC40053646150617468203D20006469764D6D1E
:10EFD4006353646250617468203D200064736B5015
:10EFE400726573656E74203D200064736B456E61B9
:10EFF400626C65447269766542203D200064736BDF
:10F0040046646150617468203D200064736B4664FB
:10F014006250617468203D20006D656E75456E61B7
:10F02400626C65496E47616D65203D20006D6631F7
:10F03400323850726573656E74203D20006D663100
:10F0440032384C6F616447656E6965203D20006D00
:10F054006F64656D50726573656E74203D20006D3C
:10F064006F64656D55726C203D2000737461746526
:10F07400416374697665536C6F74203D200073742A
:10F0840061746553617665536C6F74203D2000751F
:10F0940061727450726573656E74203D20007573DF
:10F0A4006250726573656E74203D200077696669ED
:10F0B4004E747050726573656E74203D20007769DC
:10F0C40066694E7470547A203D2000626F6F7449F3
:10F0D4006E746F4D656E75203D200067616D6570BF
:10F0E4006164427574746F6E73203D2000696E74A0
:10F0F4006572666163653150726573656E74203D37
:10F1040020007072696E74657250726573656E74F6
:10F11400203D20006C7072696E7450726573656E68
:10F1240074203D2000726F6D4E616D65203D20009E
:10F134006366674E616D65203D20004661696C65BC
:10F144006420746F20736176652044657669636515
:10F15400207374617465202564004661696C65647C
:10F1640020746F2073617665205A3830207374617F
:10F17400746520256400455846415400496E746501
:10F18400726E616C20524F4D002F5A585445454EB3
:10F1940053592F434F4E4649475300636667002F28
:10F1A400524F4D53002F5A585445454E53592F6EC4
:10F1B40065746D616E2E7A3830002F5A5854454567
:10F1C4004E53592F7274635F73657475702E7A3859
:10F1D400300041544530002E2E00203C20507265F2
:10F1E40076696F757320506167657300203E204E09
:10F1F400657874205061676573005669657720648B
:10F2040065627567206C6F6700203E20525443206E
:10F214006E6F742073657400204C4F434B00204D77
:10F22400415052414D0052554E0053617665206164
:10F234006E642052657365740042726F7773652043
:10F2440053442063617264004C6F616420524F4DDB
:10F25400004C6F616420536176656420537461745B
:10F2640065004C6F616420436F6E666967757261F7
:10F2740074696F6E004564697420436F6E666967D4
:10F2840075726174696F6E0044697361626C6520A4
:10F29400616E6420526573657400557064617465B1
:10F2A400204669726D7761726520616E64205265D3
:10F2B40073657400426F6F7420696E746F204D65BE
:10F2C4006E7500456E61626C6520496E2D67616DD7
:10F2D40065204D656E7500456E61626C65204469FC
:10F2E400764D4D4300202020456E61626C652035CB
:10F2F40031324B422052414D00202020456E616244
:10F304006C65204469764D4D4320524F4D002020BA
:10F314002052656164204F6E6C79205344206361F0
:10F324007264002020204D6F756E74205344206356
:10F3340061726420617320736461002020204D6F2A
:10F34400756E74205344206361726420617320736A
:10F35400646200456E61626C65202B332046444331
:10F3640000202020456E61626C6520423A00413ADB
:10F3740000456E61626C6520496E746572666163F6
:10F3840065203100456E61626C65204D756C746951
:10F394006661636520313238002020204C6F61643F
:10F3A4002047656E69652031323820446973617382
:10F3B40073656D626C657200456E61626C652043B5
:10F3C400656E74726F6E696373207072696E7465B2
:10F3D4007200202020456E61626C65205A58204CD2
:10F3E4005052494E542049494900456E61626C654A
:10F3F400204B656D7073746F6E20555342206D6F92
:10F404007573652F67616D65706164002020204508
:10F414006E61626C65204669726520322F332F3429
:10F4240020627574746F6E7300456E61626C652042
:10F434004553502D30315320554152540020202043
:10F44400456E61626C65205654583530303000206A
:10F454003E20257300557064617465205254432026
:10F4640066726F6D2057694669204E545000202003
:10F47400205365742057694669204E54502074699E
:10F484006D657A6F6E65004C6F6164205254432041
:10F494005365747570004C6F616420576946692028
:10F4A4004E6574776F726B204D616E616765720093
:10F4B4002D31323A303020686F757273002D31313E
:10F4C4003A303020686F757273002D31303A303025
:10F4D40020686F757273002D393A333020686F7568
:10F4E4007273002D393A303020686F757273002DB5
:10F4F400383A303020686F757273002D373A3030E7
:10F5040020686F757273002D363A303020686F753D
:10F514007273002D353A303020686F757273002D88
:10F52400343A303020686F757273002D333A3030BE
:10F5340020686F757273002D323A303020686F7511
:10F544007273002D313A303020686F757273002B5E
:10F55400303A303020686F757273002B313A303096
:10F5640020686F757273002B323A303020686F75E3
:10F574007273002B333A303020686F757273002B2E
:10F58400343A303020686F757273002B353A30305E
:10F5940020686F757273002B363A303020686F75AF
:10F5A4007273002B363A333020686F757273002BF8
:10F5B400373A303020686F757273002B383A303028
:10F5C40020686F757273002B383A333020686F757A
:10F5D4007273002B393A303020686F757273002BC8
:10F5E40031303A303020686F757273002B31303A05
:10F5F400333020686F757273002B31313A3030200C
:10F60400686F757273002B31323A303020686F7531
:10F614007273002B31323A343520686F757273007F
:10F624002B31333A303020686F757273002B3134CC
:10F634003A303020686F757273004C6F61642061DA
:10F6440073205A383020736E617073686F74091CAC
:10F654001D004C6F616420617320746170652069C2
:10F664006D616765091E1F004C6F616420776974C2
:10F6740068204D6963726F647269766520456D75A3
:10F684006C61746F72092017004D6F756E74206180
:10F69400732046444420413A092017004D6F756E8B
:10F6A400742061732046444420423A092017004DD7
:10F6B4006F756E74206173204469764D4D432073D9
:10F6C4006461092017004D6F756E742061732044C6
:10F6D40069764D4D432073646209201700537461A9
:10F6E40072742048545450205365727665720053E6
:10F6F400746F7020485454502053657276657200BC
:10F704004261636B20616E6420506C6179205461A6
:10F714007065002020162020546170652025642E19
:10F724002530326425250020202042726F777365CE
:10F73400205461706500201E1F20546170652025CF
:10F744007300427265616B20696E746F204241538D
:10F75400494300526573657420696E746F204D616E
:10F76400696E204D656E75004D6F6469667920433E
:10F774006F6E66696775726174696F6E0053656E4A
:10F7840064204E4D4920746F2063757272656E74E7
:10F7940020524F4D0053656E64204E4D4920746FC6
:10F7A400204D756C7469666163652031323800538D
:10F7B400656E64204E4D4920746F204469764D4D2A
:10F7C4004320524F4D00203E20524F4D3A202D2DC4
:10F7D4002D2D2D2D2D2D2D2052414D3A20256425E2
:10F7E400730020181925733A2025642573002044DA
:10F7F40069764D4D433A202564257300203E2573D8
:10F80400257300203E201720413A20256420423AE7
:10F8140020256420257300203E201720413A20250E
:10F8240064202573004578697420616E64204469FE
:10F834007361626C65203132384B20506167696EA8
:10F844006700202020437265617465206E6577200F
:10F85400446F63756D656E74004170706C792053EC
:10F86400656C656374656420504F4B4573002F527B
:10F874004F4D532F257300504F4B2062616E6B2008
:10F88400256420696E76616C696420666F72203429
:10F89400384B002F5A585445454E53590025732F61
:10F8A4002564004661696C656420746F2063726529
:10F8B400617465205A38302073746174652025643E
:10F8C400004661696C656420746F206372656174BD
:10F8D4006520736176652073746174652025640006
:10F8E40052532D49444500275A58544E53592060C9
:10F8F400DA6C7FB301920048656C6C6F2C20492749
:10F904006D20726573657474696D65720044656217
:10F914006F756E63652054696D6572005553424876
:10F9240049445061727365723A3A636F6E74726FD0
:10F934006C206D73673A202578202578203A20259D
:10F9440078202575203A002025303278004A6F79D6
:10F95400737469636B436F6E74726F6C6C65723A27
:10F964003A62745F636C61696D5F636F6C6C65634D
:10F9740074696F6E2825702920436F6E6E656374F9
:10F98400696F6E3A257020636C6173733A25782031
:10F99400546F703A25780A00094A6F797374696361
:10F9A4006B436F6E74726F6C6C657220636C61690B
:10F9B4006D20636F6C6C656374696F6E0A005769C0
:10F9C40072656C65737320436F6E74726F6C6C65D3
:10F9D4007200504C415953544154494F4E285229B6
:10F9E40033004E617669676174696F6E20436F6E90
:10F9F40074726F6C6C6572004D6F74696F6E204326
:10FA04006F6E74726F6C6C65720058626F782057F9
:10FA14006972656C6573730050726F20436F6E7406
:10FA2400726F6C6C6572004A6F792D436F6E20287B
:10FA34005229004A6F792D436F6E20284C29004AC1
:10FA44006F79737469636B436F6E74726F6C6C65FA
:10FA5400723A3A636C61696D5F626C7565746F6F5D
:10FA64007468202D20436C617373202578202573DE
:10FA74000A004A6F79737469636B436F6E74726FB3
:10FA84006C6C65723A3A636C61696D5F626C756542
:10FA9400746F6F746820496E746572666163650A79
:10FAA400000A20212121212121212121212120425B
:10FAB4006C7565746F6F7468436F6E74726F6C6C81
:10FAC40065723A3A71756575655F446174615F5436
:10FAD40072616E736665722063616C6C6564207715
:10FAE400697468206261642064617461206C696E69
:10FAF400653A2025750A000920706970653A2570F9
:10FB0400206275666665723A2570206C656E3A25CA
:10FB140075206472697665723A25700A00537769B4
:10FB2400746368207472616E7366657220666169BD
:10FB34006C0A002044415441203F242829002044D9
:10FB4400415441203F28290050726F6772616D3A19
:10FB540020004E756D2E2061727261793A20004347
:10FB640068722E2061727261793A2000427974655C
:10FB7400733A2000204C494E452025306400205320
:10FB8400435245454E240020434F44452025642CD0
:10FB94002564004D6F757365436F6E74726F6C6C82
:10FBA400657220436F6E74726F6C6C65723A3A635F
:10FBB4006C61696D5F626C7565746F6F7468202D1C
:10FBC40020436C6173732025780A004D6F7573654B
:10FBD400436F6E74726F6C6C65723A3A636C6169F0
:10FBE4006D5F626C7565746F6F746820545255450F
:10FBF4000A004D6F757365436F6E74726F6C6C653C
:10FC0400723A3A62745F636C61696D5F636F6C6CC6
:10FC1400656374696F6E2825702920436F6E6E6565
:10FC24006374696F6E3A257020636C6173733A254F
:10FC34007820546F703A25780A00094D6F75736502
:10FC4400436F6E74726F6C6C657220636C61696D66
:10FC540020636F6C6C656374696F6E0A0043726134
:10FC640073685265706F72743A002020412070727C
:10FC74006F626C656D206F63637572726564206179
:10FC840074202873797374656D2074696D652920F7
:10FC9400002020436F646520776173206578656375
:10FCA4007574696E672066726F6D20616464726535
:10FCB4007373203078002020434653523A200009C1
:10FCC400284941434356494F4C2920496E73747265
:10FCD400756374696F6E204163636573732056693D
:10FCE4006F6C6174696F6E0009284441434356493F
:10FCF4004F4C292044617461204163636573732010
:10FD040056696F6C6174696F6E0009284D554E53C6
:10FD1400544B45525229204D656D4D616E676520E7
:10FD24004661756C74206F6E20556E737461636BDD
:10FD3400696E670009284D53544B45525229204D92
:10FD4400656D4D616E6765204661756C74206F6EDC
:10FD540020737461636B696E670009284D4C5350BE
:10FD640045525229204D656D4D616E67652046618F
:10FD7400756C74206F6E204650204C617A79205344
:10FD8400746174650009284D4D415256414C4944F3
:10FD940029204163636573736564204164647265FB
:10FDA40073733A2030780020286E756C6C7074720E
:10FDB400290D0A092020436865636B20636F64651D
:10FDC40020617420307800202D2076657279206CB3
:10FDD400696B656C79206120627567210D0A0920C1
:10FDE4002052756E202261646472326C696E6520E3
:10FDF4002D65206D79736B657463682E696E6F2E43
:10FE0400656C66203078002220666F722066696C0B
:10FE1400656E616D652026206C696E65206E756D5A
:10FE24006265722E002028537461636B2070726FB8
:10FE3400626C656D290D0A092020436865636B2097
:10FE4400666F7220737461636B206F766572666C83
:10FE54006F77732C20617272617920626F756E64A2
:10FE6400732C206574632E0009284942555345526A
:10FE7400522920496E737472756374696F6E2042DF
:10FE84007573204572726F720009285052454349B8
:10FE94005345525229204461746120627573206570
:10FEA40072726F7220286164647265737320696E64
:10FEB400204246415229000928494D5052454349A0
:10FEC4005345525229204461746120627573206540
:10FED40072726F72206275742061646472657373E8
:10FEE400206E6F742072656C6174656420746F2079
:10FEF400696E737472756374696F6E000928554E68
:10FF040053544B4552522920427573204661756CF7
:10FF140074206F6E20756E737461636B696E6720F5
:10FF2400666F7220612072657475726E2066726FDE
:10FF34006D20657863657074696F6E000928535489
:10FF44004B4552522920427573204661756C7420CA
:10FF54006F6E20737461636B696E6720666F7220C5
:10FF6400657863657074696F6E20656E747279006C
:10FF740009284C535045525229204275732046613A
:10FF8400756C74206F6E204650206C617A792073F2
:10FF94007461746520707265736572766174696FDB
:10FFA4006E0009284246415256414C494429204199
:10FFB4006363657373656420416464726573733A43
:10FFC400203078000928554E444546494E53545232
:10FFD4002920556E646566696E656420696E737464
:10FFE40072756374696F6E000928494E5653544103
:0CFFF40054452920496E737472756374C3
:02000004600397
:10000000696F6E206D616B657320696C6C656761EB
:100010006C20757365206F66204550535200092887
:10002000494E5650432920557361676520666175B6
:100030006C743A20696E76616C6964204558435F40
:1000400052455455524E0009284E4F435029204ED8
:100050006F20436F70726F636573736F720009284E
:10006000554E414C49474E45442920556E616C69B7
:10007000676E6564206163636573732055736167A0
:10008000654661756C7400092844495642595A45C1
:10009000524F2920446976696465206279207A6527
:1000A000726F002020485453523A200009285645C8
:1000B000435454424C2920427573204661756C7438
:1000C000206F6E20566563205461626C6520526516
:1000D0006164000928464F524345442920466F7207
:1000E0006365642048617264204661756C74002009
:1000F0002054656D706572617475726520696E73E8
:10010000696465207468652063686970207761732D
:1001100020006E616E00696E66006F76660020C218
:10012000B0430020205374617274757020435055A1
:1001300020636C6F636B2073706565642069732046
:10014000004D487A004E6F2043726173682044610D
:10015000746120546F205265706F727400202048C3
:100160006F706566756C6C7920616C6C20697320AA
:1001700077656C6C2C20627574206365727461699C
:100180006E207479706573206F6620637261736886
:1001900065732063616E2774206265207265706FDD
:1001A000727465643A0009737475636B20696E201C
:1001B000616E20696E66696E697465206C6F6F7020
:1001C0002028746563686E6963616C6C792C2068A3
:1001D00061726477617265207374696C6C207275EA
:1001E0006E6E696E672070726F7065726C7929002F
:1001F0000972656D61696E696E6720696E206120A4
:100200006C6F7720706F77657220736C65657020F6
:100210006D6F6465000961636365737320746F209B
:100220006365727461696E20706572697068657269
:10023000616C7320776974686F7574207468656980
:100240007220636C6F636B20656E61626C65642005
:100250002865672C20466C6578494F29000963683A
:10026000616E6765206F6620435055206F72206273
:10027000757320636C6F636B2073706565642077A2
:100280006974686F757420757365206F6620676C7C
:10029000697463686C657373206D757800202052F3
:1002A00065626F6F74207761732063617573656435
:1002B000206279206175746F207265626F6F74209F
:1002C0006166746572206661756C74206F7220625D
:1002D000616420696E7465727275707420646574EF
:1002E00065637465640020205265626F6F742077C7
:1002F00061732063617573656420627920736F6632
:10030000747761726520777269746520746F205309
:1003100043425F4149524352206F7220435055205F
:100320006C6F636B75700020205265626F6F742074
:1003300077617320636175736564206279207365EA
:10034000637572697479206D6F6E69746F720020C5
:10035000205265626F6F74207761732063617573DB
:10036000656420627920706F776572206F6E2F6FE1
:10037000666620627574746F6E0020205265626F2D
:100380006F7420776173206361757365642062798F
:10039000207761746368646F672031206F72203248
:1003A0000020205265626F6F742077617320636153
:1003B00075736564206279204A54414720626F75E5
:1003C0006E64617279207363616E002020526562F1
:1003D0006F6F742077617320636175736564206249
:1003E00079204A5441472064656275670020205295
:1003F00065626F6F742077617320636175736564E4
:10040000206279207761746368646F67203300200D
:10041000205265626F6F742077617320636175731A
:1004200065642062792074656D706572617475729F
:10043000652073656E736F720050616E696320543E
:10044000656D7020457863656564656420536875E3
:100450007474696E6720446F776E0043616E20622A
:100460006520636175736564206279204F766572DB
:10047000636C6F636B696E6720772F6F20486561CF
:100480007473696E6B206F72206F7468657220756B
:100490006E6B6E6F776E20726561736F6E002020D9
:1004A00042726561646372756D622023002028309A
:1004B00078000A232323232323232073775F736584
:1004C0006E64434D44282578202570202575292009
:1004D00063616C6C6564207769746820627464720F
:1004E000697665725F203D3D2030200053657420A1
:1004F00052756D626C6520646174613A2025642CCC
:100500002025640A005365742052756D626C652065
:10051000646174612028555342293A2025642C20B7
:1005200025640A002F7072696E7465722D2530344F
:100530006425303264253032642D25303264253014
:100540003264253032642E747874002D2530327573
:100550002E747874006F70617175656C6F636B7465
:100560006F6B656E3A0075726E3A757569643A0024
:100570002B2B2B0041542B434950434C4F534500E8
:1005800041542B4349504D4F44453D300041542B7D
:100590004349504D55583D300041542B4349504D2F
:1005A0004F44453D310041542B434950535441522F
:1005B000543D22544350222C0041542B4349505364
:1005C000454E44004661696C656420746F206F700D
:1005D000656E20504F4B202725732700496E7661AA
:1005E0006C696420504F4B20747261696E65722093
:1005F0006174206C696E6520256400496E76616CBB
:10060000696420504F4B206E616D65206174206CD1
:10061000696E6520256400496E76616C69642050BE
:100620004F4B207265636F7264206174206C696E39
:100630006520256400546F6F206D616E7920504FE6
:100640004B207265636F72647320272573270049FE
:100650006E76616C696420504F4B20656E6420613A
:1006600074206C696E6520256400556E6B6E6F7723
:100670006E20504F4B206C696E6520256400504FF2
:100680004B206D697373696E6720656E64206D61C0
:10069000726B65722027257327005A585461706564
:1006A00021005374617274206F662054617065007C
:1006B0005374616E646172642044617461202564C6
:1006C0004200547572626F20446174612025644257
:1006D00000446972656374205265636F7264696E69
:1006E000672025646D7300554E535550504F52543A
:1006F00045442049442025640053746F70205461A0
:1007000070650050617573652025646D7300747A9F
:1007100078506C6179657220256420756E6B6E6F00
:10072000776E204944202564004A616E75617279B4
:10073000004665627275617279004D61726368008E
:10074000417072696C004A756E65004A756C79007B
:100750004175677573740053657074656D62657279
:10076000004F63746F626572004E6F76656D6265EF
:100770007200446563656D6265720053756E6461F5
:1007800079004D6F6E6461790054756573646179A9
:10079000005765646E65736461790054687572739F
:1007A000646179004672696461790053617475729D
:1007B0006461790025483A254D3A255300256D2F6F
:1007C00025642F257900504D0025612025622025C4
:1007D000652025483A254D3A255320255A2025598C
:1007E000006D640025493A254D3A255320257000B7
:1007F0002B2D0078580000000000000001000000D0
:10080000000000004A00000000000000000000009E
:1008100000000000000000000000000000000000D8
:100820000000000000000000000000004A0000007E
:1008300000000000000000000000000000000000B8
:1008400000000000000000000000000000000000A8
:10085000000000000100000001000000501C012009
:1008600003010100E58400001D9200000D850000D9
:1008700055920000C185000085860000EB7B0000DA
:100880001F900000437C00003D910000000000002C
:100890008583000000000000000000000101030249
:1008A0000F6BD700FF00000040290020000000006F
:1008B000E80300000000000000401940AC65002083
:1008C0000000000021880020E187002000000000D7
:1008D0000000000028000000400000002800000088
:1008E00040000000000000000000000000000000C8
:1008F00000000000000000000000000000000000F8
:1009000000000000000000002C0700200000000094
:10091000E80300000000000000000000FF000000ED
:10092000007B9A1703300000C3DA35002C07002043
:1009300000000000E80300000000000000000000CC
:100940000718000033D001000000000074C00F4001
:100950000C000000220000000100000048851F403C
:1009600001000000300000000200000048851F4028
:100970000000000023000000010000004C851F4023
:1009800001000000FF000000FF0000000000000068
:100990000000000032024000260018007B0000002A
:1009A000FFFFFFFF0129000000003A40D430002083
:1009B0000000000000000000000000000000000037
:1009C0000000000000000000000000000000000027
:1009D0000000000000000000000000000000000017
:1009E0000000000000000000000000000000000007
:1009F0000000000000000000B430002000000000F3
:100A0000E803000000000000052000010008000FBE
:100A1000C000000000000000008002420C00000046
:100A20000029DE0755D4010055D4010055D401003A
:100A300055D4010055D4010055D4010055D401000E
:100A400055D4010055D4010055D4010055D40100FE
:100A500055D4010055D4010055D4010055D40100EE
:100A600055D4010055D4010055D4010055D40100DE
:100A700055D4010055D4010055D4010055D40100CE
:100A800055D4010055D4010055D4010055D40100BE
:100A900055D4010055D4010055D4010055D40100AE
:100AA00055D4010055D4010055D4010055D401009E
:100AB00055D4010055D4010055D4010055D401008E
:100AC00055D4010055D4010055D4010055D401007E
:100AD00055D4010055D4010055D4010055D401006E
:100AE00055D4010055D4010055D4010055D401005E
:100AF00055D4010055D4010055D4010055D401004E
:100B000055D4010055D4010055D4010055D401003D
:100B100055D4010055D4010055D4010055D401002D
:100B200055D4010055D4010055D4010055D401001D
:100B300055D4010055D4010055D4010055D401000D
:100B400055D4010055D4010055D4010055D40100FD
:100B500055D4010055D4010055D4010055D40100ED
:100B600055D4010055D4010055D4010055D40100DD
:100B700055D4010055D4010055D4010055D40100CD
:100B800055D4010055D4010055D4010055D40100BD
:100B900055D4010055D4010055D4010055D40100AD
:100BA00055D4010055D4010055D4010055D401009D
:100BB00055D4010055D4010055D4010055D401008D
:100BC00055D4010055D4010055D4010055D401007D
:100BD00055D4010055D4010055D4010055D401006D
:100BE00055D4010055D4010055D4010055D401005D
:100BF00055D4010055D4010055D4010055D401004D
:100C000055D4010055D4010055D4010055D401003C
:100C100055D4010055D4010055D4010055D401002C
:100C200055D4010000CA2620243200200C03000005
:100C300000000000000000000000000000000000B4
:100C40000000280000000001040001000000000076
:100C50000000020157494E555342000000000000B9
:100C60000000000000000000000012034D005300CF
:100C700046005400310030003000F800120100023C
:100C8000EF020140C016830480020102030100004C
:100C900000000000000000000300000078100520A4
:100CA0000000000078100520E01005204811052004
:100CB0000000000000000000000000000000000034
:100CC0000000000000000000000000000000000024
:100CD0000000000000000000000000000000000014
:100CE0000000000000000000000000000C6900206F
:100CF000A0400020A0400020C011052000000000FE
:100D000000000000000000000000000000000000E3
:100D100000000000000000000000000000000000D3
:100D200000000000000000000000000000000000C3
:100D300000000000000000000000000000000000B3
:100D400000000000000000000000000000000000A3
:100D50000000000000000000000000000000000093
:100D60000000000000000000000000000000000083
:100D70000000000000000000000000000000000073
:100D80000000000000000000000000000000000063
:100D90000000000000000000000000000000000053
:100DA0000000000000000000000000000000000043
:100DB0000000000000000000000000000000000033
:100DC0000000000000000000000000000000000023
:100DD0000000000000000000000000000000000013
:100DE0000000000000000000000000000000000003
:100DF00000000000000000000000000000000000F3
:100E000000000000000000000000000000000000E2
:100E100000000000000000000000000000000000D2
:100E200000000000000000000000000000000000C2
:100E300000000000000000000000000000000000B2
:100E400000000000000000000000000000000000A2
:100E50000000000000000000000000000000000092
:100E60000000000000000000000000000000000082
:100E70000000000000000000000000000000000072
:100E80000000000000000000000000000000000062
:100E90000000000000000000000000000000000052
:100EA0000000000000000000000000000000000042
:100EB0000000000000000000000000000000000032
:100EC0000000000000000000000000000000000022
:100ED0000000000000000000000000000000000012
:100EE0000000000000000000000000000000000002
:100EF00000000000000000000000000000000000F2
:100F000000000000000000000000000000000000E1
:100F100000000000000000000000000000000000D1
:100F200000000000000000000000000000000000C1
:100F300000000000000000000000000000000000B1
:100F400000000000000000000000000000000000A1
:100F50000000000000000000000000000000000091
:100F60000000000000000000000000000000000081
:100F70000000000000000000000000000000000071
:100F80000000000000000000000000000000000061
:100F90000000000000000000000000000000000051
:100FA0000000000000000000000000000000000041
:100FB0000000000000000000000000000000000031
:100FC0000000000000000000000000000000000021
:100FD0000000000000000000000000000000000011
:100FE0000000000000000000000000000000000001
:100FF00000000000000000000000000000000000F1
:1010000000000000000000000000000000000000E0
:1010100000000000000000000000000000000000D0
:1010200000000000000000000000000000000000C0
:1010300000000000000000000000000000000000B0
:1010400000000000000000000000000000000000A0
:101050000000000000000000000000000000000090
:101060000000000000000000000000000000000080
:101070000000000000000000000000000000000070
:101080000000000000000000000000000000000060
:101090000000000000000000000000000000000050
:1010A0000000000000000000000000000000000040
:1010B0000000000000000000000000000000000030
:1010C0000000000000000000000000000000000020
:1010D0000000000000000000000000000000000010
:1010E0000000000000000000000000000000000000
:1010F00000000000000000000000000000000000F0
:1011000000000000000000000000000000000000DF
:1011100000000000000000000000000000000000CF
:1011200000000000000000000000000000000000BF
:1011300000000000000000000000000000000000AF
:10114000000000000000000000000000000000009F
:10115000000000000000000000000000000000008F
:10116000000000000000000000000000000000007F
:10117000000000000000000000000000000000006F
:10118000000000000000000000000000000000005F
:10119000000000000000000000000000000000004F
:1011A000000000000000000000000000000000003F
:1011B000000000000000000000000000000000002F
:1011C000000000000000000000000000000000001F
:1011D000000000000000000000000000000000000F
:1011E00000000000000000000000000000000000FF
:1011F00000000000000000000000000000000000EF
:1012000000000000000000000000000000000000DE
:1012100000000000000000000000000000000000CE
:1012200000000000000000000000000000000000BE
:1012300000000000000000000000000000000000AE
:10124000000000000000000000000000000000009E
:04125000000000009A
:10125400FFFFFFFFFFFFFFFFFFFFFFFFFFFFFFFF9A
:10126400FFFFFFFFFFFFFFFFFFFFFFFFFFFFFFFF8A
:10127400FFFFFFFFFFFFFFFFFFFFFFFFFFFFFFFF7A
:10128400FFFFFFFFFFFFFFFFFFFFFFFFFFFFFFFF6A
:10129400FFFFFFFFFFFFFFFFFFFFFFFFFFFFFFFF5A
:1012A400FFFFFFFFFFFFFFFFFFFFFFFFFFFFFFFF4A
:1012B400FFFFFFFFFFFFFFFFFFFFFFFFFFFFFFFF3A
:1012C400FFFFFFFFFFFFFFFFFFFFFFFFFFFFFFFF2A
:1012D400FFFFFFFFFFFFFFFFFFFFFFFFFFFFFFFF1A
:1012E400FFFFFFFFFFFFFFFFFFFFFFFFFFFFFFFF0A
:1012F400FFFFFFFFFFFFFFFFFFFFFFFFFFFFFFFFFA
:10130400FFFFFFFFFFFFFFFFFFFFFFFFFFFFFFFFE9
:10131400FFFFFFFFFFFFFFFFFFFFFFFFFFFFFFFFD9
:10132400FFFFFFFFFFFFFFFFFFFFFFFFFFFFFFFFC9
:10133400FFFFFFFFFFFFFFFFFFFFFFFFFFFFFFFFB9
:10134400FFFFFFFFFFFFFFFFFFFFFFFFFFFFFFFFA9
:10135400FFFFFFFFFFFFFFFFFFFFFFFFFFFFFFFF99
:10136400FFFFFFFFFFFFFFFFFFFFFFFFFFFFFFFF89
:10137400FFFFFFFFFFFFFFFFFFFFFFFFFFFFFFFF79
:10138400FFFFFFFFFFFFFFFFFFFFFFFFFFFFFFFF69
:10139400FFFFFFFFFFFFFFFFFFFFFFFFFFFFFFFF59
:1013A400FFFFFFFFFFFFFFFFFFFFFFFFFFFFFFFF49
:1013B400FFFFFFFFFFFFFFFFFFFFFFFFFFFFFFFF39
:1013C400FFFFFFFFFFFFFFFFFFFFFFFFFFFFFFFF29
:1013D400FFFFFFFFFFFFFFFFFFFFFFFFFFFFFFFF19
:1013E400FFFFFFFFFFFFFFFFFFFFFFFFFFFFFFFF09
:1013F400FFFFFFFFFFFFFFFFFFFFFFFF00000000F5
:1014040000000000000000000000000000000000D8
:1014140000000000000000000000000000000000C8
:1014240000000000000000000000000000000000B8
:1014340000000000000000000000000000000000A8
:101444000000000000000000000000000000000098
:101454000000000000000000000000000000000088
:101464000000000000000000000000000000000078
:101474000000000000000000000000000000000068
:101484000000000000000000000000000000000058
:101494000000000000000000000000000000000048
:1014A4000000000000000000000000000000000038
:1014B4000000000000000000000000000000000028
:1014C4000000000000000000000000000000000018
:1014D4000000000000000000000000000000000008
:1014E40000000000000000000000000000000000F8
:1014F40000000000000000000000000000000000E8
:1015040000000000000000000000000000000000D7
:1015140000000000000000000000000000000000C7
:1015240000000000000000000000000000000000B7
:1015340000000000000000000000000000000000A7
:101544000000000000000000000000000000000097
:101554000000000000000000000000000000000087
:101564000000000000000000000000000000000077
:101574000000000000000000000000000000000067
:101584000000000000000000000000000000000057
:101594000000000000000000000000000000000047
:1015A4000000000000000000000000000000000037
:1015B4000000000000000000000000000000000027
:1015C4000000000000000000000000000000000017
:1015D4000000000000000000000000000000000007
:1015E40000000000000000000000000000000000F7
:1015F40000000000000000000000000000000000E7
:1016040000000000000000000000000000000000D6
:1016140000000000000000000000000000000000C6
:1016240000000000000000000000000000000000B6
:1016340000000000000000000000000000000000A6
:101644000000000000000000000000000000000096
:101654000000000000000000000000000000000086
:101664000000000000000000000000000000000076
:101674000000000000000000000000000000000066
:101684000000000000000000000000000000000056
:101694000000000000000000000000000000000046
:1016A4000000000000000000000000000000000036
:1016B4000000000000000000000000000000000026
:1016C4000000000000000000000000000000000016
:1016D4000000000000000000000000000000000006
:1016E40000000000000000000000000000000000F6
:1016F40000000000000000000000000000000000E6
:1017040000000000000000000000000000000000D5
:1017140000000000000000000000000000000000C5
:1017240000000000000000000000000000000000B5
:1017340000000000000000000000000000000000A5
:101744000000000000000000000000000000000095
:101754000000000000000000000000000000000085
:101764000000000000000000000000000000000075
:101774000000000000000000000000000000000065
:101784000000000000000000000000000000000055
:101794000000000000000000000000000000000045
:1017A4000000000000000000000000000000000035
:1017B4000000000000000000000000000000000025
:1017C4000000000000000000000000000000000015
:1017D4000000000000000000000000000000000005
:1017E40000000000000000000000000000000000F5
:1017F40000000000000000000000000000000000E5
:1018040000000000000000000000000000000000D4
:1018140000000000000000000000000000000000C4
:1018240000000000000000000000000000000000B4
:1018340000000000000000000000000000000000A4
:101844000000000000000000000000000000000094
:101854000000000000000000000000000000000084
:101864000000000000000000000000000000000074
:101874000000000000000000000000000000000064
:101884000000000000000000000000000000000054
:101894000000000000000000000000000000000044
:1018A4000000000000000000000000000000000034
:1018B4000000000000000000000000000000000024
:1018C4000000000000000000000000000000000014
:1018D4000000000000000000000000000000000004
:1018E40000000000000000000000000000000000F4
:1018F40000000000000000000000000000000000E4
:1019040000000000000000000000000000000000D3
:1019140000000000000000000000000000000000C3
:1019240000000000000000000000000000000000B3
:1019340000000000000000000000000000000000A3
:101944000000000000000000000000000000000093
:101954000000000000000000000000000000000083
:101964000000000000000000000000000000000073
:101974000000000000000000000000000000000063
:101984000000000000000000000000000000000053
:101994000000000000000000000000000000000043
:1019A4000000000000000000000000000000000033
:1019B4000000000000000000000000000000000023
:1019C4000000000000000000000000000000000013
:1019D4000000000000000000000000000000000003
:1019E40000000000000000000000000000000000F3
:1019F40000000000000000000000000000000000E3
:101A040000000000000000000000000000000000D2
:101A140000000000000000000000000000000000C2
:101A240000000000000000000000000000000000B2
:101A340000000000000000000000000000000000A2
:101A44000000000000000000000000000000000092
:101A54000000000000000000000000000000000082
:101A64000000000000000000000000000000000072
:101A74000000000000000000000000000000000062
:101A84000000000000000000000000000000000052
:101A94000000000000000000000000000000000042
:101AA4000000000000000000000000000000000032
:101AB4000000000000000000000000000000000022
:101AC4000000000000000000000000000000000012
:101AD4000000000000000000000000000000000002
:101AE40000000000000000000000000000000000F2
:101AF40000000000000000000000000000000000E2
:101B040000000000000000000000000000000000D1
:101B140000000000000000000000000000000000C1
:101B240000000000000000000000000000000000B1
:101B340000000000000000000000000000000000A1
:101B44000000000000000000000000000000000091
:101B54000000000000000000000000000000000081
:101B64000000000000000000000000000000000071
:101B74000000000000000000000000000000000061
:101B84000000000000000000000000000000000051
:101B94000000000000000000000000000000000041
:101BA4000000000000000000000000000000000031
:101BB4000000000000000000000000000000000021
:101BC4000000000000000000000000000000000011
:101BD4000000000000000000000000000000000001
:101BE40000000000000000000000000000000000F1
:101BF40000000000000000000000000000000000E1
:101C040000000000000000000000000000000000D0
:101C140000000000000000000000000000000000C0
:101C240000000000000000000000000000000000B0
:101C340000000000000000000000000000000000A0
:101C44000000000000000000000000000000000090
:101C54000000000000000000000000000000000080
:101C64000000000000000000000000000000000070
:101C74000000000000000000000000000000000060
:101C84000000000000000000000000000000000050
:101C94000000000000000000000000000000000040
:101CA4000000000000000000000000000000000030
:101CB4000000000000000000000000000000000020
:101CC4000000000000000000000000000000000010
:101CD4000000000000000000000000000000000000
:101CE40000000000000000000000000000000000F0
:101CF40000000000000000000000000000000000E0
:101D040000000000000000000000000000000000CF
:101D140000000000000000000000000000000000BF
:101D240000000000000000000000000000000000AF
:101D3400000000000000000000000000000000009F
:101D4400000000000000000000000000000000008F
:101D5400000000000000000000000000000000007F
:101D6400000000000000000000000000000000006F
:101D7400000000000000000000000000000000005F
:101D8400000000000000000000000000000000004F
:101D9400000000000000000000000000000000003F
:101DA400000000000000000000000000000000002F
:101DB400000000000000000000000000000000001F
:101DC400000000000000000000000000000000000F
:101DD40000000000000000000000000000000000FF
:101DE40000000000000000000000000000000000EF
:101DF40000000000000000000000000000000000DF
:101E040000000000000000000000000000000000CE
:101E140000000000000000000000000000000000BE
:101E240000000000000000000000000000000000AE
:101E3400000000000000000000000000000000009E
:101E4400000000000000000000000000000000008E
:101E5400000000000000000000000000000000007E
:101E6400000000000000000000000000000000006E
:101E7400000000000000000000000000000000005E
:101E8400000000000000000000000000000000004E
:101E9400000000000000000000000000000000003E
:101EA400000000000000000000000000000000002E
:101EB400000000000000000000000000000000001E
:101EC400000000000000000000000000000000000E
:101ED40000000000000000000000000000000000FE
:101EE40000000000000000000000000000000000EE
:101EF40000000000000000000000000000000000DE
:101F040000000000000000000000000000000000CD
:101F140000000000000000000000000000000000BD
:101F240000000000000000000000000000000000AD
:101F3400000000000000000000000000000000009D
:101F4400000000000000000000000000000000008D
:101F5400000000000000000000000000000000007D
:101F6400000000000000000000000000000000006D
:101F7400000000000000000000000000000000005D
:101F8400000000000000000000000000000000004D
:101F9400000000000000000000000000000000003D
:101FA400000000000000000000000000000000002D
:101FB400000000000000000000000000000000001D
:101FC400000000000000000000000000000000000D
:101FD40000000000000000000000000000000000FD
:101FE40000000000000000000000000000000000ED
:0C1FF400000000000000000000000000E1
:040000056000100087
:00000001FF
